A320-214,05/26/1999,AIRBUS INDUSTRIE,105,0,3191.0,40828.9558
737-3TO,07/01/1997,BOEING,1711,0,1172.0,13119.33968
747-422,01/26/1998,BOEING,40,0,257.0,3809.30778
747-451,10/15/2007,BOEING,145,0,718.0,7497.91506
747-422,08/24/1998,BOEING,145,0,410.0,4527.07342
A320-214,09/03/1999,AIRBUS INDUSTRIE,136,0,2652.0,34035.93166
A320-214,09/10/1999,AIRBUS INDUSTRIE,136,0,2827.0,34793.9308
A320-214,01/18/2000,AIRBUS INDUSTRIE,136,0,1481.0,18634.54786
A320-214,01/24/2000,AIRBUS INDUSTRIE,4,0,448.0,5851.56024
737-524,07/20/1994,BOEING,621,0,540.0,5354.27418
737-524,08/29/1997,BOEING,621,0,842.0,9932.84648
737-524,12/31/1997,BOEING,1211,0,381.0,4757.20904
737-524,02/22/2008,BOEING,1654,0,1545.0,19831.896819999998
747-422,12/29/1998,BOEING,62,0,551.0,7718.3946399999995
747-422,02/01/1999,BOEING,145,0,1043.0,12913.34416
747-422,03/31/1999,BOEING,1065,0,134.0,1556.23178
767-332,04/13/1998,BOEING,1982,1,1158.0,13494.3159
767-332,04/22/1998,BOEING,127,1,768.0,8207.634
747-422,04/13/1999,BOEING,145,0,370.0,4527.07342
757-224,12/07/1994,BOEING,1637,0,2580.0,29531.389
757-224,03/29/1996,BOEING,157,0,358.0,4127.9571
757-224,02/02/1998,BOEING,1637,0,2208.0,26019.809119999998
767-332,06/09/1987,BOEING,2159,0,3638.0,41710.87412
747-422,04/23/1999,BOEING,147,0,909.0,11357.11238
737-824,08/05/1998,BOEING,1422,0,3744.0,44482.1576
737-824,08/17/1998,BOEING,159,0,2232.0,25820.25096
737-824,12/02/1998,BOEING,741,0,2262.0,25855.65644
737-824,12/22/1998,BOEING,159,0,3435.0,42880.8643
737-824,10/12/1999,BOEING,159,0,2157.0,25155.59354
747-422,06/15/1999,BOEING,40,0,384.0,5365.53956
737-3TO,10/18/1985,BOEING,1683,0,731.0,7995.20112
737-3TO,07/18/2006,BOEING,1863,0,652.0,6749.57196
737-3TO,07/18/2006,BOEING,589,0,481.0,5587.62848
737-3TO,06/30/1997,BOEING,1711,0,1319.0,13993.211299999999
737-3TO,05/05/2004,BOEING,775,0,382.0,4573.74428
737-3TO,10/04/2006,BOEING,1683,0,663.0,7089.1427
767-332,11/25/1987,BOEING,324,0,3760.0,44955.30356
767-332,02/06/2008,BOEING,2159,0,3864.0,44449.9708
767-332,02/04/2008,BOEING,2159,0,3933.0,46223.46348
767-332,07/11/1988,BOEING,2159,0,3952.0,46701.43746
767-332,07/13/1988,BOEING,2159,0,4872.0,57418.03252
767-332,07/11/1988,BOEING,1063,0,3856.0,44522.3911
DC-9-31,06/17/2004,DOUGLAS,708,0,206.0,3728.84078
767-332,03/06/2007,BOEING,229,0,3177.0,35954.26494
757-224,12/08/1994,BOEING,1637,0,2063.0,24395.98506
757-224,04/12/1995,BOEING,1669,0,1299.0,15396.55578
757-224,06/02/2000,BOEING,1637,0,1550.0,17636.75706
767-332,11/19/2007,BOEING,2159,1,3246.0,38756.12588
737-824,12/07/1999,BOEING,1422,0,2206.0,25483.8989
767-332,02/15/1991,BOEING,2159,0,3685.0,43045.01698
DC-9-31,12/22/1986,MCDONNELL DOUGLAS,1802,0,167.0,1936.03602
DC-9-31,12/22/1986,DOUGLAS,874,0,245.0,2471.94624
767-332,02/14/1991,BOEING,229,0,2750.0,32447.51308
767-332,02/26/1991,BOEING,229,1,4079.0,49411.56602
767-332,06/06/1991,BOEING,229,0,3765.0,43989.69956
737-524,02/07/1995,BOEING,621,0,407.0,4560.86956
767-332,06/18/1991,BOEING,2159,2,3416.0,40825.73712
737-724,12/07/1998,BOEING,771,0,2174.0,25038.11172
737-724,01/26/1999,BOEING,449,0,2854.0,33099.29578
737-724,03/01/1999,BOEING,1041,0,3267.0,38239.52774
737-724,06/07/1999,BOEING,1453,0,2736.0,30862.31318
767-332,11/01/1991,BOEING,2178,0,2719.0,31311.31904
767-332,01/21/1992,BOEING,2159,0,3675.0,42578.30838
767-332,05/11/1992,BOEING,229,1,3197.0,36400.05212
767-332,09/29/1993,BOEING,2159,0,3812.0,46546.940819999996
767-332,03/24/2008,BOEING,2159,0,3124.0,36966.5398
757-224,06/03/1994,BOEING,157,0,660.0,8255.9142
757-224,09/23/1994,BOEING,1669,0,1780.0,20659.09758
757-224,10/17/1994,BOEING,1859,0,415.0,4871.47218
757-224,08/15/1995,BOEING,157,0,1408.0,16511.8284
757-224,03/28/1997,BOEING,1507,0,1567.0,18027.82668
757-224,08/05/1997,BOEING,1637,0,1692.0,19651.65074
757-224,08/01/1997,BOEING,1507,0,1372.0,15885.79514
737-824,07/27/1998,BOEING,1422,0,2508.0,31546.28268
737-824,08/28/1998,BOEING,159,0,2021.0,23238.869599999998
737-824,06/17/1999,BOEING,535,0,4402.0,49308.56826
737-824,06/22/1999,BOEING,151,0,2061.0,24058.02366
737-824,09/22/1999,BOEING,749,0,3473.0,40676.0685
737-824,10/26/1999,BOEING,159,0,1652.0,19981.56544
737-824,06/02/2000,BOEING,1422,0,3305.0,40676.0685
737-3TO,09/24/1985,BOEING,1264,0,301.0,2824.3917
737-3TO,02/17/2004,BOEING,1711,0,1132.0,12678.38052
737-3TO,07/01/1997,BOEING,1863,0,1926.0,20873.1398
737-3TO,05/21/2008,BOEING,1683,0,640.0,6577.37258
737-3TO,09/02/1997,BOEING,1863,0,266.0,2845.31312
737-3TO,09/02/1997,BOEING,1975,0,309.0,3315.2404
737-3TO,06/20/2007,BOEING,1683,0,1346.0,14775.35054
737-3TO,04/17/2007,BOEING,1828,0,1603.0,18307.85184
737-3TO,04/17/2007,BOEING,1975,0,476.0,5919.15252
737-3TO,04/17/2007,BOEING,1863,0,3121.0,35645.27166
737-3TO,09/15/1987,BOEING,1828,0,1074.0,11994.41102
737-3TO,10/16/1987,BOEING,776,0,294.0,3374.78598
737-3TO,03/22/2001,BOEING,1828,0,564.0,6447.0160399999995
767-332,10/16/1998,BOEING,229,0,3842.0,45005.1931
767-332,05/14/1999,BOEING,2159,0,3408.0,41232.90014
737-524,02/11/1994,BOEING,1605,0,1225.0,13977.1179
737-524,02/16/1994,BOEING,1652,0,720.0,8674.3426
737-524,03/02/1994,BOEING,621,0,1062.0,12398.35536
737-524,05/05/1994,BOEING,259,0,1498.0,17857.23664
737-524,07/26/1994,BOEING,1873,0,1596.0,20057.20442
737-524,04/19/1995,BOEING,1907,0,1288.0,13915.96298
737-524,05/30/1995,BOEING,1685,0,622.0,6245.84854
737-524,08/01/1997,BOEING,643,0,508.0,5812.93608
737-524,10/01/1997,BOEING,621,0,467.0,4663.86732
737-524,01/23/1998,BOEING,1654,0,952.0,10827.63952
737-524,01/27/1998,BOEING,589,0,815.0,9332.56266
737-524,02/11/1998,BOEING,1873,0,1070.0,12218.10928
737-524,02/12/1998,BOEING,251,0,1305.0,16000.05828
737-524,05/15/2008,BOEING,1654,0,1720.0,21629.5296
737-524,10/01/1998,BOEING,1654,0,581.0,7576.77272
737-524,10/20/1998,BOEING,1211,0,909.0,9828.239379999999
737-724,04/27/1998,BOEING,1847,0,3306.0,37969.15862
737-724,09/30/1999,BOEING,449,0,4831.0,54392.47332
737-724,09/23/1999,BOEING,771,0,3944.0,44934.38214
767-3P6,04/22/1997,BOEING,1982,0,1846.0,21143.50892
767-3P6,02/14/1997,BOEING,1982,0,1290.0,15203.43498
737-3G7,08/25/1999,BOEING,2294,1,6680.0,69473.59846
767-3P6,05/01/1997,BOEING,1982,0,1488.0,16923.81944
737-3G7,08/25/1999,BOEING,2458,0,7889.0,83536.01138
767-3P6,06/13/1997,BOEING,1994,0,361.0,4103.817
737-524,02/04/2008,BOEING,251,0,1017.0,12440.1982
737-3G7,08/25/1999,BOEING,2458,0,8846.0,96557.18132
767-3P6,07/22/1997,BOEING,1982,0,1192.0,13552.25214
737-724,09/01/1998,BOEING,1847,0,3177.0,36348.55324
737-724,09/25/1998,BOEING,771,0,4084.0,45957.922379999996
737-3G7,08/25/1999,BOEING,2456,2,8698.0,93222.62884
737-3G7,08/25/1999,BOEING,2458,4,8039.0,88726.13288
767-332,01/25/1999,BOEING,1989,0,727.0,8323.50648
767-332,02/08/1999,BOEING,1982,1,1311.0,15037.67296
767-332,04/29/1999,BOEING,1982,0,477.0,5457.27194
767-332,08/16/1999,BOEING,1982,0,2174.0,25810.59492
767-332,06/14/1999,BOEING,1982,0,1010.0,12688.03656
737-3G7,02/28/2006,BOEING,2456,4,8615.0,93068.1322
737-824,08/03/1998,BOEING,1422,0,3893.0,45286.8276
737-824,08/06/1999,BOEING,1422,0,2959.0,36768.59098
737-3TO,04/07/2006,BOEING,589,0,833.0,9330.95332
737-3TO,09/26/1985,BOEING,1863,0,909.0,10362.54026
737-3TO,03/28/2001,BOEING,1683,0,2009.0,23316.11792
737-33A,07/06/2006,BOEING,2458,2,8173.0,87018.62314
737-524,04/07/1994,BOEING,621,0,990.0,11064.2125
737-524,09/27/1994,BOEING,1685,0,1558.0,17387.30936
737-524,07/12/1995,BOEING,765,0,1005.0,10843.73292
737-524,09/18/1997,BOEING,251,0,1809.0,21143.50892
737-524,12/02/1997,BOEING,1847,0,1728.0,20551.2718
737-524,11/25/1997,BOEING,621,0,445.0,5236.79236
737-524,12/05/1997,BOEING,621,0,877.0,8872.29142
737-524,12/22/1997,BOEING,251,0,1639.0,18529.94076
737-524,12/24/1997,BOEING,1897,0,909.0,10130.7953
737-33A,07/06/2006,BOEING,2294,2,8234.0,88306.09514
737-724,03/30/1998,BOEING,1863,0,3293.0,38662.78416
737-724,04/08/1998,BOEING,1847,0,3174.0,38128.48328
737-724,09/01/1998,BOEING,741,0,3137.0,36234.2901
737-724,09/25/1998,BOEING,771,0,3492.0,41042.99802
737-724,08/25/1999,BOEING,1041,0,4518.0,51548.76954
737-33A,07/06/2006,BOEING,2294,3,9072.0,96861.34658
767-332,06/19/1998,BOEING,127,0,804.0,8754.8096
757-224,08/01/1994,BOEING,1669,0,1109.0,12638.14702
757-224,08/19/1994,BOEING,1507,0,1229.0,14389.10894
757-224,08/14/1997,BOEING,1507,0,1173.0,13381.6621
757-224,02/20/1998,BOEING,1669,0,1580.0,18027.82668
757-224,03/20/1998,BOEING,157,0,717.0,8255.9142
757-224,12/23/1998,BOEING,157,0,656.0,8255.9142
767-332,06/12/1990,BOEING,1982,0,2202.0,26106.71348
767-332,09/14/1998,BOEING,2159,1,5605.0,68033.23916
737-824,06/07/1999,BOEING,1422,0,3212.0,40682.50586
737-824,07/27/1999,BOEING,1422,0,2918.0,35439.27614
737-824,11/03/1999,BOEING,749,0,3096.0,37998.12674
737-824,11/08/1999,BOEING,1422,0,3948.0,45227.28202
767-332,06/25/1990,BOEING,1982,0,1778.0,20538.39708
767-332,09/25/1998,BOEING,229,0,3400.0,40722.73936
737-3TO,02/17/2004,BOEING,1711,0,1679.0,18423.72432
737-3TO,06/13/2008,BOEING,1828,0,771.0,8852.97934
737-3TO,08/08/1986,BOEING,1828,0,616.0,6801.07084
737-3TO,07/16/2004,BOEING,1043,0,131.0,1351.8456
737-3TO,04/17/2007,BOEING,1711,0,1094.0,12176.26644
737-3TO,04/17/2007,BOEING,1711,0,2195.0,23916.40174
737-3TO,09/02/2004,BOEING,775,0,1139.0,13077.49684
767-332,07/03/1990,BOEING,1982,0,1403.0,16716.21458
767-332,11/03/1998,BOEING,2159,0,3632.0,44177.99234
747-422,08/19/2004,BOEING,145,0,2519.0,31385.34868
767-332,07/25/1990,BOEING,1994,0,1164.0,12990.59248
767-332,11/06/1998,BOEING,2159,1,4457.0,53401.11988
747-422,01/23/1990,BOEING,145,0,2465.0,33841.20152
737-33A,07/05/2006,BOEING,2454,3,7277.0,78971.92314
767-332,07/27/1990,BOEING,1982,1,1458.0,16791.85356
767-332,03/05/1999,BOEING,229,0,4433.0,53671.489
747-422,02/24/2006,BOEING,157,0,1789.0,24149.75604
737-524,10/28/1994,BOEING,5,0,1050.0,12115.11152
737-524,02/21/1995,BOEING,629,0,147.0,1284.25332
737-524,04/14/1995,BOEING,1847,0,2094.0,23697.5315
737-524,08/27/1997,BOEING,643,0,967.0,11244.45858
737-524,09/30/1997,BOEING,1656,0,1652.0,16944.74086
737-524,08/11/1998,BOEING,1654,0,1055.0,12438.58886
767-332,01/08/1991,BOEING,1982,0,2168.0,24886.83376
767-332,04/22/1999,BOEING,229,0,4971.0,59136.80764
737-724,02/04/1999,BOEING,1847,0,3300.0,39789.32216
737-724,09/23/1999,BOEING,771,0,4404.0,49904.02406
767-332,01/23/1991,BOEING,1982,3,1483.0,17281.09292
767-332,05/07/1999,BOEING,2159,0,4113.0,48920.71732
747-422,03/01/2006,BOEING,145,0,486.0,6830.03896
767-332,05/22/2007,BOEING,1982,0,1070.0,12480.4317
747-422,12/27/2005,BOEING,62,0,801.0,10830.8582
DC-9-31,12/22/1986,DOUGLAS,876,0,409.0,4543.16682
767-332,10/10/2007,BOEING,1982,0,2548.0,29180.55288
747-422,02/23/2006,BOEING,40,0,810.0,10780.96866
767-332,02/26/2007,BOEING,1989,0,663.0,8323.50648
747-422,02/27/2006,BOEING,147,0,865.0,12145.68898
757-224,02/02/1995,BOEING,1637,0,1681.0,19524.51288
757-224,05/14/1997,BOEING,1669,0,1958.0,21891.85202
767-332,02/07/2007,BOEING,1989,0,709.0,8323.50648
747-422,02/22/2006,BOEING,40,0,535.0,6921.77134
737-824,11/06/1998,BOEING,1422,0,4305.0,52802.4454
737-824,12/18/1998,BOEING,749,0,1957.0,22709.39674
737-824,10/27/1999,BOEING,159,0,3215.0,41047.82604
767-332,11/10/1992,BOEING,127,0,389.0,4161.75324
747-422,10/25/1991,BOEING,1065,0,131.0,1556.23178
737-3TO,07/18/2006,BOEING,1683,0,883.0,10671.53354
767-332,05/03/1993,BOEING,127,0,1368.0,16647.01296
767-332,12/20/2004,BOEING,1982,1,2114.0,24965.69142
767-332,05/03/1995,BOEING,1989,0,1102.0,12708.95798
737-524,06/15/1994,BOEING,1605,0,632.0,7219.49924
737-524,12/09/1994,BOEING,1421,0,313.0,2969.2323
737-524,06/26/1998,BOEING,1873,0,1451.0,18737.54562
767-332,07/07/1995,BOEING,1991,0,1483.0,16457.11084
767-332,06/20/1996,BOEING,1989,1,732.0,8265.57024
767-332,10/18/1996,BOEING,1991,0,1394.0,15893.84184
767-332,03/27/1997,BOEING,1989,0,1035.0,12369.38724
757-224,04/25/1996,BOEING,157,0,1120.0,12383.8713
757-224,05/08/1998,BOEING,1507,0,1074.0,12638.14702
757-224,03/22/1999,BOEING,1637,0,1125.0,12638.14702
767-332,04/10/1997,BOEING,1982,0,1365.0,16315.48892
767-332,06/27/1997,BOEING,1989,0,351.0,4161.75324
737-3TO,03/22/2001,BOEING,1863,0,612.0,6698.07308
767-332,08/22/1997,BOEING,127,0,1413.0,17210.28196
767-332,10/02/1997,BOEING,57,0,410.0,4443.38774
767-332,10/02/1997,BOEING,1991,1,374.0,4161.75324
747-422,07/17/2007,BOEING,40,0,438.0,5365.53956
737-524,12/06/1994,BOEING,621,0,929.0,11836.6957
737-524,01/27/1995,BOEING,1652,0,801.0,9763.86578
737-524,08/01/1997,BOEING,1798,0,1077.0,10953.16804
767-332,11/03/1997,BOEING,1982,0,2543.0,29880.61578
747-422,07/10/2007,BOEING,40,0,864.0,13034.04466
767-332,12/24/1997,BOEING,1982,0,1459.0,16642.18494
747-422,07/12/2007,BOEING,145,0,761.0,10639.346739999999
767-332,02/03/1998,BOEING,1989,1,1419.0,16870.71122
767-332,03/05/1998,BOEING,1994,0,2334.0,25981.18496
747-422,09/17/1997,BOEING,62,0,557.0,7718.3946399999995
150,04/14/1992,CESSNA,2235,0,3092.0,34185.60028
421C,02/12/1996,CESSNA,1929,0,4161.0,46538.89412
737-322,03/29/2006,BOEING,337,0,1402.0,16653.45032
737-322,03/29/2006,BOEING,1034,0,2559.0,29563.5758
777-222,02/04/1999,BOEING,1849,0,953.0,11168.8196
777-222,05/19/1999,BOEING,1529,0,1170.0,13091.9809
DC-9-82(MD-82),04/23/2001,MCDONNELL DOUGLAS,893,0,1868.0,20475.63282
DC-9-82(MD-82),12/30/1999,MCDONNELL DOUGLAS,1633,0,1470.0,19384.5003
777-222,12/17/1999,BOEING,1529,0,692.0,8148.08842
757-224,11/08/1994,BOEING,1637,0,2700.0,31028.0752
DC-9-82(MD-82),01/13/2005,MCDONNELL DOUGLAS,527,0,1835.0,21669.7631
737-724,04/23/1999,BOEING,771,0,2683.0,30282.95078
DC-9-82(MD-82),12/30/1999,MCDONNELL DOUGLAS,527,0,1573.0,18492.92594
DC-9-82(MD-82),02/09/2005,MCDONNELL DOUGLAS,527,0,1037.0,12385.48064
DC-9-82(MD-82),03/10/2005,MCDONNELL DOUGLAS,851,0,1822.0,19733.72708
DC-9-82(MD-82),01/09/1984,MCDONNELL DOUGLAS,1593,0,1493.0,16539.18718
DC-9-82(MD-82),08/12/2004,MCDONNELL DOUGLAS,1419,0,1359.0,15462.53872
DC-9-82(MD-82),01/04/2002,MCDONNELL DOUGLAS,1929,0,1843.0,23180.93336
DC-9-82(MD-82),01/04/2005,MCDONNELL DOUGLAS,339,0,1465.0,17818.61248
737-524,07/22/1998,BOEING,1654,0,1643.0,20000.87752
DC-9-82(MD-82),01/29/2008,MCDONNELL DOUGLAS,709,0,1771.0,20523.91302
737-724,05/28/1998,BOEING,449,0,5034.0,58787.58086
737-724,06/02/1998,BOEING,771,0,3514.0,41076.79416
737-724,03/10/1999,BOEING,1847,0,3411.0,38907.40384
DC-9-82(MD-82),01/29/2008,MCDONNELL DOUGLAS,1593,0,2004.0,23755.46774
DC-9-82(MD-82),01/31/2008,MCDONNELL DOUGLAS,893,0,1479.0,17176.48582
737-824,07/31/1998,BOEING,749,0,2867.0,33231.26166
737-824,07/02/1998,BOEING,1422,0,3809.0,45613.52362
737-824,12/21/1998,BOEING,741,0,2807.0,36525.58064
DC-9-82(MD-82),01/29/2008,MCDONNELL DOUGLAS,1593,0,1319.0,15000.65814
DC-9-82(MD-82),02/07/2008,MCDONNELL DOUGLAS,527,0,1520.0,16547.23388
DC-9-82(MD-82),01/30/2008,MCDONNELL DOUGLAS,1593,0,1532.0,19471.40466
737-524,08/07/1995,BOEING,621,0,1853.0,20110.31264
DC-9-82(MD-82),01/30/2008,MCDONNELL DOUGLAS,893,0,2351.0,26829.30714
737-724,04/01/1998,BOEING,771,0,3539.0,40333.27908
737-724,05/26/1998,BOEING,771,0,2819.0,32017.8193
737-724,10/22/1998,BOEING,1041,0,2809.0,31712.0447
737-724,07/29/1999,BOEING,1863,0,3204.0,38252.40246
737-724,09/28/1999,BOEING,449,0,6530.0,74470.59916
DC-9-82(MD-82),02/06/2008,MCDONNELL DOUGLAS,761,0,1213.0,14002.86734
DC-9-82(MD-82),08/08/2007,MCDONNELL DOUGLAS,1419,0,1237.0,14047.92886
DC-9-82(MD-82),08/08/2007,MCDONNELL DOUGLAS,851,0,1658.0,19941.33194
767-2B7,09/28/2005,BOEING,2784,0,488.0,5079.07704
DC-9-82(MD-82),02/04/1985,MCDONNELL DOUGLAS,851,0,2228.0,23872.94956
737-724,05/13/1998,BOEING,1847,0,5456.0,65822.006
DC-9-82(MD-82),03/26/1985,MCDONNELL DOUGLAS,1717,0,1869.0,21555.49996
DC-9-82(MD-82),04/25/1985,MCDONNELL DOUGLAS,639,0,1773.0,20482.07018
757-224,12/19/1997,BOEING,1637,0,1647.0,18644.2039
737-824,06/24/1998,BOEING,749,0,3445.0,41551.54946
737-824,08/05/1998,BOEING,749,0,3786.0,43307.3394
737-824,12/23/1998,BOEING,1422,0,4456.0,52313.20604
DC-9-82(MD-82),05/09/1985,MCDONNELL DOUGLAS,761,0,1814.0,20037.89234
DC-9-82(MD-82),07/29/1985,MCDONNELL DOUGLAS,339,0,445.0,4832.84802
DC-9-82(MD-82),08/07/1985,MCDONNELL DOUGLAS,527,0,1083.0,12242.24938
737-824,07/16/1998,BOEING,749,0,4275.0,48970.60686
737-824,10/18/1999,BOEING,749,0,4005.0,48587.58394
DC-9-82(MD-82),03/12/2004,MCDONNELL DOUGLAS,2025,0,1281.0,15824.64022
737-524,06/01/1994,BOEING,1798,0,1263.0,14033.4448
737-724,04/16/1999,BOEING,771,0,2534.0,30331.23098
737-724,06/02/1999,BOEING,771,0,2936.0,34140.53876
737-724,09/30/1999,BOEING,771,0,4389.0,49551.5786
737-724,09/16/1999,BOEING,771,0,5552.0,63396.73062
DC-9-82(MD-82),08/08/1985,MCDONNELL DOUGLAS,851,0,1357.0,18145.3085
DC-9-82(MD-82),08/16/1985,MCDONNELL DOUGLAS,1593,0,2115.0,24761.30524
DC-9-82(MD-82),08/17/1985,MCDONNELL DOUGLAS,1951,0,955.0,10938.68398
DC-9-82(MD-82),09/09/1985,MCDONNELL DOUGLAS,1929,0,1893.0,21523.31316
DC-9-82(MD-82),09/13/1985,MCDONNELL DOUGLAS,1033,0,2357.0,26571.81274
DC-9-82(MD-82),09/17/1985,MCDONNELL DOUGLAS,701,0,2038.0,23275.88442
757-224,01/16/1998,BOEING,1637,0,1552.0,18027.82668
757-224,03/27/1998,BOEING,157,0,716.0,8255.9142
DC-9-82(MD-82),09/23/1985,MCDONNELL DOUGLAS,701,0,1483.0,16968.88096
DC-9-82(MD-82),10/07/1985,MCDONNELL DOUGLAS,1521,0,2716.0,31533.40796
737-724,01/26/1999,BOEING,661,0,4782.0,54350.63048
DC-9-82(MD-82),03/10/1986,MCDONNELL DOUGLAS,2045,0,2549.0,28974.55736
DC-9-82(MD-82),03/10/1986,MCDONNELL DOUGLAS,432,0,2702.0,30215.3585
A319-114,12/22/1999,AIRBUS INDUSTRIE,1515,1,1469.0,16579.42068
737-322,11/14/1986,BOEING,1925,0,2263.0,25723.69056
A320-211,08/01/1989,AIRBUS INDUSTRIE,673,1,2948.0,34716.68248
737-3G7,06/27/1997,BOEING,2456,1,8491.0,89812.43738
A319-114,12/22/1999,AIRBUS INDUSTRIE,1515,1,1486.0,17854.01796
737-322,01/09/1987,BOEING,2811,0,2557.0,25862.0938
737-3G7,01/23/2002,BOEING,2456,0,8833.0,93528.40344
737-322,01/16/1987,BOEING,1289,0,517.0,6265.16062
A320-211,09/07/1989,AIRBUS INDUSTRIE,1716,0,1956.0,23676.61008
737-322,02/06/1987,BOEING,2811,0,2534.0,25813.8136
A320-211,09/05/1989,AIRBUS INDUSTRIE,1508,0,1853.0,22154.17444
737-3G7,09/14/2000,BOEING,2454,0,7685.0,82367.63054
737-322,02/10/1987,BOEING,415,0,1890.0,20612.42672
A320-211,08/01/1989,AIRBUS INDUSTRIE,673,0,1474.0,17511.22854
737-3G7,02/28/2006,BOEING,2456,4,7665.0,83470.02844
737-322,02/19/1987,BOEING,590,0,583.0,6966.8328599999995
737-3G7,09/28/2005,BOEING,2454,2,7727.0,82781.23092
737-322,03/10/1987,BOEING,2809,0,1562.0,18140.48048
737-3G7,09/28/2005,BOEING,2456,0,8512.0,90282.36466
737-322,03/27/1987,BOEING,2070,0,1295.0,14448.65452
737-3G7,09/28/2005,BOEING,2456,2,7732.0,85071.32174
737-322,04/16/1987,BOEING,2815,0,4389.0,45064.73868
A320-211,05/23/2006,AIRBUS INDUSTRIE,677,1,2064.0,24082.16376
A320-211,05/23/2006,AIRBUS INDUSTRIE,1716,0,1209.0,14385.89026
737-322,05/12/1987,BOEING,939,0,2006.0,23203.46412
737-3G7,02/28/2006,BOEING,2454,2,6421.0,68263.37478
737-322,01/14/1988,BOEING,1289,0,238.0,2689.20714
A320-211,11/13/1990,AIRBUS INDUSTRIE,1508,0,867.0,10724.64176
737-322,06/21/2004,BOEING,2165,0,2027.0,22839.75328
A320-211,10/20/2004,AIRBUS INDUSTRIE,677,0,2027.0,23375.6635
737-3S3,11/07/1990,BOEING,2458,2,8124.0,87243.93074
737-322,01/14/1988,BOEING,1034,0,1631.0,17860.45532
A320-211,09/21/2004,AIRBUS INDUSTRIE,677,0,2567.0,29318.95612
737-3S3,11/21/1990,BOEING,2456,1,8402.0,90259.8339
737-322,01/20/1988,BOEING,1034,0,1705.0,19650.0414
A320-211,09/22/2004,AIRBUS INDUSTRIE,677,0,2550.0,29291.59734
737-3S3,12/06/1990,BOEING,2528,0,3018.0,32878.8162
737-322,01/21/1988,BOEING,2811,0,2809.0,29143.53806
A320-211,10/21/2004,AIRBUS INDUSTRIE,1716,1,2066.0,23982.38468
737-3S3,01/09/1991,BOEING,2458,2,8757.0,96327.0457
A320-211,10/21/2004,AIRBUS INDUSTRIE,677,0,2021.0,24288.15928
A320-211,10/21/2004,AIRBUS INDUSTRIE,677,1,2433.0,29607.02798
737-322,04/19/1988,BOEING,1698,0,801.0,9282.67312
A320-211,10/12/2004,AIRBUS INDUSTRIE,1214,0,2202.0,24172.2868
767-223,04/09/2004,BOEING,677,0,4964.0,58811.72096
A320-211,09/22/2004,AIRBUS INDUSTRIE,1508,0,2847.0,35223.62458
767-223,04/09/2004,BOEING,83,0,4268.0,49696.4192
A320-211,09/22/2004,AIRBUS INDUSTRIE,677,2,1303.0,15316.08878
767-223,05/05/1986,BOEING,677,0,3030.0,37209.55014
A320-211,01/14/1992,AIRBUS INDUSTRIE,673,0,1739.0,19519.68486
767-223,05/19/1986,BOEING,677,0,3952.0,45922.5169
737-3G7,06/26/2001,BOEING,2289,2,5587.0,58943.68684
A320-211,01/15/1992,AIRBUS INDUSTRIE,677,0,3066.0,33891.09106
767-223,11/19/1986,BOEING,677,0,2346.0,28058.8429
A320-211,02/03/1992,AIRBUS INDUSTRIE,671,0,1392.0,16048.33848
767-223,09/17/1986,BOEING,677,0,3290.0,38403.68042
A320-211,02/11/1992,AIRBUS INDUSTRIE,671,1,3213.0,37821.09934
767-223,12/24/1986,BOEING,677,0,3748.0,43165.71748
737-322,09/08/1988,BOEING,1666,0,865.0,10256.32382
A320-211,03/02/1992,AIRBUS INDUSTRIE,677,1,1765.0,19559.91836
737-524,04/14/1996,BOEING,1847,0,1162.0,12644.58438
737-322,09/11/2007,BOEING,337,0,1202.0,14744.773079999999
A320-211,03/04/1992,AIRBUS INDUSTRIE,673,0,2475.0,27112.55098
767-223,12/10/1999,BOEING,83,0,1209.0,14712.58628
A320-211,04/01/1992,AIRBUS INDUSTRIE,677,0,3419.0,38731.98578
737-322,06/30/2006,BOEING,2811,0,3729.0,38218.60632
767-223,04/09/2004,BOEING,677,0,4069.0,47123.084539999996
A320-211,04/08/1992,AIRBUS INDUSTRIE,347,0,1293.0,15234.01244
737-322,07/14/2006,BOEING,1822,0,807.0,9290.71982
767-223,04/09/2004,BOEING,677,0,2795.0,32980.20462
A320-211,05/05/1992,AIRBUS INDUSTRIE,677,0,1905.0,21579.64006
737-322,07/27/2006,BOEING,415,0,689.0,7773.1122
A320-211,05/07/1992,AIRBUS INDUSTRIE,677,0,1630.0,17985.98384
737-322,06/08/2006,BOEING,755,0,963.0,12585.0388
757-224,06/27/1994,BOEING,157,0,1066.0,12383.8713
757-224,07/01/1998,BOEING,157,0,690.0,8255.9142
A320-211,06/08/1992,AIRBUS INDUSTRIE,671,0,3252.0,37220.81552
737-322,06/08/2006,BOEING,755,0,983.0,11313.6602
DC-9-32,12/02/1994,DOUGLAS,876,0,535.0,6178.25626
767-223,04/02/1987,BOEING,677,0,3541.0,41595.00164
737-3B7,06/20/2001,BOEING,2454,5,7289.0,78526.13596
A320-211,06/11/1992,AIRBUS INDUSTRIE,677,0,3266.0,35931.73418
737-322,07/14/2004,BOEING,755,0,1398.0,16510.21906
A320-211,07/10/1992,AIRBUS INDUSTRIE,677,0,1588.0,17844.36192
737-322,07/14/2004,BOEING,1034,0,1497.0,17940.92232
737-3Y0,12/30/1998,BOEING,2449,4,7863.0,84601.39446
A320-212,09/01/1992,AIRBUS INDUSTRIE,671,0,2995.0,34649.0902
737-322,12/01/1988,BOEING,1108,0,666.0,8337.99054
767-223,12/11/1987,BOEING,677,0,3752.0,44392.03456
A320-212,07/11/2007,AIRBUS INDUSTRIE,189,0,2205.0,25976.35694
737-322,12/02/1988,BOEING,1973,0,1762.0,19851.2089
737-524,04/06/1994,BOEING,1455,0,1178.0,13420.28626
767-223,12/21/1987,BOEING,677,0,3985.0,47939.01992
A320-212,07/12/2007,AIRBUS INDUSTRIE,671,0,2887.0,31662.15516
737-322,05/13/2004,BOEING,783,0,475.0,5025.96882
737-724,09/29/1998,BOEING,251,0,3647.0,42357.8288
A320-212,07/19/2007,AIRBUS INDUSTRIE,677,0,2124.0,24077.33574
737-322,05/11/2004,BOEING,1034,0,809.0,8803.0898
767-223,01/19/1988,BOEING,677,0,3100.0,36054.04402
A320-212,09/13/2004,AIRBUS INDUSTRIE,349,0,3063.0,34853.47638
737-322,05/12/2004,BOEING,2811,0,2654.0,26649.06106
767-223,01/28/1988,BOEING,677,0,5486.0,68770.31688
A320-212,07/17/2007,AIRBUS INDUSTRIE,673,0,4126.0,46785.12314
737-322,11/29/2007,BOEING,939,0,1076.0,12414.44876
A320-212,07/11/2007,AIRBUS INDUSTRIE,677,0,2728.0,30682.0671
737-322,11/28/2007,BOEING,1034,0,2472.0,27963.89184
757-224,06/10/1998,BOEING,157,0,699.0,8255.9142
757-224,11/30/1999,BOEING,1637,0,1968.0,22517.88528
A320-212,07/17/2007,AIRBUS INDUSTRIE,677,0,978.0,11347.45634
737-322,12/02/1988,BOEING,337,0,1704.0,19559.91836
737-824,12/09/1998,BOEING,535,0,4644.0,54770.66822
A320-212,09/14/2004,AIRBUS INDUSTRIE,677,0,3015.0,34058.46242
737-322,11/28/1988,BOEING,1034,0,1193.0,13294.75774
A320-212,07/17/2007,AIRBUS INDUSTRIE,677,0,3044.0,34447.9227
A320-212,07/17/2007,AIRBUS INDUSTRIE,677,0,3044.0,35176.95372
A320-212,07/19/2007,AIRBUS INDUSTRIE,185,0,1410.0,16909.33538
737-322,01/04/1989,BOEING,2817,0,3666.0,37203.11278
A320-212,07/19/2007,AIRBUS INDUSTRIE,671,0,1319.0,15509.20958
737-322,01/03/1989,BOEING,2811,0,2994.0,32500.6213
A320-212,07/20/2007,AIRBUS INDUSTRIE,343,0,2441.0,28155.403299999998
737-322,01/13/1989,BOEING,383,0,837.0,9499.93402
A320-212,07/13/2007,AIRBUS INDUSTRIE,185,0,3629.0,42475.31062
737-322,01/26/1989,BOEING,1034,0,1452.0,16658.27834
A320-212,07/19/2007,AIRBUS INDUSTRIE,673,0,1431.0,16275.25542
737-322,04/07/1989,BOEING,2634,0,1987.0,21629.5296
767-323,06/27/1996,BOEING,495,0,1593.0,19067.46032
A320-212,12/18/1998,AIRBUS INDUSTRIE,671,0,1523.0,16613.21682
737-322,09/12/2005,BOEING,1034,0,1904.0,21325.36434
767-323,06/24/1996,BOEING,1539,0,569.0,6516.21766
A320-212,06/26/1998,AIRBUS INDUSTRIE,261,0,1663.0,18898.47962
767-323,06/26/1996,BOEING,47,0,702.0,8297.75704
A320-212,06/26/1998,AIRBUS INDUSTRIE,671,0,1693.0,18583.04898
767-323,07/10/1996,BOEING,47,0,972.0,11514.8277
A320-212,06/26/1998,AIRBUS INDUSTRIE,677,0,2153.0,25141.10948
767-323,06/16/1988,BOEING,47,0,274.0,2970.84164
A320-212,10/21/1998,AIRBUS INDUSTRIE,677,1,2350.0,25792.89218
A320-212,12/18/1998,AIRBUS INDUSTRIE,349,0,3441.0,39916.46002
767-323,06/20/1996,BOEING,47,0,615.0,7132.59488
A320-212,12/18/1998,AIRBUS INDUSTRIE,673,0,3011.0,33868.5603
767-323,07/07/2008,BOEING,1539,0,922.0,10900.05982
A320-212,12/18/1998,AIRBUS INDUSTRIE,349,1,2753.0,30336.059
767-323,06/19/1996,BOEING,83,0,252.0,2970.84164
A320-212,12/17/1998,AIRBUS INDUSTRIE,189,0,2216.0,25720.47188
767-323,07/02/1996,BOEING,367,0,596.0,6739.91592
A320-212,12/18/1998,AIRBUS INDUSTRIE,671,0,2396.0,28184.37142
767-323,07/09/1996,BOEING,47,0,268.0,2970.84164
A320-212,12/16/1998,AIRBUS INDUSTRIE,677,1,2586.0,29740.6032
737-824,12/03/1999,BOEING,535,0,4630.0,52829.80418
767-323,07/01/1996,BOEING,1539,0,1453.0,16993.02106
A320-212,12/16/1998,AIRBUS INDUSTRIE,361,1,2840.0,31655.7178
767-323,09/16/1988,BOEING,47,0,621.0,7130.98554
A320-212,12/16/1998,AIRBUS INDUSTRIE,349,1,925.0,10589.4572
A320-212,12/23/1999,AIRBUS INDUSTRIE,673,0,3071.0,35106.14276
737-322,09/28/1989,BOEING,383,0,746.0,9126.56714
A109E,10/21/2003,AGUSTA SPA,47,0,615.0,7354.6838
A320-212,12/23/1999,AIRBUS INDUSTRIE,671,0,2500.0,28222.99558
737-322,09/28/1989,BOEING,383,0,1207.0,13732.49822
767-323,12/28/1999,BOEING,1539,0,714.0,8543.98606
A320-212,12/23/1999,AIRBUS INDUSTRIE,673,1,2414.0,30126.8448
737-322,09/28/1989,BOEING,2809,0,6258.0,61362.52486
737-322,09/28/1989,BOEING,2809,0,7604.0,74433.58434
767-323,11/08/2002,BOEING,47,0,1426.0,16841.7431
A320-212,09/16/1999,AIRBUS INDUSTRIE,671,0,3075.0,35521.35248
767-323,04/25/2002,BOEING,1539,0,339.0,4160.1439
A320-212,09/16/1999,AIRBUS INDUSTRIE,261,0,2164.0,24455.53064
737-322,12/21/1989,BOEING,2817,0,7839.0,78870.53472
767-323,04/08/1992,BOEING,1539,0,334.0,4160.1439
A320-212,12/22/1999,AIRBUS INDUSTRIE,53,0,1905.0,23166.4493
737-322,12/21/1989,BOEING,2815,1,6239.0,64555.45542
767-323,12/13/1999,BOEING,1539,0,1461.0,17089.58146
737-832,10/23/1998,BOEING,1931,2,3827.0,43933.37266
737-322,10/06/2004,BOEING,2819,0,6512.0,64397.7401
767-323,05/22/1992,BOEING,27,0,736.0,8767.68432
737-832,10/27/1998,BOEING,1931,1,5424.0,60881.3322
737-322,12/21/1989,BOEING,2815,0,6764.0,64397.7401
767-323,06/08/1992,BOEING,1539,0,1285.0,15283.90198
737-832,10/28/1998,BOEING,1931,1,5685.0,64077.48144
737-322,12/29/1989,BOEING,2817,1,7979.0,78653.27382
767-323,06/17/1992,BOEING,47,0,417.0,5326.9154
737-832,11/05/1998,BOEING,1639,0,4800.0,54199.35252
737-322,11/24/2004,BOEING,2819,0,8009.0,80499.1868
737-832,12/01/1998,BOEING,1931,1,4702.0,52715.54104
737-322,08/29/2007,BOEING,2809,0,9093.0,90065.10376
737-524,08/09/1994,BOEING,1685,0,1065.0,11474.5942
PA-32RT-300,11/16/2000,PIPER,1539,0,764.0,8872.29142
737-832,01/19/1999,BOEING,1931,0,4215.0,49382.5979
737-322,08/29/2007,BOEING,2817,0,7299.0,71750.81456
FALCON XP,05/29/1986,PAIR MIKE E,311,0,227.0,2356.0737599999998
737-832,05/11/1999,BOEING,1931,2,4181.0,47504.49812
737-322,09/05/2007,BOEING,2817,0,7289.0,72557.09389999999
172E,06/06/2008,CESSNA,1539,0,537.0,6516.21766
737-832,08/16/1999,BOEING,1931,1,5063.0,56307.58792
737-322,09/06/2007,BOEING,2817,0,6496.0,64582.8142
767-323,03/08/1993,BOEING,367,0,1178.0,13447.64504
737-832,08/23/1999,BOEING,1931,1,4514.0,51448.99046
737-322,05/07/2004,BOEING,2815,0,7214.0,72116.13474
AS 355F1,08/16/2007,AEROSPATIALE,47,0,242.0,2970.84164
737-832,09/23/1999,BOEING,1931,1,5163.0,58747.34736
DC-7BF,12/21/1998,DOUGLAS,47,0,599.0,7354.6838
737-322,05/30/1990,BOEING,2817,0,1674.0,16276.86476
1121,11/21/2002,AERO COMMANDER,1539,0,717.0,8511.79926
737-832,10/14/1999,BOEING,1931,0,5611.0,63282.46748
737-322,05/30/1990,BOEING,2815,0,2505.0,24967.30076
E-90,07/12/2005,BEECH,1539,0,745.0,8872.29142
737-832,10/20/1999,BOEING,1931,3,3589.0,40035.55118
737-322,08/19/2004,BOEING,2817,0,6721.0,68112.09682
767-323,08/27/1993,BOEING,59,0,754.0,8873.90076
737-832,11/24/1999,BOEING,1931,4,5041.0,56325.29066
737-322,07/24/1990,BOEING,2815,0,5674.0,55853.75404
767-323,05/13/1994,BOEING,47,0,543.0,5941.68328
737-832,12/21/1999,BOEING,1931,1,4148.0,46244.3849
737-322,07/24/1990,BOEING,2817,0,8246.0,81884.82854
737-724,07/14/1999,BOEING,771,0,3632.0,42111.59978
737-832,01/18/2000,BOEING,1931,1,547.0,5832.24816
767-323,01/17/1995,BOEING,47,0,766.0,8297.75704
767-323,01/18/1995,BOEING,1539,0,336.0,4160.1439
767-323,02/02/1995,BOEING,47,0,1069.0,12457.90094
767-323,02/17/1995,BOEING,47,0,1058.0,12066.83132
737-3TO,06/20/2007,BOEING,767,0,1435.0,15473.8041
A-1B,None,AVIAT AIRCRAFT INC,1539,0,342.0,4160.1439
767-324,04/02/1998,BOEING,1982,0,1868.0,21531.35986
A-1B,06/05/2008,AVIAT AIRCRAFT INC,1539,0,1787.0,21248.11602
737-724,07/12/1999,BOEING,771,0,3997.0,47047.44556
737-724,07/19/1999,BOEING,1041,0,3333.0,38271.71454
737-322,03/29/2006,BOEING,2819,0,7978.0,77608.81216
737-322,03/29/2006,BOEING,2811,0,6635.0,65332.76664
DC-9-82(MD-82),03/10/1986,MCDONNELL DOUGLAS,1521,0,2090.0,25358.37038
S-50A,09/19/1977,RAVEN,2066,0,2561.0,28091.0297
DC-9-51,08/31/2000,MCDONNELL DOUGLAS,1163,2,274.0,2817.95434
A320-232,11/24/1993,AIRBUS INDUSTRIE,31,0,2505.0,27643.63318
S55A,05/26/1976,RAVEN,2045,0,2004.0,22022.20856
A320-232,11/30/1993,AIRBUS INDUSTRIE,375,0,3958.0,45761.5829
A320-232,12/20/1993,AIRBUS INDUSTRIE,33,0,3749.0,42948.45658
A320-232,12/09/1993,AIRBUS INDUSTRIE,31,0,2255.0,24846.60026
737-401,04/12/2005,BOEING,937,0,1770.0,16814.38432
S55A,11/08/2006,RAVEN,639,0,3940.0,44029.93306
A320-232,12/22/1993,AIRBUS INDUSTRIE,1999,0,3254.0,40107.97148
737-401,04/12/2005,BOEING,1919,0,1406.0,14482.45066
A320-232,01/26/2005,AIRBUS INDUSTRIE,375,0,4985.0,56281.83848
737-401,07/16/2003,BOEING,937,0,2236.0,23322.55528
DC-9-82(MD-82),04/24/1986,MCDONNELL DOUGLAS,1521,0,2018.0,23057.01418
A320-232,05/26/2004,AIRBUS INDUSTRIE,1997,0,5224.0,60553.02684
DC-9-82(MD-82),04/23/1986,MCDONNELL DOUGLAS,2235,0,3712.0,41340.72592
A320-232,06/10/2004,AIRBUS INDUSTRIE,1999,0,2344.0,28644.64266
DC-9-82(MD-82),04/25/1986,MCDONNELL DOUGLAS,432,0,2946.0,33076.76502
A320-232,06/10/2004,AIRBUS INDUSTRIE,415,0,3787.0,42784.3039
737-401,07/14/2003,BOEING,1429,0,1847.0,20276.07466
DC-9-82(MD-82),05/27/1986,MCDONNELL DOUGLAS,1033,0,1933.0,21821.04106
A320-232,02/18/2005,AIRBUS INDUSTRIE,231,0,3442.0,39111.79002
757-224,02/22/1999,BOEING,1507,0,1456.0,16276.86476
DC-9-82(MD-82),06/27/1986,MCDONNELL DOUGLAS,1521,0,2758.0,30107.53272
A320-232,05/28/2004,AIRBUS INDUSTRIE,35,0,1760.0,20356.54166
DC-9-82(MD-82),10/22/1986,MCDONNELL DOUGLAS,2045,0,965.0,10375.41498
A320-232,05/20/2004,AIRBUS INDUSTRIE,1997,0,4823.0,60440.37304
DC-9-82(MD-82),11/21/2003,MCDONNELL DOUGLAS,761,0,2119.0,23349.91406
A320-232,11/29/2005,AIRBUS INDUSTRIE,1999,0,2962.0,35004.75434
A320-232,05/19/2004,AIRBUS INDUSTRIE,375,0,4423.0,51104.5917
DC-9-82(MD-82),09/09/1986,MCDONNELL DOUGLAS,1593,0,2904.0,35778.84688
A320-232,12/30/2003,AIRBUS INDUSTRIE,271,0,4019.0,44976.22498
DC-9-82(MD-82),09/12/1986,MCDONNELL DOUGLAS,432,0,2885.0,33036.53152
A320-232,05/26/2004,AIRBUS INDUSTRIE,235,0,3420.0,38151.01404
DC-9-82(MD-82),09/25/1986,MCDONNELL DOUGLAS,851,0,1100.0,11889.80392
A320-232,05/19/2004,AIRBUS INDUSTRIE,35,0,3329.0,38097.90582
737-401,04/08/2005,BOEING,1429,0,1717.0,18565.34624
DC-9-82(MD-82),10/01/1986,MCDONNELL DOUGLAS,2045,0,2969.0,33207.12156
A320-232,10/27/2004,AIRBUS INDUSTRIE,691,0,4669.0,54843.08852
737-401,04/08/2005,BOEING,1142,0,1912.0,20008.92422
DC-9-82(MD-82),10/15/1986,MCDONNELL DOUGLAS,1521,0,3617.0,40642.27236
A320-232,05/27/2004,AIRBUS INDUSTRIE,661,0,5453.0,67270.412
737-401,07/19/2007,BOEING,937,0,1274.0,12509.39982
DC-9-82(MD-82),12/22/1986,MCDONNELL DOUGLAS,851,0,2647.0,29093.64852
A320-232,05/19/2004,AIRBUS INDUSTRIE,691,0,3017.0,35347.54376
737-401,07/24/2007,BOEING,1529,0,2007.0,18554.08086
421C,10/24/2007,CESSNA,761,0,1463.0,16165.8203
A320-232,05/21/2004,AIRBUS INDUSTRIE,35,0,3961.0,43984.87154
737-401,04/14/2005,BOEING,1142,0,2277.0,24597.15256
DC-9-82(MD-82),12/22/1986,MCDONNELL DOUGLAS,709,0,2217.0,25372.85444
A320-232,05/20/2004,AIRBUS INDUSTRIE,235,0,4015.0,46717.53086
737-401,04/08/2005,BOEING,922,0,1663.0,15816.59352
DC-9-82(MD-82),12/03/1986,MCDONNELL DOUGLAS,2045,0,2087.0,24238.26974
A320-232,05/20/2004,AIRBUS INDUSTRIE,35,0,4071.0,48194.90498
737-401,04/08/2005,BOEING,1429,0,1255.0,12438.58886
DC-9-82(MD-82),12/08/1986,MCDONNELL DOUGLAS,2045,0,2669.0,29518.51428
A320-232,05/20/2004,AIRBUS INDUSTRIE,35,0,4278.0,49176.60238
PA-28-180,02/10/2005,PIPER,1929,0,2906.0,32099.89564
A320-232,05/19/2004,AIRBUS INDUSTRIE,99,0,1606.0,20192.38898
737-401,07/17/2003,BOEING,1429,0,769.0,7774.72154
DC-9-82(MD-82),12/22/1986,MCDONNELL DOUGLAS,1521,0,2019.0,22237.86012
A320-232,05/21/2004,AIRBUS INDUSTRIE,375,0,3247.0,38828.54618
737-4B7,12/03/2003,BOEING,268,0,2043.0,20305.04278
DC-9-82(MD-82),02/04/1987,MCDONNELL DOUGLAS,2045,0,1944.0,21924.03882
A320-232,05/27/2004,AIRBUS INDUSTRIE,231,0,4936.0,57558.0451
737-4B7,07/15/2003,BOEING,268,0,1287.0,13233.60282
DC-9-82(MD-82),02/13/1987,MCDONNELL DOUGLAS,432,0,2573.0,28599.58114
A320-232,05/26/2004,AIRBUS INDUSTRIE,525,0,1862.0,20882.79584
DC-9-82(MD-82),02/04/1987,MCDONNELL DOUGLAS,1445,0,3156.0,35123.8455
A320-232,05/27/2004,AIRBUS INDUSTRIE,35,1,5025.0,58193.7344
DC-9-82(MD-82),02/13/1987,MCDONNELL DOUGLAS,2045,0,2607.0,29790.49274
A320-232,11/29/2005,AIRBUS INDUSTRIE,235,0,2456.0,28453.1312
737-4B7,08/12/2003,BOEING,1429,0,494.0,4884.3469
DC-9-82(MD-82),09/02/1987,MCDONNELL DOUGLAS,1445,0,1603.0,17804.12842
A320-232,11/29/2005,AIRBUS INDUSTRIE,215,0,3230.0,36779.85636
DC-9-82(MD-82),09/04/1987,MCDONNELL DOUGLAS,851,0,3505.0,39766.7914
A320-232,11/29/2005,AIRBUS INDUSTRIE,271,0,4581.0,52652.77678
737-4B7,03/31/2004,BOEING,937,0,2510.0,25392.16652
DC-9-83(MD-83),08/11/1987,MCDONNELL DOUGLAS,2235,0,2091.0,23871.34022
A320-232,09/06/1996,AIRBUS INDUSTRIE,231,0,4498.0,52091.11712
737-4B7,07/15/2003,BOEING,937,0,1815.0,18620.0638
DC-9-83(MD-83),08/12/1987,MCDONNELL DOUGLAS,432,0,4663.0,52012.25946
A320-232,09/06/1996,AIRBUS INDUSTRIE,661,0,3961.0,46564.64356
737-4B7,07/15/2003,BOEING,937,0,1700.0,18552.47152
DC-9-83(MD-83),08/17/1987,MCDONNELL DOUGLAS,2235,0,4240.0,47747.50846
A320-232,09/03/1996,AIRBUS INDUSTRIE,361,0,4329.0,50573.5095
737-4B7,07/15/2003,BOEING,1677,0,1707.0,17857.23664
DC-9-83(MD-83),08/18/1987,MCDONNELL DOUGLAS,2235,0,3377.0,36895.72884
A320-232,12/10/1996,AIRBUS INDUSTRIE,235,0,3763.0,42977.4247
DC-9-83(MD-83),08/20/1987,MCDONNELL DOUGLAS,2235,0,3145.0,35740.22272
A320-232,02/20/1997,AIRBUS INDUSTRIE,235,0,4541.0,52031.57154
DC-9-83(MD-83),08/22/1987,MCDONNELL DOUGLAS,1929,0,3131.0,35807.815
A320-232,05/29/1997,AIRBUS INDUSTRIE,1203,0,3423.0,39526.99974
737-4B7,03/28/2003,BOEING,826,0,2104.0,21856.44654
DC-9-83(MD-83),09/15/1987,MCDONNELL DOUGLAS,1033,0,2461.0,30194.43708
A320-232,06/11/1997,AIRBUS INDUSTRIE,33,0,4606.0,53035.7997
737-4B7,03/04/2003,BOEING,937,0,2173.0,22207.28266
DC-9-82(MD-82),07/09/1998,MCDONNELL DOUGLAS,851,0,3693.0,42161.48932
A320-232,07/07/1997,AIRBUS INDUSTRIE,231,0,4571.0,51172.18398
737-4B7,03/28/2003,BOEING,922,0,1708.0,16672.7624
DC-9-82(MD-82),07/09/1998,MCDONNELL DOUGLAS,432,0,915.0,10977.30814
A320-232,12/08/1997,AIRBUS INDUSTRIE,35,0,4197.0,47758.77384
737-4B7,12/31/1990,BOEING,541,0,2083.0,21116.15014
DC-9-82(MD-82),07/15/1998,MCDONNELL DOUGLAS,2045,0,2378.0,27550.29146
A320-232,02/26/1998,AIRBUS INDUSTRIE,35,0,4863.0,56175.62204
737-4B7,12/31/1990,BOEING,937,0,1853.0,18600.75172
DC-9-82(MD-82),01/13/1988,MCDONNELL DOUGLAS,701,0,2710.0,30015.80034
A320-232,06/19/1998,AIRBUS INDUSTRIE,525,0,2791.0,31525.36126
737-4B7,12/31/1990,BOEING,1429,0,2313.0,23789.26388
182P,03/28/1978,CESSNA,432,0,3383.0,38252.40246
A320-232,06/19/1998,AIRBUS INDUSTRIE,661,0,4493.0,51555.2069
737-4B7,03/18/2003,BOEING,937,0,1980.0,20013.75224
DC-9-82(MD-82),01/12/1988,MCDONNELL DOUGLAS,701,0,2187.0,24202.86426
A320-232,06/19/1998,AIRBUS INDUSTRIE,35,0,5284.0,61195.1535
737-4B7,12/31/1990,BOEING,937,0,1456.0,13991.60196
DC-9-82(MD-82),03/12/2004,MCDONNELL DOUGLAS,432,0,3012.0,34583.10726
A320-232,06/22/1998,AIRBUS INDUSTRIE,235,0,3310.0,38503.4595
DC-9-82(MD-82),03/12/2004,MCDONNELL DOUGLAS,851,0,3436.0,36720.31078
A320-232,07/01/1998,AIRBUS INDUSTRIE,661,0,3475.0,40130.50224
DC-9-82(MD-82),03/12/2004,MCDONNELL DOUGLAS,701,0,1714.0,19228.39432
A320-232,07/06/1998,AIRBUS INDUSTRIE,361,0,3595.0,41638.45382
DC-9-82(MD-82),03/12/2004,MCDONNELL DOUGLAS,432,0,2373.0,26060.04262
A320-232,07/21/1998,AIRBUS INDUSTRIE,235,0,3133.0,37455.77916
737-4B7,12/31/1990,BOEING,1929,0,4403.0,50951.7044
DC-9-82(MD-82),12/19/1994,MCDONNELL DOUGLAS,1929,0,2696.0,30768.97146
DC-9-82(MD-82),12/14/1994,MCDONNELL DOUGLAS,2045,0,2200.0,25662.53564
A320-232,09/01/1998,AIRBUS INDUSTRIE,35,0,3940.0,44828.1657
DC-9-82(MD-82),06/16/1988,MCDONNELL DOUGLAS,527,0,2099.0,23419.11568
A320-232,03/04/1999,AIRBUS INDUSTRIE,31,0,4834.0,54744.91878
DC-9-82(MD-82),06/14/1988,MCDONNELL DOUGLAS,709,0,2532.0,28786.26458
A320-232,04/14/1999,AIRBUS INDUSTRIE,35,0,3606.0,40835.39316
DC-9-82(MD-82),06/25/1998,MCDONNELL DOUGLAS,432,0,2500.0,27878.59682
A320-232,11/05/1999,AIRBUS INDUSTRIE,235,0,4330.0,48148.23412
DC-9-82(MD-82),06/25/1998,MCDONNELL DOUGLAS,432,0,2966.0,32433.029019999998
A320-232,11/09/1999,AIRBUS INDUSTRIE,361,0,4964.0,54709.5133
DC-9-82(MD-82),07/06/1988,MCDONNELL DOUGLAS,1521,0,1963.0,21772.76086
A320-232,12/08/1999,AIRBUS INDUSTRIE,33,0,3722.0,43709.674399999996
DC-9-82(MD-82),05/25/1988,MCDONNELL DOUGLAS,709,0,2174.0,24590.7152
DC-9-82(MD-82),07/12/1988,MCDONNELL DOUGLAS,432,0,2535.0,27880.20616
DC-9-82(MD-82),07/06/1988,MCDONNELL DOUGLAS,1593,0,2770.0,30989.45104
DC-9-82(MD-82),08/10/1988,MCDONNELL DOUGLAS,439,0,863.0,9675.35208
DC-9-82(MD-82),08/11/1988,MCDONNELL DOUGLAS,761,0,2528.0,28107.1231
DC-9-82(MD-82),09/21/1988,MCDONNELL DOUGLAS,2834,0,3164.0,35753.09744
DC-9-82(MD-82),09/21/1988,MCDONNELL DOUGLAS,432,0,1596.0,17817.00314
DC-9-82(MD-82),09/21/1988,MCDONNELL DOUGLAS,2235,0,2460.0,27390.9668
737-524,01/27/1995,BOEING,1211,0,851.0,10021.36018
DC-9-82(MD-82),10/07/1988,MCDONNELL DOUGLAS,761,0,1558.0,17435.58956
DC-9-82(MD-82),11/09/1988,MCDONNELL DOUGLAS,527,0,862.0,10169.41946
DC-9-82(MD-82),10/20/1988,MCDONNELL DOUGLAS,851,0,1732.0,19078.7257
DC-9-82(MD-82),12/02/1988,MCDONNELL DOUGLAS,851,0,1285.0,13491.09722
DC-9-82(MD-82),01/25/1989,MCDONNELL DOUGLAS,761,0,562.0,7124.54818
DC-9-82(MD-82),02/06/1989,MCDONNELL DOUGLAS,1419,0,1932.0,21595.73346
DC-9-82(MD-82),10/20/1988,MCDONNELL DOUGLAS,2235,0,1255.0,15013.53286
737-3TO,06/20/2007,BOEING,248,0,473.0,5320.47804
DC-9-82(MD-82),11/02/1988,MCDONNELL DOUGLAS,1250,0,583.0,7489.86836
172M,08/13/1993,CESSNA,1493,0,630.0,6995.80098
DC-9-82(MD-82),11/17/1988,MCDONNELL DOUGLAS,1489,0,1675.0,19547.04364
DC-9-82(MD-82),01/25/1989,MCDONNELL DOUGLAS,893,0,938.0,10924.19992
DC-9-82(MD-82),01/25/1989,MCDONNELL DOUGLAS,1593,0,1218.0,14035.05414
DC-9-82(MD-82),12/08/1988,MCDONNELL DOUGLAS,339,0,1582.0,17876.54872
DC-9-82(MD-82),12/20/1988,MCDONNELL DOUGLAS,761,0,817.0,9710.75756
DC-9-82(MD-82),12/19/1988,MCDONNELL DOUGLAS,761,0,642.0,7291.91954
757-224,02/25/1998,BOEING,1637,0,1625.0,19397.37502
DC-9-82(MD-82),02/24/1989,MCDONNELL DOUGLAS,851,0,1220.0,14458.31056
DC-9-82(MD-82),01/17/1989,MCDONNELL DOUGLAS,893,0,810.0,8696.87336
DC-9-82(MD-82),02/24/1989,MCDONNELL DOUGLAS,893,0,1102.0,13281.88302
DC-9-82(MD-82),03/28/1989,MCDONNELL DOUGLAS,843,0,1907.0,22379.48204
DC-9-82(MD-82),03/28/1989,MCDONNELL DOUGLAS,851,0,853.0,9775.13116
DC-9-82(MD-82),03/28/1989,MCDONNELL DOUGLAS,339,0,1191.0,14234.6123
DC-9-82(MD-82),03/29/1989,MCDONNELL DOUGLAS,1583,0,914.0,10422.08584
DC-9-82(MD-82),03/29/1989,MCDONNELL DOUGLAS,893,0,1514.0,16687.24646
DC-9-82(MD-82),03/30/1989,MCDONNELL DOUGLAS,2235,0,790.0,8957.58644
DC-9-82(MD-82),04/26/1989,MCDONNELL DOUGLAS,893,0,1432.0,16535.9685
DC-9-82(MD-82),04/17/1989,MCDONNELL DOUGLAS,1489,0,1419.0,15850.38966
DC-9-82(MD-82),04/26/1989,MCDONNELL DOUGLAS,1593,0,1498.0,16560.1086
DC-9-82(MD-82),04/26/1989,MCDONNELL DOUGLAS,1593,0,1347.0,15034.45428
DC-9-82(MD-82),10/04/1989,MCDONNELL DOUGLAS,1593,0,1004.0,11146.28884
DC-9-82(MD-82),10/04/1989,MCDONNELL DOUGLAS,2043,0,1136.0,12968.06172
DC-9-82(MD-82),10/03/1989,MCDONNELL DOUGLAS,543,0,1293.0,17351.90388
DC-9-82(MD-82),10/19/1989,MCDONNELL DOUGLAS,527,0,1051.0,12506.18114
DC-9-82(MD-82),10/31/1989,MCDONNELL DOUGLAS,1887,0,732.0,9067.02156
DC-9-82(MD-82),10/31/1989,MCDONNELL DOUGLAS,1991,0,1561.0,19155.97402
757-222,09/30/1994,BOEING,1578,0,4081.0,48333.30822
757-251,04/04/1985,BOEING,575,0,3654.0,42388.40626
757-222,09/28/1989,BOEING,1753,0,2669.0,29924.06796
757-251,04/09/1985,BOEING,355,0,3295.0,36823.30854
757-222,02/16/1990,BOEING,1662,0,3702.0,43382.97838
757-251,11/16/2005,BOEING,1531,0,1836.0,22350.51392
737-3B7,06/28/2006,BOEING,201,0,2318.0,23166.4493
757-222,10/30/1989,BOEING,559,0,2907.0,34501.03092
757-251,11/16/2005,BOEING,575,0,2841.0,33252.18308
DC-9-82(MD-82),11/29/1989,MCDONNELL DOUGLAS,527,0,769.0,8862.63538
737-3B7,06/27/2006,BOEING,826,0,2496.0,24807.9761
757-222,07/18/2003,BOEING,1950,0,3249.0,36536.84602
757-251,11/16/2005,BOEING,575,0,4993.0,57202.38096
737-3B7,06/27/2006,BOEING,573,0,1895.0,20692.89372
757-222,02/28/1990,BOEING,1578,0,3453.0,39993.70834
757-251,11/16/2005,BOEING,449,0,4256.0,49757.57412
FALCON-XP,05/18/2007,WOBIG WAYNE R,851,0,1483.0,15414.25852
757-222,03/23/1990,BOEING,137,0,3522.0,40859.53326
757-251,01/16/2004,BOEING,361,0,3706.0,43510.11624
206B,04/16/2004,BELL,1593,0,1346.0,16043.51046
757-222,04/25/1990,BOEING,1950,0,3069.0,35378.12122
757-251,01/16/2004,BOEING,353,0,3110.0,38468.05402
FALCON-XP,07/03/1991,FREDERICK CHRIS K,1349,0,1013.0,11733.69794
757-222,11/30/2007,BOEING,1600,0,3541.0,40565.02404
757-251,01/16/2004,BOEING,355,1,3703.0,43128.70266
T210N,11/26/1997,CESSNA,1831,0,332.0,3828.61986
757-222,06/14/1990,BOEING,1753,0,4159.0,47879.47434
737-3B7,10/31/2006,BOEING,341,0,2164.0,21476.6423
757-222,10/31/1990,BOEING,559,0,3727.0,43048.23566
757-251,01/16/2004,BOEING,575,0,3243.0,36089.4495
737-3B7,10/27/2006,BOEING,341,0,2580.0,25540.2258
757-222,07/20/1990,BOEING,559,0,4279.0,49174.99304
757-251,01/02/2004,BOEING,361,1,2496.0,29499.2022
DC-9-82(MD-82),11/08/2002,MCDONNELL DOUGLAS,1113,0,1711.0,21199.83582
757-222,05/26/2004,BOEING,559,0,3871.0,43992.91824
757-251,08/12/2004,BOEING,1531,0,3930.0,47029.74282
757-222,08/20/1990,BOEING,1753,0,3415.0,37658.556
757-251,07/02/2004,BOEING,355,0,2551.0,30833.34506
757-222,11/16/1990,BOEING,1578,0,3698.0,43125.48398
757-251,07/02/2004,BOEING,575,1,4829.0,54263.72612
737-3B7,04/26/2005,BOEING,1805,0,1999.0,21335.020379999998
757-222,08/24/1990,BOEING,1950,0,3997.0,46332.8986
757-251,06/15/2006,BOEING,361,0,2286.0,26758.49618
737-3B7,11/03/2006,BOEING,705,0,1872.0,19915.5825
757-222,07/20/2004,BOEING,559,0,3343.0,39071.55652
757-251,04/14/2006,BOEING,355,1,2685.0,31818.26114
737-3B7,10/24/2006,BOEING,341,0,2406.0,25631.95818
757-222,09/17/1990,BOEING,1950,0,1735.0,20881.1865
757-251,04/12/2005,BOEING,575,0,1916.0,22511.44792
550,09/12/2005,CESSNA,851,0,1759.0,19481.060699999998
757-222,11/16/1990,BOEING,1950,0,3482.0,39831.165
757-251,04/19/2006,BOEING,351,0,3525.0,41976.41522
757-222,09/24/1990,BOEING,155,0,1946.0,22773.77034
757-251,03/01/2006,BOEING,361,0,4187.0,46923.52638
757-222,09/28/1995,BOEING,1950,0,3153.0,36166.69782
757-251,02/13/2004,BOEING,647,0,3702.0,42192.06678
757-222,10/19/1990,BOEING,1950,0,2674.0,30047.98714
757-251,03/01/2006,BOEING,361,0,4339.0,49939.42954
60,06/19/1997,BEECH,761,0,876.0,10288.51062
757-222,05/28/2004,BOEING,559,0,3068.0,35677.45846
757-251,03/01/2006,BOEING,575,0,3836.0,45051.86396
757-222,12/11/1990,BOEING,1950,0,3565.0,40054.86326
PA-31-350,02/07/1997,PIPER,615,0,805.0,9213.4715
757-222,06/01/2005,BOEING,271,0,2797.0,32389.57684
757-251,06/14/2004,BOEING,1531,0,3731.0,43891.52982
737-524,08/11/1994,BOEING,1654,0,1420.0,15877.74844
737-3B7,11/03/2006,BOEING,341,0,2248.0,22789.86374
757-222,01/23/1991,BOEING,559,0,4245.0,49332.70836
757-251,05/22/2008,BOEING,575,1,4003.0,45780.89498
737-3B7,10/27/2006,BOEING,341,0,2156.0,21957.83496
757-222,08/25/1995,BOEING,559,0,4263.0,49986.1004
757-251,10/27/2005,BOEING,575,1,3507.0,42383.57824
757-222,02/20/1991,BOEING,559,0,3494.0,40571.4614
757-251,06/22/2006,BOEING,575,0,3346.0,38109.1712
737-3B7,04/15/2005,BOEING,268,0,2145.0,22223.37606
757-222,03/22/1991,BOEING,1662,0,4126.0,48536.08506
757-251,06/21/2006,BOEING,575,0,4954.0,57091.3365
737-3B7,04/15/2005,BOEING,341,0,2121.0,22422.93422
757-222,03/29/1991,BOEING,559,0,3323.0,39839.2117
757-251,06/21/2006,BOEING,575,1,3463.0,40400.87136
737-3B7,04/12/2005,BOEING,826,0,2260.0,23385.31954
757-222,06/21/1991,BOEING,1600,0,1851.0,22480.87046
757-251,10/20/2004,BOEING,361,0,3865.0,44179.60168
737-3B7,07/18/2003,BOEING,341,0,2389.0,25200.65506
757-222,06/21/1991,BOEING,1753,0,4604.0,52208.598939999996
757-251,12/14/1988,BOEING,1531,2,3087.0,36662.37454
737-3B7,07/22/2003,BOEING,344,0,1447.0,14582.22974
757-222,09/15/2006,BOEING,451,0,3323.0,38915.45054
757-251,12/14/1988,BOEING,355,0,2995.0,34932.33404
757-222,02/23/2006,BOEING,157,0,3616.0,41929.74436
757-251,12/14/1988,BOEING,575,0,2624.0,30363.41778
757-222,06/13/1991,BOEING,1662,0,2166.0,25763.92406
757-251,11/22/1995,BOEING,575,1,4034.0,47451.3899
757-222,07/31/1991,BOEING,559,0,3685.0,40553.75866
757-251,12/26/1995,BOEING,355,0,2385.0,27389.35746
757-222,07/18/1991,BOEING,559,0,4243.0,49500.07972
757-251,03/01/1996,BOEING,353,0,1960.0,21961.05364
757-222,02/23/2006,BOEING,1950,0,3498.0,41347.16328
757-251,04/02/2007,BOEING,1531,0,3623.0,41680.29666
757-222,02/23/2006,BOEING,1950,0,3343.0,39263.06798
757-222,02/24/2006,BOEING,1600,0,3153.0,36932.74366
C90,12/16/2005,BEECH,761,0,1700.0,18937.10378
757-222,02/28/2006,BOEING,559,0,4799.0,55774.89638
737-824,10/20/1999,BOEING,749,0,2529.0,30382.72986
757-222,01/13/2005,BOEING,559,0,4640.0,53851.73508
VANS AIRCRAFT RV6,01/26/2007,FRIEDEMANN JON,2025,0,1177.0,13161.18252
757-222,01/11/2005,BOEING,898,0,2737.0,35004.75434
757-251,05/21/1996,BOEING,361,0,3637.0,40228.67198
PA-32R-300,06/12/1995,PIPER,385,0,1477.0,16899.67934
757-222,11/13/1991,BOEING,1950,0,1155.0,14221.737579999999
757-251,06/21/1996,BOEING,351,0,3776.0,44860.3525
757-222,12/13/1991,BOEING,898,0,3413.0,42098.72506
757-251,07/22/1996,BOEING,575,0,3683.0,41858.9334
737-724,09/22/1998,BOEING,251,0,3318.0,38394.02438
FALCON XP,03/20/1987,STINNETT RON,1593,0,1979.0,22665.94456
757-222,12/23/1991,BOEING,46,0,2870.0,35730.566679999996
757-251,08/26/1996,BOEING,351,0,3121.0,35737.00404
757-222,02/24/2006,BOEING,898,0,3926.0,49715.73128
757-251,08/30/1996,BOEING,1531,0,3073.0,35281.56082
757-222,02/24/2006,BOEING,149,0,1430.0,17042.9106
757-251,09/23/1996,BOEING,1531,0,3676.0,42616.93254
HST-550,05/17/2001,HELIO,1593,0,1031.0,11709.55784
757-222,02/22/2006,BOEING,46,0,1247.0,15150.32676
FALCON XP,09/05/1985,LEBLANC GLENN T,893,0,1378.0,15964.6528
757-222,03/31/1992,BOEING,1950,0,2600.0,30970.13896
DC-9-82(MD-82),03/28/1991,MCDONNELL DOUGLAS,1717,0,1164.0,12993.81116
757-222,03/31/1992,BOEING,46,0,3269.0,40717.91134
DC-9-82(MD-82),03/28/1991,MCDONNELL DOUGLAS,527,0,977.0,11089.96194
757-222,03/31/1992,BOEING,1662,0,2666.0,31359.59924
DC-9-82(MD-82),03/29/1991,MCDONNELL DOUGLAS,1851,0,810.0,9054.14684
757-222,03/31/1992,BOEING,1662,0,2701.0,31773.19962
757-222,05/26/2004,BOEING,559,0,3794.0,43434.47726
DC-9-82(MD-82),07/02/1991,MCDONNELL DOUGLAS,527,0,674.0,7317.66898
757-222,05/26/2004,BOEING,559,0,3006.0,35402.26132
KITFOX IV,02/25/1993,MARZ BARRY,2025,0,1964.0,22347.29524
757-222,05/19/2004,BOEING,1950,0,2458.0,28343.69608
DC-9-82(MD-82),07/02/1991,MCDONNELL DOUGLAS,1733,0,1556.0,18311.07052
757-222,05/26/2004,BOEING,1950,0,3600.0,41223.244099999996
DC-9-82(MD-82),07/03/1991,MCDONNELL DOUGLAS,1841,0,248.0,2829.21972
757-222,05/26/2004,BOEING,151,0,2482.0,29861.3037
757-222,05/26/2004,BOEING,1753,0,4601.0,52400.1104
DC-9-82(MD-82),07/02/1991,MCDONNELL DOUGLAS,1887,0,1075.0,14636.9473
757-222,05/20/2004,BOEING,149,0,2663.0,30353.761739999998
DC-9-83(MD-83),03/12/2004,MCDONNELL DOUGLAS,1033,0,3807.0,42855.11486
757-222,05/19/2004,BOEING,1950,0,4239.0,48991.52828
DC-9-83(MD-83),03/12/2004,MCDONNELL DOUGLAS,1033,0,3052.0,33660.95544
757-222,05/19/2004,BOEING,1578,1,3639.0,40904.59478
757-222,05/25/2004,BOEING,559,0,3229.0,38598.41056
DC-9-83(MD-83),12/16/1994,MCDONNELL DOUGLAS,2235,0,4132.0,47031.35216
757-222,05/27/2004,BOEING,1950,0,3117.0,36480.51912
DC-9-83(MD-83),10/12/1995,MCDONNELL DOUGLAS,761,0,3162.0,37592.57306
757-222,05/19/2004,BOEING,559,0,4835.0,55523.83934
OTTER DHC-3,01/09/1976,DEHAVILLAND,1593,0,2958.0,32943.1898
757-222,07/26/2006,BOEING,1600,0,2998.0,34847.03902
DC-9-83(MD-83),10/11/1995,MCDONNELL DOUGLAS,2235,0,3968.0,44073.38524
757-222,07/26/2006,BOEING,271,0,3246.0,38049.62562
DC-9-83(MD-83),10/22/1987,MCDONNELL DOUGLAS,2235,0,3242.0,35886.67266
757-222,07/26/2006,BOEING,1753,0,2147.0,24865.91234
DC-9-83(MD-83),10/22/1987,MCDONNELL DOUGLAS,2235,0,3837.0,42911.44176
757-222,07/28/2006,BOEING,1600,0,3457.0,38186.41952
757-224,12/15/1994,BOEING,157,0,363.0,4127.9571
DC-9-83(MD-83),10/22/1987,MCDONNELL DOUGLAS,2709,0,3379.0,37590.96372
757-222,07/27/2006,BOEING,157,0,2923.0,34773.00938
DC-9-83(MD-83),07/09/1998,MCDONNELL DOUGLAS,2235,0,2994.0,34748.86928
757-222,07/27/2006,BOEING,559,0,3742.0,43516.5536
DC-9-82(MD-82),07/02/1991,MCDONNELL DOUGLAS,1593,0,1799.0,20597.94266
757-222,09/23/1993,BOEING,559,0,3667.0,42756.94512
DC-9-82(MD-82),07/02/1991,MCDONNELL DOUGLAS,1929,0,1349.0,15929.24732
757-222,09/23/1993,BOEING,559,0,3902.0,46347.38266
737-301,06/08/2005,BOEING,1805,0,1563.0,17290.74896
210-5(205),06/19/1991,CESSNA,893,0,821.0,9527.2928
757-222,02/27/2006,BOEING,1578,0,3693.0,43674.26892
DC-9-82(MD-82),07/01/1991,MCDONNELL DOUGLAS,893,0,1114.0,12948.74964
757-222,02/18/1993,BOEING,1748,0,3846.0,47679.91618
DC-9-82(MD-82),07/31/1991,MCDONNELL DOUGLAS,527,0,1221.0,14163.80134
757-222,02/28/2006,BOEING,877,0,3893.0,47446.56188
DC-9-82(MD-82),07/31/1991,MCDONNELL DOUGLAS,893,0,1683.0,19534.16892
757-222,02/27/2006,BOEING,877,0,3744.0,45114.62822
DC-9-82(MD-82),07/31/1991,MCDONNELL DOUGLAS,893,0,1548.0,18434.9897
757-222,04/12/1993,BOEING,877,0,2409.0,29280.33196
DC-9-82(MD-82),07/31/1991,MCDONNELL DOUGLAS,1593,0,1749.0,20924.63868
757-222,04/21/1993,BOEING,877,0,4011.0,49838.04112
757-224,05/13/1994,BOEING,157,0,1405.0,16511.8284
DC-9-82(MD-82),07/26/1991,MCDONNELL DOUGLAS,1633,0,1698.0,19429.56182
757-222,05/04/1993,BOEING,1999,0,3396.0,42956.50328
DC-9-82(MD-82),07/30/1991,MCDONNELL DOUGLAS,893,0,1720.0,18851.80876
757-222,05/20/1993,BOEING,1748,0,2761.0,33186.20014
DC-9-82(MD-82),08/07/1991,MCDONNELL DOUGLAS,1065,0,1618.0,19215.5196
757-222,09/01/1994,BOEING,1999,0,3193.0,38934.76262
DC-9-82(MD-82),09/30/1991,MCDONNELL DOUGLAS,527,0,905.0,10301.38534
757-222,06/25/1993,BOEING,1748,0,4194.0,50330.49916
DC-9-82(MD-82),08/23/1991,MCDONNELL DOUGLAS,1633,0,1687.0,19188.16082
757-222,07/14/1993,BOEING,877,0,3343.0,38759.34456
737-524,03/22/1994,BOEING,765,0,543.0,6789.80546
DC-9-82(MD-82),08/28/1991,MCDONNELL DOUGLAS,1593,0,2250.0,25722.08122
757-222,07/30/1993,BOEING,1748,0,4690.0,58489.85296
DC-9-82(MD-82),09/30/1991,MCDONNELL DOUGLAS,1593,0,1181.0,13148.3078
757-222,08/12/1993,BOEING,877,0,3595.0,42449.56118
DC-9-83(MD-83),09/30/1991,MCDONNELL DOUGLAS,527,0,3827.0,44440.31476
757-222,08/16/1993,BOEING,1999,0,2644.0,31465.81568
737-301,10/30/2006,BOEING,341,0,1871.0,17825.04984
DC-9-83(MD-83),09/30/1991,MCDONNELL DOUGLAS,2235,0,3179.0,36205.32198
757-222,11/04/1997,BOEING,1578,0,3737.0,46659.594619999996
737-301,10/25/2006,BOEING,1805,0,2793.0,31633.18704
DC-9-83(MD-83),09/30/1991,MCDONNELL DOUGLAS,1033,0,3566.0,40182.00112
757-222,01/02/1998,BOEING,46,0,1918.0,23396.58492
737-301,11/03/2006,BOEING,1805,0,1248.0,11915.55336
DC-9-83(MD-83),10/09/1991,MCDONNELL DOUGLAS,2235,0,1915.0,24286.54994
737-301,10/24/2006,BOEING,268,0,1551.0,15082.73448
DC-9-83(MD-83),11/15/1991,MCDONNELL DOUGLAS,1593,0,3002.0,33302.07262
757-222,07/11/1996,BOEING,559,0,3145.0,37127.4738
737-3TO,04/03/2006,BOEING,1828,0,656.0,7166.39102
737-3TO,04/16/2007,BOEING,1863,0,1135.0,12612.39758
DC-9-83(MD-83),11/13/1991,MCDONNELL DOUGLAS,2235,0,4480.0,50687.77264
757-222,08/13/1996,BOEING,1600,0,2894.0,33413.117079999996
DC-9-83(MD-83),02/19/1992,MCDONNELL DOUGLAS,2235,0,3723.0,41506.48794
757-222,09/13/1996,BOEING,1753,0,4889.0,57326.30014
DC-9-83(MD-83),04/14/1992,MCDONNELL DOUGLAS,2235,0,4839.0,54643.53036
757-222,02/06/1998,BOEING,898,0,2631.0,33414.72642
737-524,05/31/1995,BOEING,1847,0,1861.0,23285.54046
DC-9-83(MD-83),06/11/1992,MCDONNELL DOUGLAS,2235,0,4882.0,53632.86484
757-222,03/18/1998,BOEING,46,0,3087.0,37325.42262
DC-9-83(MD-83),06/30/1992,MCDONNELL DOUGLAS,2235,0,3631.0,40940.00026
757-222,01/12/1999,BOEING,1578,0,3919.0,50301.53104
DC-9-83(MD-83),07/28/1992,MCDONNELL DOUGLAS,1033,0,2875.0,33126.65456
757-222,01/28/1999,BOEING,46,0,1956.0,23803.74794
DC-9-83(MD-83),07/23/1992,MCDONNELL DOUGLAS,2235,0,3071.0,36284.17964
DC-9-51,03/01/1995,MCDONNELL DOUGLAS,1163,0,670.0,7048.9092
757-232,03/27/1985,BOEING,1073,1,3624.0,42401.28098
757-232,06/20/2007,BOEING,1512,0,2559.0,29608.63732
DC-9-32,06/03/2008,MCDONNELL DOUGLAS,1802,0,340.0,4037.83406
757-232,06/15/2007,BOEING,1512,2,3381.0,39298.47346
757-232,06/20/2007,BOEING,465,0,2792.0,31663.7645
757-232,06/22/2007,BOEING,1617,0,5157.0,60276.22036
757-232,02/08/1985,BOEING,303,0,2749.0,32169.09726
DC-9-32,04/01/1996,MCDONNELL DOUGLAS,1540,0,253.0,2811.51698
737-790,07/30/1999,BOEING,490,0,6021.0,66467.35134
757-232,06/22/2007,BOEING,231,4,4176.0,47650.94806
757-232,07/03/1985,BOEING,1073,2,3964.0,46912.261
DC-9-32,01/26/1996,MCDONNELL DOUGLAS,1473,2,354.0,3537.32932
737-790,08/24/1999,BOEING,490,0,7454.0,79971.32328
757-232,06/21/2007,BOEING,1512,0,3433.0,39393.42452
757-223,10/04/1989,BOEING,775,0,1878.0,21552.28128
757-232,06/22/2007,BOEING,1512,2,3631.0,42999.95546
DC-9-32,02/23/1996,MCDONNELL DOUGLAS,874,0,257.0,2927.38946
F85P-1,05/05/1998,MORSE GEORGE JR,65,0,1910.0,22244.29748
737-790,10/07/1999,BOEING,344,0,7073.0,79383.91417999999
757-232,06/20/2007,BOEING,1617,3,3159.0,36210.15
757-223,10/04/1989,BOEING,2294,0,949.0,11724.0419
737-790,11/03/1999,BOEING,490,0,7762.0,84144.3419
757-232,06/15/2007,BOEING,1617,1,2460.0,26972.5384
737-3TO,04/04/2006,BOEING,1828,0,859.0,8989.77324
757-223,10/03/1989,BOEING,2009,0,3426.0,45703.64666
737-790,01/12/2000,BOEING,344,0,6663.0,72671.35704
757-232,02/21/1986,BOEING,1429,1,2715.0,31003.9351
DC-9-32,10/20/1995,MCDONNELL DOUGLAS,876,0,422.0,4829.62934
757-223,06/02/1999,BOEING,1565,0,4457.0,59637.31238
737-790,01/25/2000,BOEING,344,0,6507.0,71198.81094
757-232,02/25/1986,BOEING,1512,1,3133.0,36786.29372
65-A90,10/28/2004,BEECH,1565,0,2582.0,35904.3754
757-232,03/26/1986,BOEING,1617,0,3258.0,37679.47742
757-223,05/20/1999,BOEING,1151,0,908.0,12702.52062
757-232,08/01/1986,BOEING,465,0,4014.0,46830.18466
757-232,09/18/1986,BOEING,303,1,3682.0,42439.90514
757-223,12/14/1999,BOEING,775,0,1263.0,14867.08292
757-232,08/04/1986,BOEING,1429,1,4061.0,45512.1352
757-223,12/14/1999,BOEING,2296,0,1903.0,20858.65574
A320-232,09/02/2003,AIRBUS INDUSTRIE,253,1,0.0,0.0
757-232,10/03/1986,BOEING,1440,1,2559.0,28873.16894
757-223,12/14/1999,BOEING,2294,0,1389.0,15784.406719999999
A320-231,12/19/1994,AIRBUS INDUSTRIE,2290,4,7131.0,79259.995
172M,06/13/2003,CESSNA,1470,0,3347.0,46424.63098
A320-231,09/06/1989,AIRBUS INDUSTRIE,2846,0,2560.0,29484.71814
757-232,01/12/1987,BOEING,383,0,2625.0,29330.2215
757-223,09/11/1990,BOEING,1565,0,3154.0,42763.38248
A320-231,09/01/1989,AIRBUS INDUSTRIE,2282,0,7617.0,84665.76806
757-232,01/21/1987,BOEING,1429,1,3928.0,44240.7566
757-223,09/06/1990,BOEING,2296,0,1836.0,20488.50754
757-232,04/03/1987,BOEING,2049,0,3627.0,41644.89118
757-223,09/05/1990,BOEING,1642,0,1844.0,20393.55648
A320-231,09/26/1989,AIRBUS INDUSTRIE,2856,4,6743.0,76594.92796
757-232,04/03/1987,BOEING,1617,0,2933.0,33631.98732
757-223,09/07/1990,BOEING,2280,0,1850.0,19764.30454
A320-231,09/21/1989,AIRBUS INDUSTRIE,2282,3,6653.0,74124.59106
757-232,10/15/2007,BOEING,1617,1,3531.0,40267.29614
737-524,06/13/1995,BOEING,1685,0,467.0,5050.10892
757-223,09/05/1990,BOEING,2296,0,1251.0,13573.17356
A320-231,04/02/1990,AIRBUS INDUSTRIE,2282,4,8377.0,94193.06086
757-232,07/25/1987,BOEING,1512,2,3299.0,37251.39298
757-223,09/28/1990,BOEING,775,0,1473.0,16877.14858
A320-231,01/19/1990,AIRBUS INDUSTRIE,2282,0,9357.0,105555.00126
757-232,10/15/2007,BOEING,465,4,2818.0,32283.3604
757-223,09/04/1990,BOEING,1247,0,1383.0,16117.5401
A320-231,01/04/1990,AIRBUS INDUSTRIE,2282,2,6255.0,70646.80731999999
757-232,07/01/1987,BOEING,1073,3,3584.0,41105.76228
757-223,12/14/1999,BOEING,2296,0,2281.0,24535.99764
A320-231,01/18/1990,AIRBUS INDUSTRIE,2282,1,8373.0,94865.76497999999
757-232,12/15/1987,BOEING,1512,1,3194.0,36218.1967
757-223,12/14/1999,BOEING,775,0,2101.0,24214.12964
757-232,12/14/1987,BOEING,1617,1,1600.0,18520.28472
757-223,11/08/1990,BOEING,2294,0,2455.0,27259.00092
A320-231,12/27/1989,AIRBUS INDUSTRIE,297,1,8006.0,89863.93626
757-232,12/21/1987,BOEING,1429,1,2482.0,28815.2327
757-223,11/08/1990,BOEING,775,0,2638.0,29505.63956
A320-231,01/03/1990,AIRBUS INDUSTRIE,2282,3,7277.0,81614.45942
757-232,12/29/1987,BOEING,231,0,4382.0,49973.22568
737-3TO,01/19/2006,BOEING,1683,0,649.0,7433.54146
757-223,11/16/1990,BOEING,2296,0,2059.0,22136.4717
A320-231,01/02/1989,AIRBUS INDUSTRIE,2282,7,7155.0,80869.335
757-232,08/02/2006,BOEING,231,0,4490.0,51093.32632
757-223,12/20/1990,BOEING,2296,0,671.0,7237.20198
A320-231,09/28/1990,AIRBUS INDUSTRIE,2290,1,8073.0,91021.05172
757-232,02/03/1988,BOEING,1512,3,2356.0,26156.60302
757-223,12/19/1990,BOEING,2296,0,827.0,8976.89852
757-232,03/03/1988,BOEING,1073,1,1963.0,21603.78016
A320-231,09/28/1990,AIRBUS INDUSTRIE,2282,2,7078.0,82533.39256
757-232,06/03/1988,BOEING,1617,3,2942.0,34544.4831
FALCON-XP,09/17/1993,BAUMAN RANDY,775,0,1898.0,23060.23286
A320-231,09/28/1990,AIRBUS INDUSTRIE,2192,0,784.0,9023.56938
757-232,06/03/1988,BOEING,303,0,3387.0,38690.14294
757-223,04/19/1991,BOEING,2296,0,904.0,10441.39792
757-232,06/16/1988,BOEING,1617,2,2538.0,29024.4469
757-223,02/27/1991,BOEING,2296,0,2897.0,32408.88892
757-232,12/05/1988,BOEING,465,0,4058.0,46949.27582
A320-232,05/25/1999,AIRBUS INDUSTRIE,297,3,8781.0,99680.91026
757-232,12/21/1988,BOEING,303,0,2751.0,31452.94096
757-223,01/11/2002,BOEING,2712,0,2529.0,28015.39072
757-232,12/31/2002,BOEING,1073,2,2400.0,27485.91786
767-322,04/19/1991,BOEING,870,0,2160.0,25540.2258
757-223,04/08/1991,BOEING,2280,0,577.0,6575.76324
A320-232,11/28/2007,AIRBUS INDUSTRIE,297,2,6823.0,76987.60692
757-232,01/26/1989,BOEING,1429,0,2599.0,31081.18342
767-322,11/23/2005,BOEING,984,0,4648.0,54398.91068
757-223,07/03/1991,BOEING,2154,0,1623.0,18061.62282
757-232,02/11/1989,BOEING,465,2,2095.0,24357.3609
767-322,11/22/2005,BOEING,7,0,1415.0,16758.05742
A320-231,02/10/2003,AIRBUS INDUSTRIE,297,2,7205.0,79778.20247999999
757-232,02/15/1989,BOEING,231,2,3051.0,34803.586839999996
767-322,11/22/2005,BOEING,984,0,3005.0,34692.54238
757-232,12/31/2002,BOEING,231,2,2875.0,33570.8324
757-232,05/01/1989,BOEING,231,0,1728.0,19300.81462
767-322,11/04/2005,BOEING,984,0,2210.0,24888.4431
A320-232,11/01/2007,AIRBUS INDUSTRIE,2290,5,6513.0,72800.10424
757-232,05/05/1989,BOEING,1073,1,2115.0,23890.6523
767-322,11/28/2005,BOEING,984,0,2875.0,32941.58046
A320-232,10/31/2007,AIRBUS INDUSTRIE,2856,4,8124.0,92776.84166
757-232,05/05/1989,BOEING,2046,0,3519.0,39749.08866
767-322,10/04/2005,BOEING,984,0,1751.0,20726.68986
A320-232,04/21/1998,AIRBUS INDUSTRIE,2874,2,6917.0,77998.27244
757-232,05/26/1989,BOEING,1617,2,2665.0,30360.1991
767-322,07/27/1992,BOEING,984,0,3136.0,36836.18326
A320-232,05/07/2004,AIRBUS INDUSTRIE,297,1,7596.0,85874.3824
757-232,06/29/1989,BOEING,1035,1,2618.0,29096.8672
A320-232,05/14/2004,AIRBUS INDUSTRIE,2449,4,7356.0,81216.95244
757-232,07/28/1989,BOEING,465,1,2071.0,23742.59302
767-322,09/14/1992,BOEING,984,0,1677.0,20269.6373
A320-232,06/10/2004,AIRBUS INDUSTRIE,2282,1,7315.0,80816.22678
757-232,07/28/1989,BOEING,1617,1,3314.0,38801.1874
767-322,10/01/1992,BOEING,870,0,1920.0,22286.14032
A320-232,06/04/2004,AIRBUS INDUSTRIE,297,3,7292.0,80471.82802
757-232,12/31/2002,BOEING,1617,0,2785.0,32367.04608
767-322,10/28/1992,BOEING,984,0,2525.0,29508.85824
A320-232,06/17/2004,AIRBUS INDUSTRIE,2282,2,7976.0,89234.68432
757-232,02/27/1990,BOEING,1512,1,1964.0,21924.03882
767-322,10/04/2005,BOEING,984,0,2460.0,28324.384
A320-232,06/23/2004,AIRBUS INDUSTRIE,2807,0,7713.0,87430.61418
757-232,03/02/1990,BOEING,303,1,865.0,9995.61074
767-322,09/21/2005,BOEING,48,0,2892.0,34560.5765
A320-232,06/30/2004,AIRBUS INDUSTRIE,2282,4,7248.0,80753.46252
757-232,03/09/1990,BOEING,631,2,2750.0,31628.35902
767-322,10/04/2005,BOEING,870,0,1213.0,14513.028119999999
A320-232,07/09/2004,AIRBUS INDUSTRIE,2290,4,9035.0,102157.68452
757-232,06/19/1990,BOEING,303,2,3542.0,40289.8269
767-322,07/27/2005,BOEING,984,0,2837.0,33670.61148
A320-232,11/10/1999,AIRBUS INDUSTRIE,297,1,5991.0,66592.87986
757-232,06/14/2007,BOEING,1617,0,2970.0,34695.76106
767-322,07/26/2005,BOEING,984,0,3140.0,37296.4545
757-232,10/04/2007,BOEING,1617,0,2111.0,23237.26026
767-322,07/28/2005,BOEING,984,0,1686.0,20538.39708
757-232,07/24/2007,BOEING,1617,2,5351.0,60627.05648
767-322,07/26/2005,BOEING,984,0,3824.0,45885.50208
757-232,12/27/1990,BOEING,1512,2,2459.0,27537.41674
767-322,11/04/2005,BOEING,984,0,1822.0,20538.39708
757-232,02/15/1991,BOEING,1617,1,3912.0,45819.51914
767-322,05/14/1997,BOEING,984,0,2413.0,28514.28612
757-232,02/15/1991,BOEING,1429,3,3118.0,35828.73642
767-322,06/13/1997,BOEING,984,0,1016.0,12483.65038
757-232,06/28/1991,BOEING,1617,3,3618.0,41595.00164
767-322,12/03/1998,BOEING,48,0,2769.0,36327.63182
757-232,03/06/2007,BOEING,1617,2,3958.0,44834.60306
767-322,07/28/2004,BOEING,48,0,2784.0,35349.1531
757-232,03/22/1991,BOEING,1512,0,3339.0,36795.94976
767-322,08/26/1998,BOEING,48,0,2480.0,31629.96836
757-232,06/28/1991,BOEING,1512,0,2394.0,26484.90838
767-322,11/24/1998,BOEING,48,0,3709.0,46738.45228
757-232,06/26/1991,BOEING,1073,0,3862.0,44268.11538
767-322,03/19/1999,BOEING,48,0,3645.0,49234.53862
757-232,07/01/1991,BOEING,303,3,2790.0,31671.8112
767-322,06/30/1999,BOEING,48,0,1261.0,15784.406719999999
757-232,09/28/1999,BOEING,2049,0,4250.0,48545.7411
757-232,10/08/1999,BOEING,2049,0,2472.0,28076.54564
757-232,11/22/1999,BOEING,231,0,3354.0,38488.97544
757-232,01/25/2000,BOEING,383,0,397.0,4607.54042
757-232,01/10/1991,BOEING,1617,3,2400.0,27318.5465
DC-9-51,08/21/2000,MCDONNELL DOUGLAS,1817,0,554.0,6026.9783
767-322,09/02/1999,BOEING,48,0,2955.0,37684.30544
757-224,02/04/1999,BOEING,1637,0,726.0,8510.18992
757-232,01/13/1992,BOEING,1617,2,2567.0,28709.01626
DC-9-51,08/17/2000,MCDONNELL DOUGLAS,851,3,426.0,4609.14976
767-322,10/05/1999,BOEING,48,0,2341.0,27680.648
757-232,02/24/1992,BOEING,2159,1,3113.0,34887.27252
767-322,12/23/1999,BOEING,48,0,2351.0,30450.32214
757-232,02/25/1992,BOEING,465,0,3461.0,40178.78244
757-232,03/26/1992,BOEING,1512,1,2926.0,31951.83636
757-232,09/17/1992,BOEING,303,2,2676.0,31580.07882
DC-9-51,08/31/2000,MCDONNELL DOUGLAS,1726,0,86.0,806.27934
757-232,06/03/1992,BOEING,1617,2,3412.0,39594.59202
DC-9-51,08/31/2000,MCDONNELL DOUGLAS,851,0,734.0,7333.76238
757-232,05/26/1992,BOEING,303,0,807.0,9295.54784
DC-9-51,08/31/2000,MCDONNELL DOUGLAS,1163,0,581.0,6442.18802
757-232,06/29/1992,BOEING,631,3,2593.0,29983.61354
757-232,11/13/1992,BOEING,231,1,3731.0,43836.81226
757-232,11/20/1992,BOEING,1512,0,2590.0,28791.0926
757-232,11/06/2007,BOEING,1617,3,2265.0,25895.88994
757-232,11/07/2007,BOEING,465,1,3740.0,42483.35732
757-232,06/24/1993,BOEING,465,1,2650.0,30403.65128
757-232,06/24/1993,BOEING,231,1,4104.0,46558.2062
757-232,03/31/1995,BOEING,1512,1,4134.0,46105.98166
757-232,09/21/1995,BOEING,1429,1,2797.0,31980.80448
757-232,05/05/1998,BOEING,1512,1,3303.0,37759.94442
757-232,05/22/1998,BOEING,1617,4,4000.0,45196.70456
757-232,06/18/1998,BOEING,1429,2,3340.0,39036.15104
757-232,06/29/1998,BOEING,1512,2,3226.0,37307.71988
757-232,09/04/1998,BOEING,1512,1,3587.0,41176.57324
737-3TO,10/01/1985,BOEING,1863,0,1027.0,12520.6652
737-3TO,10/26/1987,BOEING,1683,0,587.0,6675.54232
737-3TO,10/08/1998,BOEING,1975,0,129.0,1401.73514
757-232,10/20/1998,BOEING,2046,0,3005.0,33989.2608
737-524,02/08/1996,BOEING,1654,0,1247.0,14429.34244
737-524,02/14/1994,BOEING,1652,0,891.0,10756.82856
DA 20-A1,03/31/2006,DIAMOND AIRCRAFT IND INC,1099,1,2243.0,25461.36814
757-232,08/03/1999,BOEING,465,3,3392.0,38786.70334
757-232,09/01/1999,BOEING,1429,2,3167.0,35914.03144
757-232,09/15/1999,BOEING,1617,1,3182.0,35180.1724
A319-112,12/16/1998,AIRBUS INDUSTRIE,71,0,6310.0,70749.80508
A319-112,12/17/1998,AIRBUS INDUSTRIE,45,0,6346.0,74559.11286
757-2Q8,11/25/1996,BOEING,36,0,2351.0,27830.31662
A319-112,12/15/1998,AIRBUS INDUSTRIE,65,0,6193.0,73955.61036
737-3TO,07/16/2004,BOEING,514,0,355.0,4335.56196
737-3TO,10/08/1998,BOEING,1683,0,781.0,9042.88146
737-3TO,06/13/2008,BOEING,1656,0,666.0,8012.90386
737-490,06/26/1998,BOEING,490,0,10526.0,116834.86532
757-2Q8,01/14/1997,BOEING,144,0,2795.0,34464.0161
A319-112,12/15/1998,AIRBUS INDUSTRIE,71,0,7369.0,85373.87766
737-490,07/08/1998,BOEING,490,0,8660.0,98235.72293999999
757-231,07/30/1998,BOEING,144,0,4053.0,50307.9684
A319-112,12/22/1998,AIRBUS INDUSTRIE,71,0,7629.0,89096.28108
737-490,07/23/1998,BOEING,382,0,8357.0,94249.38776
757-2Q8,02/18/1997,BOEING,144,0,3696.0,47415.98442
757-2Q8,02/25/1997,BOEING,36,0,1656.0,20351.713639999998
737-490,02/25/1999,BOEING,490,0,9948.0,110453.83222
A319-112,03/10/1999,AIRBUS INDUSTRIE,45,0,6849.0,80676.2142
757-2Q8,05/15/1997,BOEING,144,0,4262.0,53483.19622
A319-112,04/06/1999,AIRBUS INDUSTRIE,71,0,7266.0,83515.08996
757-2Q8,05/30/1997,BOEING,144,0,2954.0,36718.70144
A319-112,05/27/1999,AIRBUS INDUSTRIE,71,0,6646.0,77304.64689999999
A319-112,06/22/1999,AIRBUS INDUSTRIE,65,0,6823.0,81159.0162
757-231,10/05/2001,BOEING,36,0,3242.0,40513.52516
757-2Q8,08/26/2003,BOEING,144,0,5241.0,62286.28602
737-490,05/25/1999,BOEING,490,0,7209.0,80671.38618
757-2Q8,11/25/2003,BOEING,144,0,3755.0,44519.17242
A319-112,07/09/1999,AIRBUS INDUSTRIE,101,0,7113.0,85312.72274
A319-112,08/04/1999,AIRBUS INDUSTRIE,149,0,6850.0,82074.73066
A319-112,08/04/1999,AIRBUS INDUSTRIE,105,0,8282.0,100723.76258
757-231,03/17/1999,BOEING,94,0,3650.0,41839.62132
A319-112,09/17/1999,AIRBUS INDUSTRIE,71,0,5901.0,67223.74114
757-231,05/27/1999,BOEING,144,0,2754.0,33965.1207
757-231,06/30/1999,BOEING,144,0,3329.0,43128.70266
A319-112,10/22/1999,AIRBUS INDUSTRIE,71,0,6953.0,79699.34482
757-231,10/26/1999,BOEING,144,0,3739.0,45639.27306
A319-112,12/07/1999,AIRBUS INDUSTRIE,71,0,5382.0,62162.36684
A319-112,11/23/1999,AIRBUS INDUSTRIE,71,0,7417.0,88777.63176
A319-112,12/07/1999,AIRBUS INDUSTRIE,71,0,7631.0,90259.8339
757-212,10/29/1996,BOEING,465,2,3341.0,39150.41418
DC-9-41,05/03/1996,DOUGLAS,391,1,554.0,6022.15028
757-212,01/09/1997,BOEING,1073,2,2530.0,28137.70056
DC-9-41,06/27/1996,MCDONNELL DOUGLAS,160,1,705.0,8511.79926
757-212,11/04/1996,BOEING,465,1,2655.0,29687.49498
DC-9-41,07/01/1996,DOUGLAS,391,0,686.0,7617.00622
DC-9-41,05/03/1996,DOUGLAS,874,2,592.0,6841.30434
737-4Q8,12/22/1995,BOEING,490,0,9812.0,110465.0976
DC-9-41,05/07/1996,MCDONNELL DOUGLAS,1720,2,85.0,788.5766
737-4Q8,12/22/1995,BOEING,384,0,10314.0,115640.73504
DC-9-41,06/28/1996,MCDONNELL DOUGLAS,279,1,639.0,7541.36724
737-4Q8,04/01/1996,BOEING,344,0,8956.0,105801.23028
DC-9-41,06/28/1996,DOUGLAS,1473,0,504.0,5470.14666
757-212,11/06/1996,BOEING,1617,0,1998.0,22162.22114
DC-9-41,05/03/1996,MCDONNELL DOUGLAS,1802,1,525.0,6244.2392
DC-9-41,06/28/1996,MCDONNELL DOUGLAS,1257,0,452.0,5130.57592
737-4Q8,04/01/1996,BOEING,386,0,9801.0,110008.04504
DC-9-51,01/06/1987,MCDONNELL DOUGLAS,851,0,507.0,5684.18888
DC-9-41,06/28/1996,MCDONNELL DOUGLAS,391,0,768.0,8862.63538
DC-9-51,12/29/1986,MCDONNELL DOUGLAS,1163,1,603.0,6805.89886
737-4Q8,12/24/1998,BOEING,490,0,8276.0,93621.74516
DC-9-51,12/16/1986,MCDONNELL DOUGLAS,851,2,817.0,8302.58506
DC-9-41,05/03/1996,MCDONNELL DOUGLAS,287,1,476.0,5565.09772
737-3TO,12/30/1999,BOEING,1683,0,313.0,3374.78598
737-3TO,10/08/1998,BOEING,1683,0,430.0,5030.79684
737-4Q8,12/17/1997,BOEING,374,0,9254.0,105365.09914
DC-9-41,07/01/1996,MCDONNELL DOUGLAS,458,0,418.0,4541.55748
737-4Q8,09/29/1999,BOEING,490,0,9971.0,110403.94268
DC-9-51,12/22/1986,MCDONNELL DOUGLAS,851,0,384.0,4279.23506
737-4Q8,09/29/1999,BOEING,386,0,9259.0,106090.91148
DC-9-51,12/22/1986,MCDONNELL DOUGLAS,851,1,583.0,6284.4727
DC-9-51,12/22/1986,MCDONNELL DOUGLAS,851,1,609.0,6327.92488
737-490,09/09/1992,BOEING,386,0,8624.0,97339.32056
DC-9-51,12/22/1986,MCDONNELL DOUGLAS,851,2,447.0,4885.9562399999995
737-490,09/10/1992,BOEING,384,0,10121.0,113260.52118
DC-9-51,12/22/1986,MCDONNELL DOUGLAS,283,0,378.0,4230.95486
777-222,06/27/1995,BOEING,287,0,239.0,3112.46356
737-4Q8,05/28/1997,BOEING,490,0,9522.0,102355.63334
777-222,06/30/1995,BOEING,1529,0,381.0,4760.42772
DC-9-51,12/22/1986,MCDONNELL DOUGLAS,1163,0,600.0,6456.67208
737-4Q8,11/24/1997,BOEING,490,0,9047.0,103775.07122
DC-9-51,12/22/1986,MCDONNELL DOUGLAS,457,0,344.0,3624.23368
737-4Q8,08/19/1999,BOEING,374,0,4497.0,49799.41696
DC-9-51,12/22/1986,MCDONNELL DOUGLAS,1163,1,554.0,5798.45202
737-3TO,04/05/2006,BOEING,1828,0,323.0,3423.06618
737-4Q8,02/22/2002,BOEING,490,0,8375.0,95089.46324
DC-9-51,12/22/1986,MCDONNELL DOUGLAS,287,0,416.0,4774.91178
777-222,02/02/1996,BOEING,287,0,274.0,3112.46356
737-4Q8,12/10/2003,BOEING,490,0,7853.0,86469.8382
DC-9-51,12/22/1986,MCDONNELL DOUGLAS,422,1,860.0,8651.81184
777-222,04/03/1996,BOEING,1849,0,118.0,1556.23178
737-4Q8,12/16/2003,BOEING,384,0,9207.0,104304.54407999999
DC-9-51,09/25/1997,MCDONNELL DOUGLAS,851,2,572.0,6072.03982
737-4Q8,12/19/2000,BOEING,490,0,8589.0,99212.59232
DC-9-51,09/15/1997,MCDONNELL DOUGLAS,1163,0,630.0,6641.74618
777-222,04/12/1996,BOEING,1137,0,133.0,1556.23178
DC-9-51,09/16/1997,MCDONNELL DOUGLAS,851,1,357.0,3509.97054
777-222,02/27/2006,BOEING,147,0,576.0,6175.03758
737-4Q8,03/15/1994,BOEING,386,0,9552.0,106842.47326
DC-9-51,07/07/1998,MCDONNELL DOUGLAS,279,0,247.0,2980.49768
777-222,07/19/1996,BOEING,147,0,1206.0,15412.64918
737-4Q8,04/29/1994,BOEING,386,0,8839.0,99870.81238
DC-9-51,07/07/1998,MCDONNELL DOUGLAS,1163,0,835.0,9189.3314
777-222,07/30/1996,BOEING,1529,0,570.0,6316.6595
737-4Q8,09/25/1996,BOEING,374,0,9582.0,110233.35264
DC-9-51,07/07/1998,MCDONNELL DOUGLAS,1163,0,314.0,3406.97278
777-222,08/07/1996,BOEING,287,0,165.0,1556.23178
DC-9-51,07/06/1998,MCDONNELL DOUGLAS,851,1,584.0,5911.10582
777-222,09/20/1996,BOEING,147,0,739.0,9054.14684
737-4Q8,01/10/2007,BOEING,490,0,6102.0,70455.29586
DC-9-51,01/06/1999,MCDONNELL DOUGLAS,851,0,350.0,3509.97054
777-222,03/10/1997,BOEING,1849,0,426.0,4760.42772
737-4Q8,12/28/2006,BOEING,490,0,8788.0,97373.1167
DC-9-51,01/07/1999,MCDONNELL DOUGLAS,851,0,493.0,5122.52922
777-222,03/12/1997,BOEING,147,0,534.0,6083.3052
737-4Q8,11/19/1996,BOEING,490,0,8902.0,99436.29058
DC-9-51,01/06/1999,MCDONNELL DOUGLAS,851,0,313.0,3310.41238
777-222,05/01/1997,BOEING,1849,0,135.0,1556.23178
737-4Q8,03/03/1997,BOEING,382,0,6724.0,75144.91262
DC-9-51,07/06/1998,MCDONNELL DOUGLAS,1163,1,403.0,4147.26918
777-222,05/22/1997,BOEING,147,0,1903.0,21779.19822
737-4S3,10/03/1996,BOEING,490,0,9479.0,106818.33316
DC-9-51,01/07/1999,MCDONNELL DOUGLAS,851,0,698.0,7663.67708
777-222,04/04/1997,BOEING,1529,0,418.0,4760.42772
DC-9-51,12/22/1986,MCDONNELL DOUGLAS,851,2,618.0,6567.71654
777-222,06/06/1997,BOEING,287,0,142.0,1556.23178
737-490,06/17/1997,BOEING,374,0,7068.0,80714.83836
777-222,07/17/1997,BOEING,147,0,1071.0,12166.6104
737-490,08/08/1997,BOEING,386,0,7849.0,87037.93522
777-222,09/02/1997,BOEING,147,0,1859.0,21637.5763
737-490,08/08/1997,BOEING,490,0,6634.0,71766.90796
777-222,09/26/1997,BOEING,147,0,998.0,12350.07516
737-490,03/25/1998,BOEING,384,0,7370.0,81218.56178
777-222,10/08/1997,BOEING,1849,0,419.0,4668.69534
737-490,03/26/1998,BOEING,386,0,8538.0,93394.82822
777-222,11/18/1997,BOEING,287,0,1144.0,13091.9809
737-490,04/23/1998,BOEING,490,0,8957.0,100036.5744
777-222,12/11/1997,BOEING,147,0,1491.0,16968.88096
737-490,05/20/1998,BOEING,386,0,9422.0,107074.21822
777-222,01/30/1998,BOEING,147,0,1864.0,21729.30868
737-490,06/16/1998,BOEING,386,0,10915.0,123201.41436
777-222,02/27/1998,BOEING,147,0,1340.0,15787.6254
777-222,03/05/1998,BOEING,1849,0,1126.0,12908.51614
737-490,06/19/1998,BOEING,382,0,7856.0,87092.65278
777-222,05/11/1998,BOEING,147,0,385.0,4618.8058
A319-132,10/01/2004,AIRBUS INDUSTRIE,2847,4,6218.0,69774.54504
A319-131,12/18/1997,AIRBUS INDUSTRIE,691,0,3185.0,39731.38592
A319-132,10/01/2004,AIRBUS INDUSTRIE,2847,3,4771.0,52681.7449
A319-132,10/14/2004,AIRBUS INDUSTRIE,2847,2,7909.0,89340.90076
A319-132,10/14/2004,AIRBUS INDUSTRIE,297,1,7011.0,82263.02344
A319-131,12/18/1997,AIRBUS INDUSTRIE,691,0,4957.0,57892.78782
A319-132,10/21/2004,AIRBUS INDUSTRIE,2856,0,7556.0,85163.05412
A319-131,05/28/1998,AIRBUS INDUSTRIE,691,0,3905.0,44950.47554
A319-132,10/21/2004,AIRBUS INDUSTRIE,2847,1,7791.0,89102.71844
A319-131,05/28/1998,AIRBUS INDUSTRIE,691,0,4008.0,45220.84466
A319-132,10/28/2004,AIRBUS INDUSTRIE,2807,1,7203.0,82390.16129999999
A319-131,06/18/1998,AIRBUS INDUSTRIE,231,0,2917.0,33245.74572
A319-132,10/28/2004,AIRBUS INDUSTRIE,2847,4,6929.0,78458.54368
A319-131,06/19/1998,AIRBUS INDUSTRIE,691,0,3017.0,33874.99766
A319-132,11/02/2004,AIRBUS INDUSTRIE,2165,2,4900.0,54624.21828
A319-131,05/19/1998,AIRBUS INDUSTRIE,691,0,2779.0,33015.6101
A319-132,11/02/2004,AIRBUS INDUSTRIE,2856,3,5897.0,65232.98756
A319-131,06/29/1998,AIRBUS INDUSTRIE,271,0,2708.0,32486.13724
A319-131,07/02/1998,AIRBUS INDUSTRIE,661,0,2093.0,23916.40174
A319-131,07/09/1998,AIRBUS INDUSTRIE,691,0,5608.0,64058.16936
A319-131,07/23/1998,AIRBUS INDUSTRIE,691,0,4300.0,50679.72594
A319-131,08/05/1998,AIRBUS INDUSTRIE,691,0,3035.0,35249.37402
A319-131,08/11/1998,AIRBUS INDUSTRIE,661,0,4011.0,44995.53706
A319-131,09/02/1998,AIRBUS INDUSTRIE,661,0,3165.0,36813.6525
A319-131,09/08/1998,AIRBUS INDUSTRIE,231,0,3655.0,42246.78434
A319-131,10/01/1998,AIRBUS INDUSTRIE,691,0,3320.0,37959.50258
A319-131,10/22/1998,AIRBUS INDUSTRIE,691,0,3379.0,39129.49276
A319-131,10/27/1998,AIRBUS INDUSTRIE,691,0,4356.0,49504.90774
A319-131,01/21/1999,AIRBUS INDUSTRIE,1401,0,4906.0,55042.64668
A319-131,02/02/1999,AIRBUS INDUSTRIE,661,0,3509.0,41145.99578
A319-131,02/12/1999,AIRBUS INDUSTRIE,691,0,4666.0,53937.030099999996
A319-131,02/18/1999,AIRBUS INDUSTRIE,1401,0,4172.0,46691.78142
A319-131,03/18/1999,AIRBUS INDUSTRIE,661,0,4086.0,45515.35388
A319-131,03/30/1999,AIRBUS INDUSTRIE,661,0,3691.0,42127.69318
A319-131,05/28/1999,AIRBUS INDUSTRIE,1401,0,3833.0,43725.7678
A319-131,06/16/1999,AIRBUS INDUSTRIE,661,0,2547.0,29222.39572
DC-9-31,08/02/1994,DOUGLAS,1538,0,67.0,733.85904
DC-9-31,08/02/1994,DOUGLAS,541,0,264.0,2581.38136
DC-9-31,08/02/1994,DOUGLAS,876,0,673.0,7308.01294
DC-9-31,08/02/1994,DOUGLAS,876,0,470.0,4753.99036
DC-9-31,08/02/1994,DOUGLAS,876,0,494.0,5687.40756
DC-9-31,08/02/1994,DOUGLAS,1496,1,355.0,3984.72584
DC-9-31,08/02/1994,DOUGLAS,541,0,242.0,2555.63192
DC-9-31,06/16/2004,DOUGLAS,1802,0,439.0,4977.68862
DC-9-31,06/21/2004,DOUGLAS,876,0,356.0,3799.65174
DC-9-31,03/13/1995,DOUGLAS,541,1,284.0,2854.96916
DC-9-31,08/02/1994,DOUGLAS,1485,0,71.0,733.85904
DC-9-31,08/02/1994,DOUGLAS,1196,0,559.0,6332.7529
DC-9-31,08/02/1994,DOUGLAS,1496,0,384.0,4406.37292
DC-9-31,08/02/1994,DOUGLAS,1712,0,170.0,2188.7024
DC-9-31,05/01/1995,DOUGLAS,1540,1,85.0,788.5766
MD-88,03/30/1992,MCDONNELL DOUGLAS CORPORATION,811,0,711.0,8251.08618
757-26D,01/27/1997,BOEING,1617,1,2884.0,32808.00524
757-2S7,12/30/1999,BOEING,2809,7,6533.0,70992.81542
MD-90-30,07/13/1995,MCDONNELL DOUGLAS,1440,0,5348.0,59103.0115
MD-88,04/29/1992,MCDONNELL DOUGLAS CORPORATION,811,3,1052.0,11661.27764
757-2S7,12/30/1999,BOEING,2807,2,7643.0,82317.741
MD-90-30,04/26/1995,MCDONNELL DOUGLAS,1655,1,4621.0,50674.89792
MD-88,05/01/1992,MCDONNELL DOUGLAS CORPORATION,1444,0,1013.0,12121.54888
737-522,04/30/1993,BOEING,2807,0,2171.0,21446.06484
757-2S7,05/05/1986,BOEING,2807,4,351.0,3485.83044
MD-90-30,05/18/1995,MCDONNELL DOUGLAS,1655,0,4652.0,51064.3582
MD-88,05/08/1992,MCDONNELL DOUGLAS CORPORATION,1162,3,478.0,5484.63072
737-522,04/28/1993,BOEING,2803,0,559.0,5978.6981
757-2S7,06/11/1986,BOEING,2807,2,7109.0,77404.42598
MD-90-30,05/15/1995,MCDONNELL DOUGLAS,1934,0,4797.0,53946.68614
MD-88,06/03/1992,MCDONNELL DOUGLAS CORPORATION,2081,1,691.0,7732.8787
MD-88,06/26/1987,MCDONNELL DOUGLAS AIRCRAFT CO,555,0,621.0,7345.02776
737-522,04/30/1993,BOEING,1973,0,1058.0,11748.182
757-2S7,06/05/1986,BOEING,2807,3,7887.0,85341.69086
MD-90-30,06/19/1995,MCDONNELL DOUGLAS,1934,2,4276.0,47774.86724
MD-88,06/03/1992,MCDONNELL DOUGLAS CORPORATION,871,2,797.0,9538.55818
MD-88,07/24/1987,MCDONNELL DOUGLAS AIRCRAFT CO,590,0,1498.0,18055.18546
737-522,04/27/1993,BOEING,1973,0,758.0,8156.13512
757-2S7,06/25/1986,BOEING,2807,5,6592.0,71119.95328
MD-90-30,09/07/1995,MCDONNELL DOUGLAS,1655,1,4807.0,54674.10782
MD-88,11/03/1992,MCDONNELL DOUGLAS CORPORATION,1945,0,943.0,10209.65296
MD-88,08/11/1987,MCDONNELL DOUGLAS AIRCRAFT CO,555,0,692.0,7565.50734
737-522,04/30/1993,BOEING,2632,0,1570.0,16899.67934
MD-90-30,10/18/1995,MCDONNELL DOUGLAS,1655,3,5788.0,66673.34686
MD-88,11/10/1992,MCDONNELL DOUGLAS CORPORATION,1666,1,912.0,10274.02656
MD-88,08/17/1987,MCDONNELL DOUGLAS AIRCRAFT CO,1162,3,1677.0,18893.6516
737-522,01/23/1991,BOEING,2080,0,632.0,6421.2666
757-2G7,09/27/2005,BOEING,2807,4,8369.0,91045.19182
MD-90-30,11/03/1995,MCDONNELL DOUGLAS,1655,0,5105.0,57532.295659999996
MD-88,12/04/1992,MCDONNELL DOUGLAS CORPORATION,1444,3,1013.0,11476.20354
MD-88,08/17/1987,MCDONNELL DOUGLAS AIRCRAFT CO,1444,0,886.0,10084.12444
757-2G7,08/23/1999,BOEING,2807,2,6744.0,72523.29776
MD-90-30,01/04/1996,MCDONNELL DOUGLAS,1440,0,4891.0,54809.29238
MD-88,12/10/1992,MCDONNELL DOUGLAS CORPORATION,1162,1,725.0,8251.08618
MD-88,01/19/1988,MCDONNELL DOUGLAS AIRCRAFT CO,1162,2,1234.0,13795.26248
757-2G7,03/23/2006,BOEING,2807,4,4650.0,49173.3837
MD-88,12/28/1992,MCDONNELL DOUGLAS CORPORATION,2200,0,818.0,10077.68708
MD-88,01/11/1988,MCDONNELL DOUGLAS AIRCRAFT CO,555,0,677.0,7493.08704
MD-90-30,02/16/1996,MCDONNELL DOUGLAS,1655,0,5459.0,59917.33754
737-522,06/26/1991,BOEING,2819,0,8350.0,80323.76874
MD-90-30,02/16/1996,MCDONNELL DOUGLAS,1934,1,5241.0,59466.72234
MD-88,01/26/1993,MCDONNELL DOUGLAS AIRCRAFT CO,1666,1,792.0,9322.90662
MD-88,01/15/1988,MCDONNELL DOUGLAS AIRCRAFT CO,555,2,536.0,6176.64692
MD-88,01/29/1993,MCDONNELL DOUGLAS AIRCRAFT CO,1653,4,903.0,9173.238
MD-88,01/15/1988,MCDONNELL DOUGLAS AIRCRAFT CO,1444,0,889.0,10756.82856
MD-90-30,07/26/1996,MCDONNELL DOUGLAS,1655,4,4357.0,47749.1178
737-522,07/30/1991,BOEING,2819,0,7867.0,75587.48112
757-225,02/15/1985,BOEING,2807,10,6286.0,68285.90553999999
MD-88,02/25/1993,MCDONNELL DOUGLAS AIRCRAFT CO,1162,2,1015.0,11921.99072
MD-88,06/21/1988,MCDONNELL DOUGLAS AIRCRAFT CO,811,1,1016.0,10900.05982
MD-90-30,01/17/1997,MCDONNELL DOUGLAS,1934,0,5156.0,55633.27446
737-522,08/07/1991,BOEING,2819,0,7042.0,69319.10182
757-225,02/15/1985,BOEING,2805,29,0.0,0.0
MD-88,03/01/1993,MCDONNELL DOUGLAS AIRCRAFT CO,2081,1,876.0,9825.0207
MD-88,06/13/1988,MCDONNELL DOUGLAS AIRCRAFT CO,828,0,180.0,2227.32656
MD-90-30,02/06/1997,MCDONNELL DOUGLAS,1934,2,4709.0,53169.37492
737-522,12/20/1991,BOEING,2819,0,7782.0,74271.041
757-225,12/27/1993,BOEING,2289,10,0.0,0.0
MD-88,04/13/1993,MCDONNELL DOUGLAS AIRCRAFT CO,226,0,1380.0,16457.11084
MD-88,06/07/1988,MCDONNELL DOUGLAS AIRCRAFT CO,871,1,838.0,10114.7019
MD-90-30,02/07/1997,MCDONNELL DOUGLAS,1934,1,4485.0,49397.08196
DC-9-31,12/22/1986,DOUGLAS,876,0,282.0,3049.6992999999998
MD-88,06/11/1993,MCDONNELL DOUGLAS AIRCRAFT CO,226,0,664.0,7700.6919
MD-88,06/13/1988,MCDONNELL DOUGLAS AIRCRAFT CO,2081,0,1110.0,12108.67416
MD-90-30,03/11/1997,MCDONNELL DOUGLAS,1655,1,5836.0,66628.28534
DC-9-31,12/22/1986,DOUGLAS,876,1,268.0,2727.8313
MD-88,09/17/1993,MCDONNELL DOUGLAS AIRCRAFT CO,555,0,543.0,5825.8108
MD-88,09/27/2007,MCDONNELL DOUGLAS AIRCRAFT CO,1444,0,1146.0,13066.231459999999
MD-88,10/26/1993,MCDONNELL DOUGLAS AIRCRAFT CO,555,2,828.0,9517.63676
MD-88,06/14/1988,MCDONNELL DOUGLAS AIRCRAFT CO,1444,2,647.0,7816.56438
737-522,11/01/1991,BOEING,2819,0,4389.0,43793.36008
MD-88,12/02/1993,MCDONNELL DOUGLAS AIRCRAFT CO,811,2,594.0,7213.06188
MD-88,10/09/2007,MCDONNELL DOUGLAS AIRCRAFT CO,1162,1,1318.0,15246.88716
737-522,11/04/1991,BOEING,2819,0,5382.0,51334.72732
MD-88,01/11/1994,MCDONNELL DOUGLAS AIRCRAFT CO,811,0,1376.0,16494.12566
MD-88,10/02/2007,MCDONNELL DOUGLAS AIRCRAFT CO,253,0,668.0,7586.42876
MD-88,10/22/2007,MCDONNELL DOUGLAS AIRCRAFT CO,1444,3,659.0,7707.12926
DC-9-31,12/22/1986,DOUGLAS,675,0,692.0,7925.9995
737-522,12/23/1991,BOEING,2815,0,7381.0,73002.88108
MD-88,10/26/2007,MCDONNELL DOUGLAS AIRCRAFT CO,555,0,834.0,9554.65158
737-522,01/06/1992,BOEING,2811,0,8764.0,85019.82286
MD-88,07/02/2007,MCDONNELL DOUGLAS AIRCRAFT CO,1444,1,1086.0,11714.38586
DC-9-31,12/22/1986,DOUGLAS,1817,1,622.0,7375.60522
737-522,01/06/1992,BOEING,2819,0,8256.0,82037.71584
MD-88,07/02/2007,MCDONNELL DOUGLAS AIRCRAFT CO,1162,1,345.0,4123.12908
DC-9-31,12/22/1986,DOUGLAS,874,0,490.0,5503.9428
737-522,02/10/1992,BOEING,2819,0,6499.0,60226.33082
MD-88,03/20/2008,MCDONNELL DOUGLAS AIRCRAFT CO,811,3,398.0,4276.01638
737-522,03/11/1992,BOEING,2819,0,7671.0,75885.20902
DC-9-32,07/31/2000,MCDONNELL DOUGLAS,876,0,401.0,4414.41962
MD-88,11/15/1988,MCDONNELL DOUGLAS AIRCRAFT CO,226,1,913.0,11188.13168
DC-9-32,07/31/2000,DOUGLAS,876,0,340.0,3947.71102
MD-88,11/30/1988,MCDONNELL DOUGLAS AIRCRAFT CO,1162,1,724.0,8323.50648
737-522,03/24/1992,BOEING,2819,0,9064.0,85394.79908
MD-88,12/02/1988,MCDONNELL DOUGLAS AIRCRAFT CO,811,4,311.0,3183.27452
737-522,04/08/1992,BOEING,2819,0,5508.0,52607.71526
MD-88,12/12/1988,MCDONNELL DOUGLAS AIRCRAFT CO,811,1,1058.0,12428.93282
737-522,04/10/1992,BOEING,2811,0,8129.0,77356.14578
MD-88,12/12/1988,MCDONNELL DOUGLAS AIRCRAFT CO,1162,4,759.0,8260.74222
737-522,04/29/1992,BOEING,2817,0,8054.0,79128.02912
MD-88,01/09/1989,MCDONNELL DOUGLAS AIRCRAFT CO,590,0,1058.0,12432.1515
MD-88,04/13/1989,MCDONNELL DOUGLAS AIRCRAFT CO,555,0,630.0,6329.53422
737-522,05/26/1992,BOEING,2819,0,7418.0,72291.5528
DC-9-31,12/22/1986,DOUGLAS,1802,0,604.0,7016.7224
DC-9-31,12/22/1986,DOUGLAS,1096,0,141.0,1234.36378
DC-9-31,12/22/1986,DOUGLAS,876,0,438.0,4591.44702
DC-9-31,12/22/1986,DOUGLAS,1540,0,145.0,1522.43564
MD-88,03/30/1989,MCDONNELL DOUGLAS AIRCRAFT CO,1162,1,1016.0,10809.93678
737-522,05/27/1992,BOEING,2634,0,8099.0,78477.85576
DC-9-31,12/22/1986,DOUGLAS,874,1,602.0,7121.3295
DC-9-32,12/22/1986,DOUGLAS,1802,1,513.0,5569.92574
MD-88,04/05/1989,MCDONNELL DOUGLAS AIRCRAFT CO,1444,0,1292.0,14789.8346
737-522,06/29/1992,BOEING,2819,0,7615.0,75716.22832
MD-88,04/17/1989,MCDONNELL DOUGLAS AIRCRAFT CO,2081,1,699.0,8624.45306
737-522,06/29/1992,BOEING,2158,0,607.0,6150.89748
MD-88,05/30/1989,MCDONNELL DOUGLAS AIRCRAFT CO,871,1,1094.0,13116.121
737-522,07/15/1992,BOEING,2072,0,1053.0,10982.13616
MD-88,06/22/1989,MCDONNELL DOUGLAS AIRCRAFT CO,811,1,596.0,7111.67346
737-522,04/30/1993,BOEING,1973,0,960.0,10747.17252
MD-88,06/23/1989,MCDONNELL DOUGLAS AIRCRAFT CO,2200,2,218.0,2473.55558
737-522,07/31/1992,BOEING,284,0,1131.0,12443.41688
MD-88,06/27/1989,MCDONNELL DOUGLAS AIRCRAFT CO,555,1,849.0,9219.90886
MD-88,07/18/1989,MCDONNELL DOUGLAS AIRCRAFT CO,253,2,984.0,11793.24352
DC-9-32,12/22/1986,MCDONNELL DOUGLAS,1196,0,725.0,9820.19268
MD-88,08/07/1989,MCDONNELL DOUGLAS AIRCRAFT CO,1444,2,1044.0,11835.08636
737-522,10/07/1992,BOEING,2628,0,1844.0,19286.33056
MD-88,08/15/1989,MCDONNELL DOUGLAS AIRCRAFT CO,811,1,762.0,8169.00984
737-522,10/28/1992,BOEING,2411,0,2805.0,27645.24252
MD-88,08/21/1989,MCDONNELL DOUGLAS AIRCRAFT CO,811,0,714.0,7969.45168
DC-9-32,12/22/1986,MCDONNELL DOUGLAS,675,1,618.0,7499.5244
DC-9-83(MD-83),05/04/2007,MCDONNELL DOUGLAS,398,0,7234.0,80254.56711999999
MD-88,10/10/1989,MCDONNELL DOUGLAS AIRCRAFT CO,1162,6,1235.0,14775.35054
MD-88,09/05/1989,MCDONNELL DOUGLAS AIRCRAFT CO,555,0,707.0,8379.83338
DC-9-32,12/22/1986,MCDONNELL DOUGLAS,671,2,567.0,7089.1427
MD-88,10/18/1989,MCDONNELL DOUGLAS AIRCRAFT CO,811,3,858.0,9892.61298
MD-88,01/11/1990,MCDONNELL DOUGLAS AIRCRAFT CO,590,0,613.0,7404.57334
DC-9-83(MD-83),05/09/2007,MCDONNELL DOUGLAS,398,0,7837.0,87377.50596
MD-88,01/12/1990,MCDONNELL DOUGLAS AIRCRAFT CO,555,0,908.0,10674.75222
MD-88,03/20/1990,MCDONNELL DOUGLAS AIRCRAFT CO,811,0,1469.0,16936.69416
MD-88,03/08/1990,MCDONNELL DOUGLAS AIRCRAFT CO,1729,2,742.0,8717.79478
MD-88,03/13/1990,MCDONNELL DOUGLAS AIRCRAFT CO,811,1,823.0,8949.53974
MD-88,11/15/2007,MCDONNELL DOUGLAS AIRCRAFT CO,590,0,443.0,4943.89248
MD-88,06/05/2007,MCDONNELL DOUGLAS AIRCRAFT CO,1444,2,1532.0,15773.14134
MD-88,06/06/1990,MCDONNELL DOUGLAS AIRCRAFT CO,1444,0,1011.0,11601.73206
MD-88,06/06/1990,MCDONNELL DOUGLAS AIRCRAFT CO,590,1,522.0,6583.80994
MD-88,06/06/1990,MCDONNELL DOUGLAS AIRCRAFT CO,811,1,719.0,8004.85716
MD-88,06/06/1990,MCDONNELL DOUGLAS AIRCRAFT CO,374,0,423.0,4683.1794
DC-9-83(MD-83),05/10/2007,MCDONNELL DOUGLAS,702,0,117.0,1623.82406
MD-88,01/31/2007,MCDONNELL DOUGLAS AIRCRAFT CO,555,2,996.0,11793.24352
MD-88,06/19/1990,MCDONNELL DOUGLAS AIRCRAFT CO,481,3,1155.0,13782.38776
DC-9-83(MD-83),04/16/1992,MCDONNELL DOUGLAS,398,0,7198.0,82401.42668
MD-88,06/19/1990,MCDONNELL DOUGLAS AIRCRAFT CO,1444,2,1041.0,11902.67864
DC-9-83(MD-83),04/16/1992,MCDONNELL DOUGLAS,374,0,8141.0,89311.93264
MD-88,06/19/1990,MCDONNELL DOUGLAS AIRCRAFT CO,555,0,720.0,7835.87646
DC-9-83(MD-83),06/11/1992,MCDONNELL DOUGLAS,298,0,8114.0,93192.05138
MD-88,12/18/2007,MCDONNELL DOUGLAS AIRCRAFT CO,1666,1,1029.0,11429.53268
MD-88,11/28/2007,MCDONNELL DOUGLAS AIRCRAFT CO,1162,0,693.0,9593.27574
MD-88,11/16/2007,MCDONNELL DOUGLAS AIRCRAFT CO,811,3,1116.0,12395.13668
MD-88,12/14/2007,MCDONNELL DOUGLAS AIRCRAFT CO,1879,1,355.0,4515.80804
MD-88,12/27/1990,MCDONNELL DOUGLAS AIRCRAFT CO,1162,1,813.0,9749.38172
MD-88,12/27/1990,MCDONNELL DOUGLAS AIRCRAFT CO,1666,0,556.0,5645.56472
DC-9-32,12/22/1986,MCDONNELL DOUGLAS,1196,0,428.0,5494.28676
DC-9-83(MD-83),05/10/2007,MCDONNELL DOUGLAS,398,0,6569.0,74618.65844
MD-88,01/11/2008,MCDONNELL DOUGLAS AIRCRAFT CO,1162,0,1222.0,13193.36932
DC-9-83(MD-83),05/03/2007,MCDONNELL DOUGLAS,753,0,511.0,5458.88128
MD-88,12/20/2007,MCDONNELL DOUGLAS AIRCRAFT CO,811,1,686.0,7740.9254
MD-88,12/14/2007,MCDONNELL DOUGLAS AIRCRAFT CO,1162,1,1432.0,16848.18046
MD-88,06/27/1991,MCDONNELL DOUGLAS AIRCRAFT CO,811,1,1061.0,11931.64676
DC-9-83(MD-83),05/26/2000,MCDONNELL DOUGLAS,398,0,8181.0,94716.09636
MD-88,07/31/2007,MCDONNELL DOUGLAS AIRCRAFT CO,811,2,924.0,10148.49804
MD-88,07/26/2007,MCDONNELL DOUGLAS AIRCRAFT CO,1879,3,1037.0,11691.8551
MD-88,11/30/2007,MCDONNELL DOUGLAS AIRCRAFT CO,1444,1,938.0,10674.75222
DC-9-83(MD-83),05/09/2007,MCDONNELL DOUGLAS,398,0,8168.0,93773.02312
MD-88,09/30/1991,MCDONNELL DOUGLAS AIRCRAFT CO,811,0,1227.0,14247.48702
MD-88,06/06/1991,MCDONNELL DOUGLAS AIRCRAFT CO,811,4,1007.0,12276.04552
DC-9-83(MD-83),06/01/1995,MCDONNELL DOUGLAS,398,0,7882.0,88605.43238
MD-88,11/21/2007,MCDONNELL DOUGLAS AIRCRAFT CO,1963,1,1052.0,12837.70518
MD-88,06/28/1991,MCDONNELL DOUGLAS AIRCRAFT CO,1444,3,845.0,9797.66192
MD 83,05/09/2007,MCDONNELL DOUGLAS AIRCRAFT CO,490,0,3383.0,37719.71092
MD-88,12/19/2007,MCDONNELL DOUGLAS AIRCRAFT CO,1729,3,628.0,6908.8966199999995
MD-88,09/24/1991,MCDONNELL DOUGLAS AIRCRAFT CO,555,1,480.0,4713.75686
MD-88,12/20/2007,MCDONNELL DOUGLAS AIRCRAFT CO,811,4,1512.0,17366.38794
MD 83,05/10/2007,MCDONNELL DOUGLAS AIRCRAFT CO,398,0,7150.0,78360.37394
MD-88,04/23/2007,MCDONNELL DOUGLAS AIRCRAFT CO,555,1,941.0,10811.546119999999
MD-88,04/25/2007,MCDONNELL DOUGLAS AIRCRAFT CO,811,0,1282.0,15291.94868
MD-88,10/08/1991,MCDONNELL DOUGLAS AIRCRAFT CO,226,1,868.0,9752.6004
DC-9-32,02/13/1995,MCDONNELL DOUGLAS,675,0,1213.0,15174.46686
MD-88,10/28/1991,MCDONNELL DOUGLAS AIRCRAFT CO,1444,2,1045.0,12140.86096
MD-88,11/22/1991,MCDONNELL DOUGLAS AIRCRAFT CO,1162,0,680.0,7951.74894
MD-88,11/16/1991,MCDONNELL DOUGLAS AIRCRAFT CO,811,2,751.0,8057.96538
DC-9-32,12/23/1994,MCDONNELL DOUGLAS,671,0,614.0,7354.6838
MD-88,11/20/1991,MCDONNELL DOUGLAS AIRCRAFT CO,1444,3,1166.0,13137.04242
MD-88,12/20/1991,MCDONNELL DOUGLAS AIRCRAFT CO,1444,0,1244.0,14467.9666
MD-88,12/20/1991,MCDONNELL DOUGLAS AIRCRAFT CO,1666,2,1092.0,12108.67416
MD-88,01/06/1992,MCDONNELL DOUGLAS AIRCRAFT CO,590,1,827.0,9802.48994
MD-88,01/10/1992,MCDONNELL DOUGLAS AIRCRAFT CO,1444,1,960.0,10265.97986
MD-88,02/07/1992,MCDONNELL DOUGLAS AIRCRAFT CO,253,1,557.0,6088.13322
MD-88,02/03/1992,MCDONNELL DOUGLAS CORPORATION,555,2,999.0,11534.13978
MD-88,03/06/1992,MCDONNELL DOUGLAS AIRCRAFT CO,555,1,433.0,4773.30244
MD-88,02/27/1992,MCDONNELL DOUGLAS AIRCRAFT CO,555,1,840.0,8820.79254
MD-88,03/11/1992,MCDONNELL DOUGLAS AIRCRAFT CO,2081,0,808.0,8585.8289
MD-88,04/02/1992,MCDONNELL DOUGLAS CORPORATION,1666,1,639.0,7309.62228
MD-88,04/02/1992,MCDONNELL DOUGLAS CORPORATION,811,0,466.0,5132.18526
