2004,A320-214,05/26/1999,AIRBUS INDUSTRIE,105,0,53.18333333333333,40828.9558
2004,737-3TO,07/01/1997,BOEING,1711,0,19.533333333333335,13119.33968
2004,747-422,01/26/1998,BOEING,40,0,4.283333333333333,3809.30778
2004,747-451,10/15/2007,BOEING,145,0,11.966666666666667,7497.91506
2004,747-422,08/24/1998,BOEING,145,0,6.833333333333333,4527.07342
2004,A320-214,09/03/1999,AIRBUS INDUSTRIE,136,0,44.2,34035.93166
2004,A320-214,09/10/1999,AIRBUS INDUSTRIE,136,0,47.11666666666667,34793.9308
2004,A320-214,01/18/2000,AIRBUS INDUSTRIE,136,0,24.683333333333334,18634.54786
2004,A320-214,01/24/2000,AIRBUS INDUSTRIE,4,0,7.466666666666667,5851.56024
2004,737-524,07/20/1994,BOEING,621,0,9.0,5354.27418
2004,737-524,08/29/1997,BOEING,621,0,14.033333333333333,9932.84648
2004,737-524,12/31/1997,BOEING,1211,0,6.35,4757.20904
2004,737-524,02/22/2008,BOEING,1654,0,25.75,19831.896819999998
2004,747-422,12/29/1998,BOEING,62,0,9.183333333333334,7718.3946399999995
2004,747-422,02/01/1999,BOEING,145,0,17.383333333333333,12913.34416
2004,747-422,03/31/1999,BOEING,1065,0,2.2333333333333334,1556.23178
2004,767-332,04/13/1998,BOEING,1982,1,19.3,13494.3159
2004,767-332,04/22/1998,BOEING,127,1,12.8,8207.634
2004,747-422,04/13/1999,BOEING,145,0,6.166666666666667,4527.07342
2004,757-224,12/07/1994,BOEING,1637,0,43.0,29531.389
2004,757-224,03/29/1996,BOEING,157,0,5.966666666666667,4127.9571
2004,757-224,02/02/1998,BOEING,1637,0,36.8,26019.809119999998
2004,767-332,06/09/1987,BOEING,2159,0,60.63333333333333,41710.87412
2004,747-422,04/23/1999,BOEING,147,0,15.15,11357.11238
2004,737-824,08/05/1998,BOEING,1422,0,62.4,44482.1576
2004,737-824,08/17/1998,BOEING,159,0,37.2,25820.25096
2004,737-824,12/02/1998,BOEING,741,0,37.7,25855.65644
2004,737-824,12/22/1998,BOEING,159,0,57.25,42880.8643
2004,737-824,10/12/1999,BOEING,159,0,35.95,25155.59354
2004,747-422,06/15/1999,BOEING,40,0,6.4,5365.53956
2004,737-3TO,10/18/1985,BOEING,1683,0,12.183333333333334,7995.20112
2004,737-3TO,07/18/2006,BOEING,1863,0,10.866666666666667,6749.57196
2004,737-3TO,07/18/2006,BOEING,589,0,8.016666666666667,5587.62848
2004,737-3TO,06/30/1997,BOEING,1711,0,21.983333333333334,13993.211299999999
2004,737-3TO,05/05/2004,BOEING,775,0,6.366666666666666,4573.74428
2004,737-3TO,10/04/2006,BOEING,1683,0,11.05,7089.1427
2004,767-332,11/25/1987,BOEING,324,0,62.666666666666664,44955.30356
2004,767-332,02/06/2008,BOEING,2159,0,64.4,44449.9708
2004,767-332,02/04/2008,BOEING,2159,0,65.55,46223.46348
2004,767-332,07/11/1988,BOEING,2159,0,65.86666666666666,46701.43746
2004,767-332,07/13/1988,BOEING,2159,0,81.2,57418.03252
2004,767-332,07/11/1988,BOEING,1063,0,64.26666666666667,44522.3911
2004,DC-9-31,06/17/2004,DOUGLAS,708,0,3.433333333333333,3728.84078
2004,767-332,03/06/2007,BOEING,229,0,52.95,35954.26494
2004,757-224,12/08/1994,BOEING,1637,0,34.38333333333333,24395.98506
2004,757-224,04/12/1995,BOEING,1669,0,21.65,15396.55578
2004,757-224,06/02/2000,BOEING,1637,0,25.833333333333332,17636.75706
2004,767-332,11/19/2007,BOEING,2159,1,54.1,38756.12588
2004,737-824,12/07/1999,BOEING,1422,0,36.766666666666666,25483.8989
2004,767-332,02/15/1991,BOEING,2159,0,61.416666666666664,43045.01698
2004,DC-9-31,12/22/1986,MCDONNELL DOUGLAS,1802,0,2.783333333333333,1936.03602
2004,DC-9-31,12/22/1986,DOUGLAS,874,0,4.083333333333333,2471.94624
2004,767-332,02/14/1991,BOEING,229,0,45.833333333333336,32447.51308
2004,767-332,02/26/1991,BOEING,229,1,67.98333333333333,49411.56602
2004,767-332,06/06/1991,BOEING,229,0,62.75,43989.69956
2004,737-524,02/07/1995,BOEING,621,0,6.783333333333333,4560.86956
2004,767-332,06/18/1991,BOEING,2159,2,56.93333333333333,40825.73712
2004,737-724,12/07/1998,BOEING,771,0,36.233333333333334,25038.11172
2004,737-724,01/26/1999,BOEING,449,0,47.56666666666667,33099.29578
2004,737-724,03/01/1999,BOEING,1041,0,54.45,38239.52774
2004,737-724,06/07/1999,BOEING,1453,0,45.6,30862.31318
2004,767-332,11/01/1991,BOEING,2178,0,45.31666666666667,31311.31904
2004,767-332,01/21/1992,BOEING,2159,0,61.25,42578.30838
2004,767-332,05/11/1992,BOEING,229,1,53.28333333333333,36400.05212
2004,767-332,09/29/1993,BOEING,2159,0,63.53333333333333,46546.940819999996
2004,767-332,03/24/2008,BOEING,2159,0,52.06666666666667,36966.5398
2004,757-224,06/03/1994,BOEING,157,0,11.0,8255.9142
2004,757-224,09/23/1994,BOEING,1669,0,29.666666666666668,20659.09758
2004,757-224,10/17/1994,BOEING,1859,0,6.916666666666667,4871.47218
2004,757-224,08/15/1995,BOEING,157,0,23.466666666666665,16511.8284
2004,757-224,03/28/1997,BOEING,1507,0,26.116666666666667,18027.82668
2004,757-224,08/05/1997,BOEING,1637,0,28.2,19651.65074
2004,757-224,08/01/1997,BOEING,1507,0,22.866666666666667,15885.79514
2004,737-824,07/27/1998,BOEING,1422,0,41.8,31546.28268
2004,737-824,08/28/1998,BOEING,159,0,33.68333333333333,23238.869599999998
2004,737-824,06/17/1999,BOEING,535,0,73.36666666666666,49308.56826
2004,737-824,06/22/1999,BOEING,151,0,34.35,24058.02366
2004,737-824,09/22/1999,BOEING,749,0,57.88333333333333,40676.0685
2004,737-824,10/26/1999,BOEING,159,0,27.533333333333335,19981.56544
2004,737-824,06/02/2000,BOEING,1422,0,55.083333333333336,40676.0685
2004,737-3TO,09/24/1985,BOEING,1264,0,5.016666666666667,2824.3917
2004,737-3TO,02/17/2004,BOEING,1711,0,18.866666666666667,12678.38052
2004,737-3TO,07/01/1997,BOEING,1863,0,32.1,20873.1398
2004,737-3TO,05/21/2008,BOEING,1683,0,10.666666666666666,6577.37258
2004,737-3TO,09/02/1997,BOEING,1863,0,4.433333333333334,2845.31312
2004,737-3TO,09/02/1997,BOEING,1975,0,5.15,3315.2404
2004,737-3TO,06/20/2007,BOEING,1683,0,22.433333333333334,14775.35054
2004,737-3TO,04/17/2007,BOEING,1828,0,26.716666666666665,18307.85184
2004,737-3TO,04/17/2007,BOEING,1975,0,7.933333333333334,5919.15252
2004,737-3TO,04/17/2007,BOEING,1863,0,52.016666666666666,35645.27166
2004,737-3TO,09/15/1987,BOEING,1828,0,17.9,11994.41102
2004,737-3TO,10/16/1987,BOEING,776,0,4.9,3374.78598
2004,737-3TO,03/22/2001,BOEING,1828,0,9.4,6447.0160399999995
2004,767-332,10/16/1998,BOEING,229,0,64.03333333333333,45005.1931
2004,767-332,05/14/1999,BOEING,2159,0,56.8,41232.90014
2004,737-524,02/11/1994,BOEING,1605,0,20.416666666666668,13977.1179
2004,737-524,02/16/1994,BOEING,1652,0,12.0,8674.3426
2004,737-524,03/02/1994,BOEING,621,0,17.7,12398.35536
2004,737-524,05/05/1994,BOEING,259,0,24.966666666666665,17857.23664
2004,737-524,07/26/1994,BOEING,1873,0,26.6,20057.20442
2004,737-524,04/19/1995,BOEING,1907,0,21.466666666666665,13915.96298
2004,737-524,05/30/1995,BOEING,1685,0,10.366666666666667,6245.84854
2004,737-524,08/01/1997,BOEING,643,0,8.466666666666667,5812.93608
2004,737-524,10/01/1997,BOEING,621,0,7.783333333333333,4663.86732
2004,737-524,01/23/1998,BOEING,1654,0,15.866666666666667,10827.63952
2004,737-524,01/27/1998,BOEING,589,0,13.583333333333334,9332.56266
2004,737-524,02/11/1998,BOEING,1873,0,17.833333333333332,12218.10928
2004,737-524,02/12/1998,BOEING,251,0,21.75,16000.05828
2004,737-524,05/15/2008,BOEING,1654,0,28.666666666666668,21629.5296
2004,737-524,10/01/1998,BOEING,1654,0,9.683333333333334,7576.77272
2004,737-524,10/20/1998,BOEING,1211,0,15.15,9828.239379999999
2004,737-724,04/27/1998,BOEING,1847,0,55.1,37969.15862
2004,737-724,09/30/1999,BOEING,449,0,80.51666666666667,54392.47332
2004,737-724,09/23/1999,BOEING,771,0,65.73333333333333,44934.38214
2004,767-3P6,04/22/1997,BOEING,1982,0,30.766666666666666,21143.50892
2004,767-3P6,02/14/1997,BOEING,1982,0,21.5,15203.43498
2004,737-3G7,08/25/1999,BOEING,2294,1,111.33333333333333,69473.59846
2004,767-3P6,05/01/1997,BOEING,1982,0,24.8,16923.81944
2004,737-3G7,08/25/1999,BOEING,2458,0,131.48333333333332,83536.01138
2004,767-3P6,06/13/1997,BOEING,1994,0,6.016666666666667,4103.817
2004,737-524,02/04/2008,BOEING,251,0,16.95,12440.1982
2004,737-3G7,08/25/1999,BOEING,2458,0,147.43333333333334,96557.18132
2004,767-3P6,07/22/1997,BOEING,1982,0,19.866666666666667,13552.25214
2004,737-724,09/01/1998,BOEING,1847,0,52.95,36348.55324
2004,737-724,09/25/1998,BOEING,771,0,68.06666666666666,45957.922379999996
2004,737-3G7,08/25/1999,BOEING,2456,2,144.96666666666667,93222.62884
2004,737-3G7,08/25/1999,BOEING,2458,4,133.98333333333332,88726.13288
2004,767-332,01/25/1999,BOEING,1989,0,12.116666666666667,8323.50648
2004,767-332,02/08/1999,BOEING,1982,1,21.85,15037.67296
2004,767-332,04/29/1999,BOEING,1982,0,7.95,5457.27194
2004,767-332,08/16/1999,BOEING,1982,0,36.233333333333334,25810.59492
2004,767-332,06/14/1999,BOEING,1982,0,16.833333333333332,12688.03656
2004,737-3G7,02/28/2006,BOEING,2456,4,143.58333333333334,93068.1322
2004,737-824,08/03/1998,BOEING,1422,0,64.88333333333334,45286.8276
2004,737-824,08/06/1999,BOEING,1422,0,49.31666666666667,36768.59098
2004,737-3TO,04/07/2006,BOEING,589,0,13.883333333333333,9330.95332
2004,737-3TO,09/26/1985,BOEING,1863,0,15.15,10362.54026
2004,737-3TO,03/28/2001,BOEING,1683,0,33.483333333333334,23316.11792
2004,737-33A,07/06/2006,BOEING,2458,2,136.21666666666667,87018.62314
2004,737-524,04/07/1994,BOEING,621,0,16.5,11064.2125
2004,737-524,09/27/1994,BOEING,1685,0,25.966666666666665,17387.30936
2004,737-524,07/12/1995,BOEING,765,0,16.75,10843.73292
2004,737-524,09/18/1997,BOEING,251,0,30.15,21143.50892
2004,737-524,12/02/1997,BOEING,1847,0,28.8,20551.2718
2004,737-524,11/25/1997,BOEING,621,0,7.416666666666667,5236.79236
2004,737-524,12/05/1997,BOEING,621,0,14.616666666666667,8872.29142
2004,737-524,12/22/1997,BOEING,251,0,27.316666666666666,18529.94076
2004,737-524,12/24/1997,BOEING,1897,0,15.15,10130.7953
2004,737-33A,07/06/2006,BOEING,2294,2,137.23333333333332,88306.09514
2004,737-724,03/30/1998,BOEING,1863,0,54.88333333333333,38662.78416
2004,737-724,04/08/1998,BOEING,1847,0,52.9,38128.48328
2004,737-724,09/01/1998,BOEING,741,0,52.28333333333333,36234.2901
2004,737-724,09/25/1998,BOEING,771,0,58.2,41042.99802
2004,737-724,08/25/1999,BOEING,1041,0,75.3,51548.76954
2004,737-33A,07/06/2006,BOEING,2294,3,151.2,96861.34658
2004,767-332,06/19/1998,BOEING,127,0,13.4,8754.8096
2004,757-224,08/01/1994,BOEING,1669,0,18.483333333333334,12638.14702
2004,757-224,08/19/1994,BOEING,1507,0,20.483333333333334,14389.10894
2004,757-224,08/14/1997,BOEING,1507,0,19.55,13381.6621
2004,757-224,02/20/1998,BOEING,1669,0,26.333333333333332,18027.82668
2004,757-224,03/20/1998,BOEING,157,0,11.95,8255.9142
2004,757-224,12/23/1998,BOEING,157,0,10.933333333333334,8255.9142
2004,767-332,06/12/1990,BOEING,1982,0,36.7,26106.71348
2004,767-332,09/14/1998,BOEING,2159,1,93.41666666666667,68033.23916
2004,737-824,06/07/1999,BOEING,1422,0,53.53333333333333,40682.50586
2004,737-824,07/27/1999,BOEING,1422,0,48.63333333333333,35439.27614
2004,737-824,11/03/1999,BOEING,749,0,51.6,37998.12674
2004,737-824,11/08/1999,BOEING,1422,0,65.8,45227.28202
2004,767-332,06/25/1990,BOEING,1982,0,29.633333333333333,20538.39708
2004,767-332,09/25/1998,BOEING,229,0,56.666666666666664,40722.73936
2004,737-3TO,02/17/2004,BOEING,1711,0,27.983333333333334,18423.72432
2004,737-3TO,06/13/2008,BOEING,1828,0,12.85,8852.97934
2004,737-3TO,08/08/1986,BOEING,1828,0,10.266666666666667,6801.07084
2004,737-3TO,07/16/2004,BOEING,1043,0,2.183333333333333,1351.8456
2004,737-3TO,04/17/2007,BOEING,1711,0,18.233333333333334,12176.26644
2004,737-3TO,04/17/2007,BOEING,1711,0,36.583333333333336,23916.40174
2004,737-3TO,09/02/2004,BOEING,775,0,18.983333333333334,13077.49684
2004,767-332,07/03/1990,BOEING,1982,0,23.383333333333333,16716.21458
2004,767-332,11/03/1998,BOEING,2159,0,60.53333333333333,44177.99234
2004,747-422,08/19/2004,BOEING,145,0,41.983333333333334,31385.34868
2004,767-332,07/25/1990,BOEING,1994,0,19.4,12990.59248
2004,767-332,11/06/1998,BOEING,2159,1,74.28333333333333,53401.11988
2004,747-422,01/23/1990,BOEING,145,0,41.083333333333336,33841.20152
2004,737-33A,07/05/2006,BOEING,2454,3,121.28333333333333,78971.92314
2004,767-332,07/27/1990,BOEING,1982,1,24.3,16791.85356
2004,767-332,03/05/1999,BOEING,229,0,73.88333333333334,53671.489
2004,747-422,02/24/2006,BOEING,157,0,29.816666666666666,24149.75604
2004,737-524,10/28/1994,BOEING,5,0,17.5,12115.11152
2004,737-524,02/21/1995,BOEING,629,0,2.45,1284.25332
2004,737-524,04/14/1995,BOEING,1847,0,34.9,23697.5315
2004,737-524,08/27/1997,BOEING,643,0,16.116666666666667,11244.45858
2004,737-524,09/30/1997,BOEING,1656,0,27.533333333333335,16944.74086
2004,737-524,08/11/1998,BOEING,1654,0,17.583333333333332,12438.58886
2004,767-332,01/08/1991,BOEING,1982,0,36.13333333333333,24886.83376
2004,767-332,04/22/1999,BOEING,229,0,82.85,59136.80764
2004,737-724,02/04/1999,BOEING,1847,0,55.0,39789.32216
2004,737-724,09/23/1999,BOEING,771,0,73.4,49904.02406
2004,767-332,01/23/1991,BOEING,1982,3,24.716666666666665,17281.09292
2004,767-332,05/07/1999,BOEING,2159,0,68.55,48920.71732
2004,747-422,03/01/2006,BOEING,145,0,8.1,6830.03896
2004,767-332,05/22/2007,BOEING,1982,0,17.833333333333332,12480.4317
2004,747-422,12/27/2005,BOEING,62,0,13.35,10830.8582
2004,DC-9-31,12/22/1986,DOUGLAS,876,0,6.816666666666666,4543.16682
2004,767-332,10/10/2007,BOEING,1982,0,42.46666666666667,29180.55288
2004,747-422,02/23/2006,BOEING,40,0,13.5,10780.96866
2004,767-332,02/26/2007,BOEING,1989,0,11.05,8323.50648
2004,747-422,02/27/2006,BOEING,147,0,14.416666666666666,12145.68898
2004,757-224,02/02/1995,BOEING,1637,0,28.016666666666666,19524.51288
2004,757-224,05/14/1997,BOEING,1669,0,32.63333333333333,21891.85202
2004,767-332,02/07/2007,BOEING,1989,0,11.816666666666666,8323.50648
2004,747-422,02/22/2006,BOEING,40,0,8.916666666666666,6921.77134
2004,737-824,11/06/1998,BOEING,1422,0,71.75,52802.4454
2004,737-824,12/18/1998,BOEING,749,0,32.61666666666667,22709.39674
2004,737-824,10/27/1999,BOEING,159,0,53.583333333333336,41047.82604
2004,767-332,11/10/1992,BOEING,127,0,6.483333333333333,4161.75324
2004,747-422,10/25/1991,BOEING,1065,0,2.183333333333333,1556.23178
2004,737-3TO,07/18/2006,BOEING,1683,0,14.716666666666667,10671.53354
2004,767-332,05/03/1993,BOEING,127,0,22.8,16647.01296
2004,767-332,12/20/2004,BOEING,1982,1,35.233333333333334,24965.69142
2004,767-332,05/03/1995,BOEING,1989,0,18.366666666666667,12708.95798
2004,737-524,06/15/1994,BOEING,1605,0,10.533333333333333,7219.49924
2004,737-524,12/09/1994,BOEING,1421,0,5.216666666666667,2969.2323
2004,737-524,06/26/1998,BOEING,1873,0,24.183333333333334,18737.54562
2004,767-332,07/07/1995,BOEING,1991,0,24.716666666666665,16457.11084
2004,767-332,06/20/1996,BOEING,1989,1,12.2,8265.57024
2004,767-332,10/18/1996,BOEING,1991,0,23.233333333333334,15893.84184
2004,767-332,03/27/1997,BOEING,1989,0,17.25,12369.38724
2004,757-224,04/25/1996,BOEING,157,0,18.666666666666668,12383.8713
2004,757-224,05/08/1998,BOEING,1507,0,17.9,12638.14702
2004,757-224,03/22/1999,BOEING,1637,0,18.75,12638.14702
2004,767-332,04/10/1997,BOEING,1982,0,22.75,16315.48892
2004,767-332,06/27/1997,BOEING,1989,0,5.85,4161.75324
2004,737-3TO,03/22/2001,BOEING,1863,0,10.2,6698.07308
2004,767-332,08/22/1997,BOEING,127,0,23.55,17210.28196
2004,767-332,10/02/1997,BOEING,57,0,6.833333333333333,4443.38774
2004,767-332,10/02/1997,BOEING,1991,1,6.233333333333333,4161.75324
2004,747-422,07/17/2007,BOEING,40,0,7.3,5365.53956
2004,737-524,12/06/1994,BOEING,621,0,15.483333333333333,11836.6957
2004,737-524,01/27/1995,BOEING,1652,0,13.35,9763.86578
2004,737-524,08/01/1997,BOEING,1798,0,17.95,10953.16804
2004,767-332,11/03/1997,BOEING,1982,0,42.38333333333333,29880.61578
2004,747-422,07/10/2007,BOEING,40,0,14.4,13034.04466
2004,767-332,12/24/1997,BOEING,1982,0,24.316666666666666,16642.18494
2004,747-422,07/12/2007,BOEING,145,0,12.683333333333334,10639.346739999999
2004,767-332,02/03/1998,BOEING,1989,1,23.65,16870.71122
2004,767-332,03/05/1998,BOEING,1994,0,38.9,25981.18496
2004,747-422,09/17/1997,BOEING,62,0,9.283333333333333,7718.3946399999995
2004,150,04/14/1992,CESSNA,2235,0,51.53333333333333,34185.60028
2004,421C,02/12/1996,CESSNA,1929,0,69.35,46538.89412
2004,737-322,03/29/2006,BOEING,337,0,23.366666666666667,16653.45032
2004,737-322,03/29/2006,BOEING,1034,0,42.65,29563.5758
2004,777-222,02/04/1999,BOEING,1849,0,15.883333333333333,11168.8196
2004,777-222,05/19/1999,BOEING,1529,0,19.5,13091.9809
2004,DC-9-82(MD-82),04/23/2001,MCDONNELL DOUGLAS,893,0,31.133333333333333,20475.63282
2004,DC-9-82(MD-82),12/30/1999,MCDONNELL DOUGLAS,1633,0,24.5,19384.5003
2004,777-222,12/17/1999,BOEING,1529,0,11.533333333333333,8148.08842
2004,757-224,11/08/1994,BOEING,1637,0,45.0,31028.0752
2004,DC-9-82(MD-82),01/13/2005,MCDONNELL DOUGLAS,527,0,30.583333333333332,21669.7631
2004,737-724,04/23/1999,BOEING,771,0,44.71666666666667,30282.95078
2004,DC-9-82(MD-82),12/30/1999,MCDONNELL DOUGLAS,527,0,26.216666666666665,18492.92594
2004,DC-9-82(MD-82),02/09/2005,MCDONNELL DOUGLAS,527,0,17.283333333333335,12385.48064
2004,DC-9-82(MD-82),03/10/2005,MCDONNELL DOUGLAS,851,0,30.366666666666667,19733.72708
2004,DC-9-82(MD-82),01/09/1984,MCDONNELL DOUGLAS,1593,0,24.883333333333333,16539.18718
2004,DC-9-82(MD-82),08/12/2004,MCDONNELL DOUGLAS,1419,0,22.65,15462.53872
2004,DC-9-82(MD-82),01/04/2002,MCDONNELL DOUGLAS,1929,0,30.716666666666665,23180.93336
2004,DC-9-82(MD-82),01/04/2005,MCDONNELL DOUGLAS,339,0,24.416666666666668,17818.61248
2004,737-524,07/22/1998,BOEING,1654,0,27.383333333333333,20000.87752
2004,DC-9-82(MD-82),01/29/2008,MCDONNELL DOUGLAS,709,0,29.516666666666666,20523.91302
2004,737-724,05/28/1998,BOEING,449,0,83.9,58787.58086
2004,737-724,06/02/1998,BOEING,771,0,58.56666666666667,41076.79416
2004,737-724,03/10/1999,BOEING,1847,0,56.85,38907.40384
2004,DC-9-82(MD-82),01/29/2008,MCDONNELL DOUGLAS,1593,0,33.4,23755.46774
2004,DC-9-82(MD-82),01/31/2008,MCDONNELL DOUGLAS,893,0,24.65,17176.48582
2004,737-824,07/31/1998,BOEING,749,0,47.78333333333333,33231.26166
2004,737-824,07/02/1998,BOEING,1422,0,63.483333333333334,45613.52362
2004,737-824,12/21/1998,BOEING,741,0,46.78333333333333,36525.58064
2004,DC-9-82(MD-82),01/29/2008,MCDONNELL DOUGLAS,1593,0,21.983333333333334,15000.65814
2004,DC-9-82(MD-82),02/07/2008,MCDONNELL DOUGLAS,527,0,25.333333333333332,16547.23388
2004,DC-9-82(MD-82),01/30/2008,MCDONNELL DOUGLAS,1593,0,25.533333333333335,19471.40466
2004,737-524,08/07/1995,BOEING,621,0,30.883333333333333,20110.31264
2004,DC-9-82(MD-82),01/30/2008,MCDONNELL DOUGLAS,893,0,39.18333333333333,26829.30714
2004,737-724,04/01/1998,BOEING,771,0,58.983333333333334,40333.27908
2004,737-724,05/26/1998,BOEING,771,0,46.983333333333334,32017.8193
2004,737-724,10/22/1998,BOEING,1041,0,46.81666666666667,31712.0447
2004,737-724,07/29/1999,BOEING,1863,0,53.4,38252.40246
2004,737-724,09/28/1999,BOEING,449,0,108.83333333333333,74470.59916
2004,DC-9-82(MD-82),02/06/2008,MCDONNELL DOUGLAS,761,0,20.216666666666665,14002.86734
2004,DC-9-82(MD-82),08/08/2007,MCDONNELL DOUGLAS,1419,0,20.616666666666667,14047.92886
2004,DC-9-82(MD-82),08/08/2007,MCDONNELL DOUGLAS,851,0,27.633333333333333,19941.33194
2004,767-2B7,09/28/2005,BOEING,2784,0,8.133333333333333,5079.07704
2004,DC-9-82(MD-82),02/04/1985,MCDONNELL DOUGLAS,851,0,37.13333333333333,23872.94956
2004,737-724,05/13/1998,BOEING,1847,0,90.93333333333334,65822.006
2004,DC-9-82(MD-82),03/26/1985,MCDONNELL DOUGLAS,1717,0,31.15,21555.49996
2004,DC-9-82(MD-82),04/25/1985,MCDONNELL DOUGLAS,639,0,29.55,20482.07018
2004,757-224,12/19/1997,BOEING,1637,0,27.45,18644.2039
2004,737-824,06/24/1998,BOEING,749,0,57.416666666666664,41551.54946
2004,737-824,08/05/1998,BOEING,749,0,63.1,43307.3394
2004,737-824,12/23/1998,BOEING,1422,0,74.26666666666667,52313.20604
2004,DC-9-82(MD-82),05/09/1985,MCDONNELL DOUGLAS,761,0,30.233333333333334,20037.89234
2004,DC-9-82(MD-82),07/29/1985,MCDONNELL DOUGLAS,339,0,7.416666666666667,4832.84802
2004,DC-9-82(MD-82),08/07/1985,MCDONNELL DOUGLAS,527,0,18.05,12242.24938
2004,737-824,07/16/1998,BOEING,749,0,71.25,48970.60686
2004,737-824,10/18/1999,BOEING,749,0,66.75,48587.58394
2004,DC-9-82(MD-82),03/12/2004,MCDONNELL DOUGLAS,2025,0,21.35,15824.64022
2004,737-524,06/01/1994,BOEING,1798,0,21.05,14033.4448
2004,737-724,04/16/1999,BOEING,771,0,42.233333333333334,30331.23098
2004,737-724,06/02/1999,BOEING,771,0,48.93333333333333,34140.53876
2004,737-724,09/30/1999,BOEING,771,0,73.15,49551.5786
2004,737-724,09/16/1999,BOEING,771,0,92.53333333333333,63396.73062
2004,DC-9-82(MD-82),08/08/1985,MCDONNELL DOUGLAS,851,0,22.616666666666667,18145.3085
2004,DC-9-82(MD-82),08/16/1985,MCDONNELL DOUGLAS,1593,0,35.25,24761.30524
2004,DC-9-82(MD-82),08/17/1985,MCDONNELL DOUGLAS,1951,0,15.916666666666666,10938.68398
2004,DC-9-82(MD-82),09/09/1985,MCDONNELL DOUGLAS,1929,0,31.55,21523.31316
2004,DC-9-82(MD-82),09/13/1985,MCDONNELL DOUGLAS,1033,0,39.28333333333333,26571.81274
2004,DC-9-82(MD-82),09/17/1985,MCDONNELL DOUGLAS,701,0,33.96666666666667,23275.88442
2004,757-224,01/16/1998,BOEING,1637,0,25.866666666666667,18027.82668
2004,757-224,03/27/1998,BOEING,157,0,11.933333333333334,8255.9142
2004,DC-9-82(MD-82),09/23/1985,MCDONNELL DOUGLAS,701,0,24.716666666666665,16968.88096
2004,DC-9-82(MD-82),10/07/1985,MCDONNELL DOUGLAS,1521,0,45.266666666666666,31533.40796
2004,737-724,01/26/1999,BOEING,661,0,79.7,54350.63048
2004,DC-9-82(MD-82),03/10/1986,MCDONNELL DOUGLAS,2045,0,42.483333333333334,28974.55736
2004,DC-9-82(MD-82),03/10/1986,MCDONNELL DOUGLAS,432,0,45.03333333333333,30215.3585
2004,A319-114,12/22/1999,AIRBUS INDUSTRIE,1515,1,24.483333333333334,16579.42068
2004,737-322,11/14/1986,BOEING,1925,0,37.71666666666667,25723.69056
2004,A320-211,08/01/1989,AIRBUS INDUSTRIE,673,1,49.13333333333333,34716.68248
2004,737-3G7,06/27/1997,BOEING,2456,1,141.51666666666668,89812.43738
2004,A319-114,12/22/1999,AIRBUS INDUSTRIE,1515,1,24.766666666666666,17854.01796
2004,737-322,01/09/1987,BOEING,2811,0,42.61666666666667,25862.0938
2004,737-3G7,01/23/2002,BOEING,2456,0,147.21666666666667,93528.40344
2004,737-322,01/16/1987,BOEING,1289,0,8.616666666666667,6265.16062
2004,A320-211,09/07/1989,AIRBUS INDUSTRIE,1716,0,32.6,23676.61008
2004,737-322,02/06/1987,BOEING,2811,0,42.233333333333334,25813.8136
2004,A320-211,09/05/1989,AIRBUS INDUSTRIE,1508,0,30.883333333333333,22154.17444
2004,737-3G7,09/14/2000,BOEING,2454,0,128.08333333333334,82367.63054
2004,737-322,02/10/1987,BOEING,415,0,31.5,20612.42672
2004,A320-211,08/01/1989,AIRBUS INDUSTRIE,673,0,24.566666666666666,17511.22854
2004,737-3G7,02/28/2006,BOEING,2456,4,127.75,83470.02844
2004,737-322,02/19/1987,BOEING,590,0,9.716666666666667,6966.8328599999995
2004,737-3G7,09/28/2005,BOEING,2454,2,128.78333333333333,82781.23092
2004,737-322,03/10/1987,BOEING,2809,0,26.033333333333335,18140.48048
2004,737-3G7,09/28/2005,BOEING,2456,0,141.86666666666667,90282.36466
2004,737-322,03/27/1987,BOEING,2070,0,21.583333333333332,14448.65452
2004,737-3G7,09/28/2005,BOEING,2456,2,128.86666666666667,85071.32174
2004,737-322,04/16/1987,BOEING,2815,0,73.15,45064.73868
2004,A320-211,05/23/2006,AIRBUS INDUSTRIE,677,1,34.4,24082.16376
2004,A320-211,05/23/2006,AIRBUS INDUSTRIE,1716,0,20.15,14385.89026
2004,737-322,05/12/1987,BOEING,939,0,33.43333333333333,23203.46412
2004,737-3G7,02/28/2006,BOEING,2454,2,107.01666666666667,68263.37478
2004,737-322,01/14/1988,BOEING,1289,0,3.966666666666667,2689.20714
2004,A320-211,11/13/1990,AIRBUS INDUSTRIE,1508,0,14.45,10724.64176
2004,737-322,06/21/2004,BOEING,2165,0,33.78333333333333,22839.75328
2004,A320-211,10/20/2004,AIRBUS INDUSTRIE,677,0,33.78333333333333,23375.6635
2004,737-3S3,11/07/1990,BOEING,2458,2,135.4,87243.93074
2004,737-322,01/14/1988,BOEING,1034,0,27.183333333333334,17860.45532
2004,A320-211,09/21/2004,AIRBUS INDUSTRIE,677,0,42.78333333333333,29318.95612
2004,737-3S3,11/21/1990,BOEING,2456,1,140.03333333333333,90259.8339
2004,737-322,01/20/1988,BOEING,1034,0,28.416666666666668,19650.0414
2004,A320-211,09/22/2004,AIRBUS INDUSTRIE,677,0,42.5,29291.59734
2004,737-3S3,12/06/1990,BOEING,2528,0,50.3,32878.8162
2004,737-322,01/21/1988,BOEING,2811,0,46.81666666666667,29143.53806
2004,A320-211,10/21/2004,AIRBUS INDUSTRIE,1716,1,34.43333333333333,23982.38468
2004,737-3S3,01/09/1991,BOEING,2458,2,145.95,96327.0457
2004,A320-211,10/21/2004,AIRBUS INDUSTRIE,677,0,33.68333333333333,24288.15928
2004,A320-211,10/21/2004,AIRBUS INDUSTRIE,677,1,40.55,29607.02798
2004,737-322,04/19/1988,BOEING,1698,0,13.35,9282.67312
2004,A320-211,10/12/2004,AIRBUS INDUSTRIE,1214,0,36.7,24172.2868
2004,767-223,04/09/2004,BOEING,677,0,82.73333333333333,58811.72096
2004,A320-211,09/22/2004,AIRBUS INDUSTRIE,1508,0,47.45,35223.62458
2004,767-223,04/09/2004,BOEING,83,0,71.13333333333334,49696.4192
2004,A320-211,09/22/2004,AIRBUS INDUSTRIE,677,2,21.716666666666665,15316.08878
2004,767-223,05/05/1986,BOEING,677,0,50.5,37209.55014
2004,A320-211,01/14/1992,AIRBUS INDUSTRIE,673,0,28.983333333333334,19519.68486
2004,767-223,05/19/1986,BOEING,677,0,65.86666666666666,45922.5169
2004,737-3G7,06/26/2001,BOEING,2289,2,93.11666666666666,58943.68684
2004,A320-211,01/15/1992,AIRBUS INDUSTRIE,677,0,51.1,33891.09106
2004,767-223,11/19/1986,BOEING,677,0,39.1,28058.8429
2004,A320-211,02/03/1992,AIRBUS INDUSTRIE,671,0,23.2,16048.33848
2004,767-223,09/17/1986,BOEING,677,0,54.833333333333336,38403.68042
2004,A320-211,02/11/1992,AIRBUS INDUSTRIE,671,1,53.55,37821.09934
2004,767-223,12/24/1986,BOEING,677,0,62.46666666666667,43165.71748
2004,737-322,09/08/1988,BOEING,1666,0,14.416666666666666,10256.32382
2004,A320-211,03/02/1992,AIRBUS INDUSTRIE,677,1,29.416666666666668,19559.91836
2004,737-524,04/14/1996,BOEING,1847,0,19.366666666666667,12644.58438
2004,737-322,09/11/2007,BOEING,337,0,20.033333333333335,14744.773079999999
2004,A320-211,03/04/1992,AIRBUS INDUSTRIE,673,0,41.25,27112.55098
2004,767-223,12/10/1999,BOEING,83,0,20.15,14712.58628
2004,A320-211,04/01/1992,AIRBUS INDUSTRIE,677,0,56.983333333333334,38731.98578
2004,737-322,06/30/2006,BOEING,2811,0,62.15,38218.60632
2004,767-223,04/09/2004,BOEING,677,0,67.81666666666666,47123.084539999996
2004,A320-211,04/08/1992,AIRBUS INDUSTRIE,347,0,21.55,15234.01244
2004,737-322,07/14/2006,BOEING,1822,0,13.45,9290.71982
2004,767-223,04/09/2004,BOEING,677,0,46.583333333333336,32980.20462
2004,A320-211,05/05/1992,AIRBUS INDUSTRIE,677,0,31.75,21579.64006
2004,737-322,07/27/2006,BOEING,415,0,11.483333333333333,7773.1122
2004,A320-211,05/07/1992,AIRBUS INDUSTRIE,677,0,27.166666666666668,17985.98384
2004,737-322,06/08/2006,BOEING,755,0,16.05,12585.0388
2004,757-224,06/27/1994,BOEING,157,0,17.766666666666666,12383.8713
2004,757-224,07/01/1998,BOEING,157,0,11.5,8255.9142
2004,A320-211,06/08/1992,AIRBUS INDUSTRIE,671,0,54.2,37220.81552
2004,737-322,06/08/2006,BOEING,755,0,16.383333333333333,11313.6602
2004,DC-9-32,12/02/1994,DOUGLAS,876,0,8.916666666666666,6178.25626
2004,767-223,04/02/1987,BOEING,677,0,59.016666666666666,41595.00164
2004,737-3B7,06/20/2001,BOEING,2454,5,121.48333333333333,78526.13596
2004,A320-211,06/11/1992,AIRBUS INDUSTRIE,677,0,54.43333333333333,35931.73418
2004,737-322,07/14/2004,BOEING,755,0,23.3,16510.21906
2004,A320-211,07/10/1992,AIRBUS INDUSTRIE,677,0,26.466666666666665,17844.36192
2004,737-322,07/14/2004,BOEING,1034,0,24.95,17940.92232
2004,737-3Y0,12/30/1998,BOEING,2449,4,131.05,84601.39446
2004,A320-212,09/01/1992,AIRBUS INDUSTRIE,671,0,49.916666666666664,34649.0902
2004,737-322,12/01/1988,BOEING,1108,0,11.1,8337.99054
2004,767-223,12/11/1987,BOEING,677,0,62.53333333333333,44392.03456
2004,A320-212,07/11/2007,AIRBUS INDUSTRIE,189,0,36.75,25976.35694
2004,737-322,12/02/1988,BOEING,1973,0,29.366666666666667,19851.2089
2004,737-524,04/06/1994,BOEING,1455,0,19.633333333333333,13420.28626
2004,767-223,12/21/1987,BOEING,677,0,66.41666666666667,47939.01992
2004,A320-212,07/12/2007,AIRBUS INDUSTRIE,671,0,48.11666666666667,31662.15516
2004,737-322,05/13/2004,BOEING,783,0,7.916666666666667,5025.96882
2004,737-724,09/29/1998,BOEING,251,0,60.78333333333333,42357.8288
2004,A320-212,07/19/2007,AIRBUS INDUSTRIE,677,0,35.4,24077.33574
2004,737-322,05/11/2004,BOEING,1034,0,13.483333333333333,8803.0898
2004,767-223,01/19/1988,BOEING,677,0,51.666666666666664,36054.04402
2004,A320-212,09/13/2004,AIRBUS INDUSTRIE,349,0,51.05,34853.47638
2004,737-322,05/12/2004,BOEING,2811,0,44.233333333333334,26649.06106
2004,767-223,01/28/1988,BOEING,677,0,91.43333333333334,68770.31688
2004,A320-212,07/17/2007,AIRBUS INDUSTRIE,673,0,68.76666666666667,46785.12314
2004,737-322,11/29/2007,BOEING,939,0,17.933333333333334,12414.44876
2004,A320-212,07/11/2007,AIRBUS INDUSTRIE,677,0,45.46666666666667,30682.0671
2004,737-322,11/28/2007,BOEING,1034,0,41.2,27963.89184
2004,757-224,06/10/1998,BOEING,157,0,11.65,8255.9142
2004,757-224,11/30/1999,BOEING,1637,0,32.8,22517.88528
2004,A320-212,07/17/2007,AIRBUS INDUSTRIE,677,0,16.3,11347.45634
2004,737-322,12/02/1988,BOEING,337,0,28.4,19559.91836
2004,737-824,12/09/1998,BOEING,535,0,77.4,54770.66822
2004,A320-212,09/14/2004,AIRBUS INDUSTRIE,677,0,50.25,34058.46242
2004,737-322,11/28/1988,BOEING,1034,0,19.883333333333333,13294.75774
2004,A320-212,07/17/2007,AIRBUS INDUSTRIE,677,0,50.733333333333334,34447.9227
2004,A320-212,07/17/2007,AIRBUS INDUSTRIE,677,0,50.733333333333334,35176.95372
2004,A320-212,07/19/2007,AIRBUS INDUSTRIE,185,0,23.5,16909.33538
2004,737-322,01/04/1989,BOEING,2817,0,61.1,37203.11278
2004,A320-212,07/19/2007,AIRBUS INDUSTRIE,671,0,21.983333333333334,15509.20958
2004,737-322,01/03/1989,BOEING,2811,0,49.9,32500.6213
2004,A320-212,07/20/2007,AIRBUS INDUSTRIE,343,0,40.68333333333333,28155.403299999998
2004,737-322,01/13/1989,BOEING,383,0,13.95,9499.93402
2004,A320-212,07/13/2007,AIRBUS INDUSTRIE,185,0,60.483333333333334,42475.31062
2004,737-322,01/26/1989,BOEING,1034,0,24.2,16658.27834
2004,A320-212,07/19/2007,AIRBUS INDUSTRIE,673,0,23.85,16275.25542
2004,737-322,04/07/1989,BOEING,2634,0,33.11666666666667,21629.5296
2004,767-323,06/27/1996,BOEING,495,0,26.55,19067.46032
2004,A320-212,12/18/1998,AIRBUS INDUSTRIE,671,0,25.383333333333333,16613.21682
2004,737-322,09/12/2005,BOEING,1034,0,31.733333333333334,21325.36434
2004,767-323,06/24/1996,BOEING,1539,0,9.483333333333333,6516.21766
2004,A320-212,06/26/1998,AIRBUS INDUSTRIE,261,0,27.716666666666665,18898.47962
2004,767-323,06/26/1996,BOEING,47,0,11.7,8297.75704
2004,A320-212,06/26/1998,AIRBUS INDUSTRIE,671,0,28.216666666666665,18583.04898
2004,767-323,07/10/1996,BOEING,47,0,16.2,11514.8277
2004,A320-212,06/26/1998,AIRBUS INDUSTRIE,677,0,35.88333333333333,25141.10948
2004,767-323,06/16/1988,BOEING,47,0,4.566666666666666,2970.84164
2004,A320-212,10/21/1998,AIRBUS INDUSTRIE,677,1,39.166666666666664,25792.89218
2004,A320-212,12/18/1998,AIRBUS INDUSTRIE,349,0,57.35,39916.46002
2004,767-323,06/20/1996,BOEING,47,0,10.25,7132.59488
2004,A320-212,12/18/1998,AIRBUS INDUSTRIE,673,0,50.18333333333333,33868.5603
2004,767-323,07/07/2008,BOEING,1539,0,15.366666666666667,10900.05982
2004,A320-212,12/18/1998,AIRBUS INDUSTRIE,349,1,45.88333333333333,30336.059
2004,767-323,06/19/1996,BOEING,83,0,4.2,2970.84164
2004,A320-212,12/17/1998,AIRBUS INDUSTRIE,189,0,36.93333333333333,25720.47188
2004,767-323,07/02/1996,BOEING,367,0,9.933333333333334,6739.91592
2004,A320-212,12/18/1998,AIRBUS INDUSTRIE,671,0,39.93333333333333,28184.37142
2004,767-323,07/09/1996,BOEING,47,0,4.466666666666667,2970.84164
2004,A320-212,12/16/1998,AIRBUS INDUSTRIE,677,1,43.1,29740.6032
2004,737-824,12/03/1999,BOEING,535,0,77.16666666666667,52829.80418
2004,767-323,07/01/1996,BOEING,1539,0,24.216666666666665,16993.02106
2004,A320-212,12/16/1998,AIRBUS INDUSTRIE,361,1,47.333333333333336,31655.7178
2004,767-323,09/16/1988,BOEING,47,0,10.35,7130.98554
2004,A320-212,12/16/1998,AIRBUS INDUSTRIE,349,1,15.416666666666666,10589.4572
2004,A320-212,12/23/1999,AIRBUS INDUSTRIE,673,0,51.18333333333333,35106.14276
2004,737-322,09/28/1989,BOEING,383,0,12.433333333333334,9126.56714
2004,A109E,10/21/2003,AGUSTA SPA,47,0,10.25,7354.6838
2004,A320-212,12/23/1999,AIRBUS INDUSTRIE,671,0,41.666666666666664,28222.99558
2004,737-322,09/28/1989,BOEING,383,0,20.116666666666667,13732.49822
2004,767-323,12/28/1999,BOEING,1539,0,11.9,8543.98606
2004,A320-212,12/23/1999,AIRBUS INDUSTRIE,673,1,40.233333333333334,30126.8448
2004,737-322,09/28/1989,BOEING,2809,0,104.3,61362.52486
2004,737-322,09/28/1989,BOEING,2809,0,126.73333333333333,74433.58434
2004,767-323,11/08/2002,BOEING,47,0,23.766666666666666,16841.7431
2004,A320-212,09/16/1999,AIRBUS INDUSTRIE,671,0,51.25,35521.35248
2004,767-323,04/25/2002,BOEING,1539,0,5.65,4160.1439
2004,A320-212,09/16/1999,AIRBUS INDUSTRIE,261,0,36.06666666666667,24455.53064
2004,737-322,12/21/1989,BOEING,2817,0,130.65,78870.53472
2004,767-323,04/08/1992,BOEING,1539,0,5.566666666666666,4160.1439
2004,A320-212,12/22/1999,AIRBUS INDUSTRIE,53,0,31.75,23166.4493
2004,737-322,12/21/1989,BOEING,2815,1,103.98333333333333,64555.45542
2004,767-323,12/13/1999,BOEING,1539,0,24.35,17089.58146
2004,737-832,10/23/1998,BOEING,1931,2,63.78333333333333,43933.37266
2004,737-322,10/06/2004,BOEING,2819,0,108.53333333333333,64397.7401
2004,767-323,05/22/1992,BOEING,27,0,12.266666666666667,8767.68432
2004,737-832,10/27/1998,BOEING,1931,1,90.4,60881.3322
2004,737-322,12/21/1989,BOEING,2815,0,112.73333333333333,64397.7401
2004,767-323,06/08/1992,BOEING,1539,0,21.416666666666668,15283.90198
2004,737-832,10/28/1998,BOEING,1931,1,94.75,64077.48144
2004,737-322,12/29/1989,BOEING,2817,1,132.98333333333332,78653.27382
2004,767-323,06/17/1992,BOEING,47,0,6.95,5326.9154
2004,737-832,11/05/1998,BOEING,1639,0,80.0,54199.35252
2004,737-322,11/24/2004,BOEING,2819,0,133.48333333333332,80499.1868
2004,737-832,12/01/1998,BOEING,1931,1,78.36666666666666,52715.54104
2004,737-322,08/29/2007,BOEING,2809,0,151.55,90065.10376
2004,737-524,08/09/1994,BOEING,1685,0,17.75,11474.5942
2004,PA-32RT-300,11/16/2000,PIPER,1539,0,12.733333333333333,8872.29142
2004,737-832,01/19/1999,BOEING,1931,0,70.25,49382.5979
2004,737-322,08/29/2007,BOEING,2817,0,121.65,71750.81456
2004,FALCON XP,05/29/1986,PAIR MIKE E,311,0,3.783333333333333,2356.0737599999998
2004,737-832,05/11/1999,BOEING,1931,2,69.68333333333334,47504.49812
2004,737-322,09/05/2007,BOEING,2817,0,121.48333333333333,72557.09389999999
2004,172E,06/06/2008,CESSNA,1539,0,8.95,6516.21766
2004,737-832,08/16/1999,BOEING,1931,1,84.38333333333334,56307.58792
2004,737-322,09/06/2007,BOEING,2817,0,108.26666666666667,64582.8142
2004,767-323,03/08/1993,BOEING,367,0,19.633333333333333,13447.64504
2004,737-832,08/23/1999,BOEING,1931,1,75.23333333333333,51448.99046
2004,737-322,05/07/2004,BOEING,2815,0,120.23333333333333,72116.13474
2004,AS 355F1,08/16/2007,AEROSPATIALE,47,0,4.033333333333333,2970.84164
2004,737-832,09/23/1999,BOEING,1931,1,86.05,58747.34736
2004,DC-7BF,12/21/1998,DOUGLAS,47,0,9.983333333333333,7354.6838
2004,737-322,05/30/1990,BOEING,2817,0,27.9,16276.86476
2004,1121,11/21/2002,AERO COMMANDER,1539,0,11.95,8511.79926
2004,737-832,10/14/1999,BOEING,1931,0,93.51666666666667,63282.46748
2004,737-322,05/30/1990,BOEING,2815,0,41.75,24967.30076
2004,E-90,07/12/2005,BEECH,1539,0,12.416666666666666,8872.29142
2004,737-832,10/20/1999,BOEING,1931,3,59.81666666666667,40035.55118
2004,737-322,08/19/2004,BOEING,2817,0,112.01666666666667,68112.09682
2004,767-323,08/27/1993,BOEING,59,0,12.566666666666666,8873.90076
2004,737-832,11/24/1999,BOEING,1931,4,84.01666666666667,56325.29066
2004,737-322,07/24/1990,BOEING,2815,0,94.56666666666666,55853.75404
2004,767-323,05/13/1994,BOEING,47,0,9.05,5941.68328
2004,737-832,12/21/1999,BOEING,1931,1,69.13333333333334,46244.3849
2004,737-322,07/24/1990,BOEING,2817,0,137.43333333333334,81884.82854
2004,737-724,07/14/1999,BOEING,771,0,60.53333333333333,42111.59978
2004,737-832,01/18/2000,BOEING,1931,1,9.116666666666667,5832.24816
2004,767-323,01/17/1995,BOEING,47,0,12.766666666666667,8297.75704
2004,767-323,01/18/1995,BOEING,1539,0,5.6,4160.1439
2004,767-323,02/02/1995,BOEING,47,0,17.816666666666666,12457.90094
2004,767-323,02/17/1995,BOEING,47,0,17.633333333333333,12066.83132
2004,737-3TO,06/20/2007,BOEING,767,0,23.916666666666668,15473.8041
2004,A-1B,None,AVIAT AIRCRAFT INC,1539,0,5.7,4160.1439
2004,767-324,04/02/1998,BOEING,1982,0,31.133333333333333,21531.35986
2004,A-1B,06/05/2008,AVIAT AIRCRAFT INC,1539,0,29.783333333333335,21248.11602
2004,737-724,07/12/1999,BOEING,771,0,66.61666666666666,47047.44556
2004,737-724,07/19/1999,BOEING,1041,0,55.55,38271.71454
2004,737-322,03/29/2006,BOEING,2819,0,132.96666666666667,77608.81216
2004,737-322,03/29/2006,BOEING,2811,0,110.58333333333333,65332.76664
2004,DC-9-82(MD-82),03/10/1986,MCDONNELL DOUGLAS,1521,0,34.833333333333336,25358.37038
2004,S-50A,09/19/1977,RAVEN,2066,0,42.68333333333333,28091.0297
2004,DC-9-51,08/31/2000,MCDONNELL DOUGLAS,1163,2,4.566666666666666,2817.95434
2004,A320-232,11/24/1993,AIRBUS INDUSTRIE,31,0,41.75,27643.63318
2004,S55A,05/26/1976,RAVEN,2045,0,33.4,22022.20856
2004,A320-232,11/30/1993,AIRBUS INDUSTRIE,375,0,65.96666666666667,45761.5829
2004,A320-232,12/20/1993,AIRBUS INDUSTRIE,33,0,62.483333333333334,42948.45658
2004,A320-232,12/09/1993,AIRBUS INDUSTRIE,31,0,37.583333333333336,24846.60026
2004,737-401,04/12/2005,BOEING,937,0,29.5,16814.38432
2004,S55A,11/08/2006,RAVEN,639,0,65.66666666666667,44029.93306
2004,A320-232,12/22/1993,AIRBUS INDUSTRIE,1999,0,54.233333333333334,40107.97148
2004,737-401,04/12/2005,BOEING,1919,0,23.433333333333334,14482.45066
2004,A320-232,01/26/2005,AIRBUS INDUSTRIE,375,0,83.08333333333333,56281.83848
2004,737-401,07/16/2003,BOEING,937,0,37.266666666666666,23322.55528
2004,DC-9-82(MD-82),04/24/1986,MCDONNELL DOUGLAS,1521,0,33.63333333333333,23057.01418
2004,A320-232,05/26/2004,AIRBUS INDUSTRIE,1997,0,87.06666666666666,60553.02684
2004,DC-9-82(MD-82),04/23/1986,MCDONNELL DOUGLAS,2235,0,61.86666666666667,41340.72592
2004,A320-232,06/10/2004,AIRBUS INDUSTRIE,1999,0,39.06666666666667,28644.64266
2004,DC-9-82(MD-82),04/25/1986,MCDONNELL DOUGLAS,432,0,49.1,33076.76502
2004,A320-232,06/10/2004,AIRBUS INDUSTRIE,415,0,63.11666666666667,42784.3039
2004,737-401,07/14/2003,BOEING,1429,0,30.783333333333335,20276.07466
2004,DC-9-82(MD-82),05/27/1986,MCDONNELL DOUGLAS,1033,0,32.21666666666667,21821.04106
2004,A320-232,02/18/2005,AIRBUS INDUSTRIE,231,0,57.36666666666667,39111.79002
2004,757-224,02/22/1999,BOEING,1507,0,24.266666666666666,16276.86476
2004,DC-9-82(MD-82),06/27/1986,MCDONNELL DOUGLAS,1521,0,45.96666666666667,30107.53272
2004,A320-232,05/28/2004,AIRBUS INDUSTRIE,35,0,29.333333333333332,20356.54166
2004,DC-9-82(MD-82),10/22/1986,MCDONNELL DOUGLAS,2045,0,16.083333333333332,10375.41498
2004,A320-232,05/20/2004,AIRBUS INDUSTRIE,1997,0,80.38333333333334,60440.37304
2004,DC-9-82(MD-82),11/21/2003,MCDONNELL DOUGLAS,761,0,35.31666666666667,23349.91406
2004,A320-232,11/29/2005,AIRBUS INDUSTRIE,1999,0,49.36666666666667,35004.75434
2004,A320-232,05/19/2004,AIRBUS INDUSTRIE,375,0,73.71666666666667,51104.5917
2004,DC-9-82(MD-82),09/09/1986,MCDONNELL DOUGLAS,1593,0,48.4,35778.84688
2004,A320-232,12/30/2003,AIRBUS INDUSTRIE,271,0,66.98333333333333,44976.22498
2004,DC-9-82(MD-82),09/12/1986,MCDONNELL DOUGLAS,432,0,48.083333333333336,33036.53152
2004,A320-232,05/26/2004,AIRBUS INDUSTRIE,235,0,57.0,38151.01404
2004,DC-9-82(MD-82),09/25/1986,MCDONNELL DOUGLAS,851,0,18.333333333333332,11889.80392
2004,A320-232,05/19/2004,AIRBUS INDUSTRIE,35,0,55.483333333333334,38097.90582
2004,737-401,04/08/2005,BOEING,1429,0,28.616666666666667,18565.34624
2004,DC-9-82(MD-82),10/01/1986,MCDONNELL DOUGLAS,2045,0,49.483333333333334,33207.12156
2004,A320-232,10/27/2004,AIRBUS INDUSTRIE,691,0,77.81666666666666,54843.08852
2004,737-401,04/08/2005,BOEING,1142,0,31.866666666666667,20008.92422
2004,DC-9-82(MD-82),10/15/1986,MCDONNELL DOUGLAS,1521,0,60.28333333333333,40642.27236
2004,A320-232,05/27/2004,AIRBUS INDUSTRIE,661,0,90.88333333333334,67270.412
2004,737-401,07/19/2007,BOEING,937,0,21.233333333333334,12509.39982
2004,DC-9-82(MD-82),12/22/1986,MCDONNELL DOUGLAS,851,0,44.11666666666667,29093.64852
2004,A320-232,05/19/2004,AIRBUS INDUSTRIE,691,0,50.28333333333333,35347.54376
2004,737-401,07/24/2007,BOEING,1529,0,33.45,18554.08086
2004,421C,10/24/2007,CESSNA,761,0,24.383333333333333,16165.8203
2004,A320-232,05/21/2004,AIRBUS INDUSTRIE,35,0,66.01666666666667,43984.87154
2004,737-401,04/14/2005,BOEING,1142,0,37.95,24597.15256
2004,DC-9-82(MD-82),12/22/1986,MCDONNELL DOUGLAS,709,0,36.95,25372.85444
2004,A320-232,05/20/2004,AIRBUS INDUSTRIE,235,0,66.91666666666667,46717.53086
2004,737-401,04/08/2005,BOEING,922,0,27.716666666666665,15816.59352
2004,DC-9-82(MD-82),12/03/1986,MCDONNELL DOUGLAS,2045,0,34.78333333333333,24238.26974
2004,A320-232,05/20/2004,AIRBUS INDUSTRIE,35,0,67.85,48194.90498
2004,737-401,04/08/2005,BOEING,1429,0,20.916666666666668,12438.58886
2004,DC-9-82(MD-82),12/08/1986,MCDONNELL DOUGLAS,2045,0,44.483333333333334,29518.51428
2004,A320-232,05/20/2004,AIRBUS INDUSTRIE,35,0,71.3,49176.60238
2004,PA-28-180,02/10/2005,PIPER,1929,0,48.43333333333333,32099.89564
2004,A320-232,05/19/2004,AIRBUS INDUSTRIE,99,0,26.766666666666666,20192.38898
2004,737-401,07/17/2003,BOEING,1429,0,12.816666666666666,7774.72154
2004,DC-9-82(MD-82),12/22/1986,MCDONNELL DOUGLAS,1521,0,33.65,22237.86012
2004,A320-232,05/21/2004,AIRBUS INDUSTRIE,375,0,54.11666666666667,38828.54618
2004,737-4B7,12/03/2003,BOEING,268,0,34.05,20305.04278
2004,DC-9-82(MD-82),02/04/1987,MCDONNELL DOUGLAS,2045,0,32.4,21924.03882
2004,A320-232,05/27/2004,AIRBUS INDUSTRIE,231,0,82.26666666666667,57558.0451
2004,737-4B7,07/15/2003,BOEING,268,0,21.45,13233.60282
2004,DC-9-82(MD-82),02/13/1987,MCDONNELL DOUGLAS,432,0,42.88333333333333,28599.58114
2004,A320-232,05/26/2004,AIRBUS INDUSTRIE,525,0,31.033333333333335,20882.79584
2004,DC-9-82(MD-82),02/04/1987,MCDONNELL DOUGLAS,1445,0,52.6,35123.8455
2004,A320-232,05/27/2004,AIRBUS INDUSTRIE,35,1,83.75,58193.7344
2004,DC-9-82(MD-82),02/13/1987,MCDONNELL DOUGLAS,2045,0,43.45,29790.49274
2004,A320-232,11/29/2005,AIRBUS INDUSTRIE,235,0,40.93333333333333,28453.1312
2004,737-4B7,08/12/2003,BOEING,1429,0,8.233333333333333,4884.3469
2004,DC-9-82(MD-82),09/02/1987,MCDONNELL DOUGLAS,1445,0,26.716666666666665,17804.12842
2004,A320-232,11/29/2005,AIRBUS INDUSTRIE,215,0,53.833333333333336,36779.85636
2004,DC-9-82(MD-82),09/04/1987,MCDONNELL DOUGLAS,851,0,58.416666666666664,39766.7914
2004,A320-232,11/29/2005,AIRBUS INDUSTRIE,271,0,76.35,52652.77678
2004,737-4B7,03/31/2004,BOEING,937,0,41.833333333333336,25392.16652
2004,DC-9-83(MD-83),08/11/1987,MCDONNELL DOUGLAS,2235,0,34.85,23871.34022
2004,A320-232,09/06/1996,AIRBUS INDUSTRIE,231,0,74.96666666666667,52091.11712
2004,737-4B7,07/15/2003,BOEING,937,0,30.25,18620.0638
2004,DC-9-83(MD-83),08/12/1987,MCDONNELL DOUGLAS,432,0,77.71666666666667,52012.25946
2004,A320-232,09/06/1996,AIRBUS INDUSTRIE,661,0,66.01666666666667,46564.64356
2004,737-4B7,07/15/2003,BOEING,937,0,28.333333333333332,18552.47152
2004,DC-9-83(MD-83),08/17/1987,MCDONNELL DOUGLAS,2235,0,70.66666666666667,47747.50846
2004,A320-232,09/03/1996,AIRBUS INDUSTRIE,361,0,72.15,50573.5095
2004,737-4B7,07/15/2003,BOEING,1677,0,28.45,17857.23664
2004,DC-9-83(MD-83),08/18/1987,MCDONNELL DOUGLAS,2235,0,56.28333333333333,36895.72884
2004,A320-232,12/10/1996,AIRBUS INDUSTRIE,235,0,62.71666666666667,42977.4247
2004,DC-9-83(MD-83),08/20/1987,MCDONNELL DOUGLAS,2235,0,52.416666666666664,35740.22272
2004,A320-232,02/20/1997,AIRBUS INDUSTRIE,235,0,75.68333333333334,52031.57154
2004,DC-9-83(MD-83),08/22/1987,MCDONNELL DOUGLAS,1929,0,52.18333333333333,35807.815
2004,A320-232,05/29/1997,AIRBUS INDUSTRIE,1203,0,57.05,39526.99974
2004,737-4B7,03/28/2003,BOEING,826,0,35.06666666666667,21856.44654
2004,DC-9-83(MD-83),09/15/1987,MCDONNELL DOUGLAS,1033,0,41.016666666666666,30194.43708
2004,A320-232,06/11/1997,AIRBUS INDUSTRIE,33,0,76.76666666666667,53035.7997
2004,737-4B7,03/04/2003,BOEING,937,0,36.21666666666667,22207.28266
2004,DC-9-82(MD-82),07/09/1998,MCDONNELL DOUGLAS,851,0,61.55,42161.48932
2004,A320-232,07/07/1997,AIRBUS INDUSTRIE,231,0,76.18333333333334,51172.18398
2004,737-4B7,03/28/2003,BOEING,922,0,28.466666666666665,16672.7624
2004,DC-9-82(MD-82),07/09/1998,MCDONNELL DOUGLAS,432,0,15.25,10977.30814
2004,A320-232,12/08/1997,AIRBUS INDUSTRIE,35,0,69.95,47758.77384
2004,737-4B7,12/31/1990,BOEING,541,0,34.71666666666667,21116.15014
2004,DC-9-82(MD-82),07/15/1998,MCDONNELL DOUGLAS,2045,0,39.63333333333333,27550.29146
2004,A320-232,02/26/1998,AIRBUS INDUSTRIE,35,0,81.05,56175.62204
2004,737-4B7,12/31/1990,BOEING,937,0,30.883333333333333,18600.75172
2004,DC-9-82(MD-82),01/13/1988,MCDONNELL DOUGLAS,701,0,45.166666666666664,30015.80034
2004,A320-232,06/19/1998,AIRBUS INDUSTRIE,525,0,46.516666666666666,31525.36126
2004,737-4B7,12/31/1990,BOEING,1429,0,38.55,23789.26388
2004,182P,03/28/1978,CESSNA,432,0,56.38333333333333,38252.40246
2004,A320-232,06/19/1998,AIRBUS INDUSTRIE,661,0,74.88333333333334,51555.2069
2004,737-4B7,03/18/2003,BOEING,937,0,33.0,20013.75224
2004,DC-9-82(MD-82),01/12/1988,MCDONNELL DOUGLAS,701,0,36.45,24202.86426
2004,A320-232,06/19/1998,AIRBUS INDUSTRIE,35,0,88.06666666666666,61195.1535
2004,737-4B7,12/31/1990,BOEING,937,0,24.266666666666666,13991.60196
2004,DC-9-82(MD-82),03/12/2004,MCDONNELL DOUGLAS,432,0,50.2,34583.10726
2004,A320-232,06/22/1998,AIRBUS INDUSTRIE,235,0,55.166666666666664,38503.4595
2004,DC-9-82(MD-82),03/12/2004,MCDONNELL DOUGLAS,851,0,57.266666666666666,36720.31078
2004,A320-232,07/01/1998,AIRBUS INDUSTRIE,661,0,57.916666666666664,40130.50224
2004,DC-9-82(MD-82),03/12/2004,MCDONNELL DOUGLAS,701,0,28.566666666666666,19228.39432
2004,A320-232,07/06/1998,AIRBUS INDUSTRIE,361,0,59.916666666666664,41638.45382
2004,DC-9-82(MD-82),03/12/2004,MCDONNELL DOUGLAS,432,0,39.55,26060.04262
2004,A320-232,07/21/1998,AIRBUS INDUSTRIE,235,0,52.21666666666667,37455.77916
2004,737-4B7,12/31/1990,BOEING,1929,0,73.38333333333334,50951.7044
2004,DC-9-82(MD-82),12/19/1994,MCDONNELL DOUGLAS,1929,0,44.93333333333333,30768.97146
2004,DC-9-82(MD-82),12/14/1994,MCDONNELL DOUGLAS,2045,0,36.666666666666664,25662.53564
2004,A320-232,09/01/1998,AIRBUS INDUSTRIE,35,0,65.66666666666667,44828.1657
2004,DC-9-82(MD-82),06/16/1988,MCDONNELL DOUGLAS,527,0,34.983333333333334,23419.11568
2004,A320-232,03/04/1999,AIRBUS INDUSTRIE,31,0,80.56666666666666,54744.91878
2004,DC-9-82(MD-82),06/14/1988,MCDONNELL DOUGLAS,709,0,42.2,28786.26458
2004,A320-232,04/14/1999,AIRBUS INDUSTRIE,35,0,60.1,40835.39316
2004,DC-9-82(MD-82),06/25/1998,MCDONNELL DOUGLAS,432,0,41.666666666666664,27878.59682
2004,A320-232,11/05/1999,AIRBUS INDUSTRIE,235,0,72.16666666666667,48148.23412
2004,DC-9-82(MD-82),06/25/1998,MCDONNELL DOUGLAS,432,0,49.43333333333333,32433.029019999998
2004,A320-232,11/09/1999,AIRBUS INDUSTRIE,361,0,82.73333333333333,54709.5133
2004,DC-9-82(MD-82),07/06/1988,MCDONNELL DOUGLAS,1521,0,32.71666666666667,21772.76086
2004,A320-232,12/08/1999,AIRBUS INDUSTRIE,33,0,62.03333333333333,43709.674399999996
2004,DC-9-82(MD-82),05/25/1988,MCDONNELL DOUGLAS,709,0,36.233333333333334,24590.7152
2004,DC-9-82(MD-82),07/12/1988,MCDONNELL DOUGLAS,432,0,42.25,27880.20616
2004,DC-9-82(MD-82),07/06/1988,MCDONNELL DOUGLAS,1593,0,46.166666666666664,30989.45104
2004,DC-9-82(MD-82),08/10/1988,MCDONNELL DOUGLAS,439,0,14.383333333333333,9675.35208
2004,DC-9-82(MD-82),08/11/1988,MCDONNELL DOUGLAS,761,0,42.13333333333333,28107.1231
2004,DC-9-82(MD-82),09/21/1988,MCDONNELL DOUGLAS,2834,0,52.733333333333334,35753.09744
2004,DC-9-82(MD-82),09/21/1988,MCDONNELL DOUGLAS,432,0,26.6,17817.00314
2004,DC-9-82(MD-82),09/21/1988,MCDONNELL DOUGLAS,2235,0,41.0,27390.9668
2004,737-524,01/27/1995,BOEING,1211,0,14.183333333333334,10021.36018
2004,DC-9-82(MD-82),10/07/1988,MCDONNELL DOUGLAS,761,0,25.966666666666665,17435.58956
2004,DC-9-82(MD-82),11/09/1988,MCDONNELL DOUGLAS,527,0,14.366666666666667,10169.41946
2004,DC-9-82(MD-82),10/20/1988,MCDONNELL DOUGLAS,851,0,28.866666666666667,19078.7257
2004,DC-9-82(MD-82),12/02/1988,MCDONNELL DOUGLAS,851,0,21.416666666666668,13491.09722
2004,DC-9-82(MD-82),01/25/1989,MCDONNELL DOUGLAS,761,0,9.366666666666667,7124.54818
2004,DC-9-82(MD-82),02/06/1989,MCDONNELL DOUGLAS,1419,0,32.2,21595.73346
2004,DC-9-82(MD-82),10/20/1988,MCDONNELL DOUGLAS,2235,0,20.916666666666668,15013.53286
2004,737-3TO,06/20/2007,BOEING,248,0,7.883333333333334,5320.47804
2004,DC-9-82(MD-82),11/02/1988,MCDONNELL DOUGLAS,1250,0,9.716666666666667,7489.86836
2004,172M,08/13/1993,CESSNA,1493,0,10.5,6995.80098
2004,DC-9-82(MD-82),11/17/1988,MCDONNELL DOUGLAS,1489,0,27.916666666666668,19547.04364
2004,DC-9-82(MD-82),01/25/1989,MCDONNELL DOUGLAS,893,0,15.633333333333333,10924.19992
2004,DC-9-82(MD-82),01/25/1989,MCDONNELL DOUGLAS,1593,0,20.3,14035.05414
2004,DC-9-82(MD-82),12/08/1988,MCDONNELL DOUGLAS,339,0,26.366666666666667,17876.54872
2004,DC-9-82(MD-82),12/20/1988,MCDONNELL DOUGLAS,761,0,13.616666666666667,9710.75756
2004,DC-9-82(MD-82),12/19/1988,MCDONNELL DOUGLAS,761,0,10.7,7291.91954
2004,757-224,02/25/1998,BOEING,1637,0,27.083333333333332,19397.37502
2004,DC-9-82(MD-82),02/24/1989,MCDONNELL DOUGLAS,851,0,20.333333333333332,14458.31056
2004,DC-9-82(MD-82),01/17/1989,MCDONNELL DOUGLAS,893,0,13.5,8696.87336
2004,DC-9-82(MD-82),02/24/1989,MCDONNELL DOUGLAS,893,0,18.366666666666667,13281.88302
2004,DC-9-82(MD-82),03/28/1989,MCDONNELL DOUGLAS,843,0,31.783333333333335,22379.48204
2004,DC-9-82(MD-82),03/28/1989,MCDONNELL DOUGLAS,851,0,14.216666666666667,9775.13116
2004,DC-9-82(MD-82),03/28/1989,MCDONNELL DOUGLAS,339,0,19.85,14234.6123
2004,DC-9-82(MD-82),03/29/1989,MCDONNELL DOUGLAS,1583,0,15.233333333333333,10422.08584
2004,DC-9-82(MD-82),03/29/1989,MCDONNELL DOUGLAS,893,0,25.233333333333334,16687.24646
2004,DC-9-82(MD-82),03/30/1989,MCDONNELL DOUGLAS,2235,0,13.166666666666666,8957.58644
2004,DC-9-82(MD-82),04/26/1989,MCDONNELL DOUGLAS,893,0,23.866666666666667,16535.9685
2004,DC-9-82(MD-82),04/17/1989,MCDONNELL DOUGLAS,1489,0,23.65,15850.38966
2004,DC-9-82(MD-82),04/26/1989,MCDONNELL DOUGLAS,1593,0,24.966666666666665,16560.1086
2004,DC-9-82(MD-82),04/26/1989,MCDONNELL DOUGLAS,1593,0,22.45,15034.45428
2004,DC-9-82(MD-82),10/04/1989,MCDONNELL DOUGLAS,1593,0,16.733333333333334,11146.28884
2004,DC-9-82(MD-82),10/04/1989,MCDONNELL DOUGLAS,2043,0,18.933333333333334,12968.06172
2004,DC-9-82(MD-82),10/03/1989,MCDONNELL DOUGLAS,543,0,21.55,17351.90388
2004,DC-9-82(MD-82),10/19/1989,MCDONNELL DOUGLAS,527,0,17.516666666666666,12506.18114
2004,DC-9-82(MD-82),10/31/1989,MCDONNELL DOUGLAS,1887,0,12.2,9067.02156
2004,DC-9-82(MD-82),10/31/1989,MCDONNELL DOUGLAS,1991,0,26.016666666666666,19155.97402
2004,757-222,09/30/1994,BOEING,1578,0,68.01666666666667,48333.30822
2004,757-251,04/04/1985,BOEING,575,0,60.9,42388.40626
2004,757-222,09/28/1989,BOEING,1753,0,44.483333333333334,29924.06796
2004,757-251,04/09/1985,BOEING,355,0,54.916666666666664,36823.30854
2004,757-222,02/16/1990,BOEING,1662,0,61.7,43382.97838
2004,757-251,11/16/2005,BOEING,1531,0,30.6,22350.51392
2004,737-3B7,06/28/2006,BOEING,201,0,38.63333333333333,23166.4493
2004,757-222,10/30/1989,BOEING,559,0,48.45,34501.03092
2004,757-251,11/16/2005,BOEING,575,0,47.35,33252.18308
2004,DC-9-82(MD-82),11/29/1989,MCDONNELL DOUGLAS,527,0,12.816666666666666,8862.63538
2004,737-3B7,06/27/2006,BOEING,826,0,41.6,24807.9761
2004,757-222,07/18/2003,BOEING,1950,0,54.15,36536.84602
2004,757-251,11/16/2005,BOEING,575,0,83.21666666666667,57202.38096
2004,737-3B7,06/27/2006,BOEING,573,0,31.583333333333332,20692.89372
2004,757-222,02/28/1990,BOEING,1578,0,57.55,39993.70834
2004,757-251,11/16/2005,BOEING,449,0,70.93333333333334,49757.57412
2004,FALCON-XP,05/18/2007,WOBIG WAYNE R,851,0,24.716666666666665,15414.25852
2004,757-222,03/23/1990,BOEING,137,0,58.7,40859.53326
2004,757-251,01/16/2004,BOEING,361,0,61.766666666666666,43510.11624
2004,206B,04/16/2004,BELL,1593,0,22.433333333333334,16043.51046
2004,757-222,04/25/1990,BOEING,1950,0,51.15,35378.12122
2004,757-251,01/16/2004,BOEING,353,0,51.833333333333336,38468.05402
2004,FALCON-XP,07/03/1991,FREDERICK CHRIS K,1349,0,16.883333333333333,11733.69794
2004,757-222,11/30/2007,BOEING,1600,0,59.016666666666666,40565.02404
2004,757-251,01/16/2004,BOEING,355,1,61.71666666666667,43128.70266
2004,T210N,11/26/1997,CESSNA,1831,0,5.533333333333333,3828.61986
2004,757-222,06/14/1990,BOEING,1753,0,69.31666666666666,47879.47434
2004,737-3B7,10/31/2006,BOEING,341,0,36.06666666666667,21476.6423
2004,757-222,10/31/1990,BOEING,559,0,62.11666666666667,43048.23566
2004,757-251,01/16/2004,BOEING,575,0,54.05,36089.4495
2004,737-3B7,10/27/2006,BOEING,341,0,43.0,25540.2258
2004,757-222,07/20/1990,BOEING,559,0,71.31666666666666,49174.99304
2004,757-251,01/02/2004,BOEING,361,1,41.6,29499.2022
2004,DC-9-82(MD-82),11/08/2002,MCDONNELL DOUGLAS,1113,0,28.516666666666666,21199.83582
2004,757-222,05/26/2004,BOEING,559,0,64.51666666666667,43992.91824
2004,757-251,08/12/2004,BOEING,1531,0,65.5,47029.74282
2004,757-222,08/20/1990,BOEING,1753,0,56.916666666666664,37658.556
2004,757-251,07/02/2004,BOEING,355,0,42.516666666666666,30833.34506
2004,757-222,11/16/1990,BOEING,1578,0,61.63333333333333,43125.48398
2004,757-251,07/02/2004,BOEING,575,1,80.48333333333333,54263.72612
2004,737-3B7,04/26/2005,BOEING,1805,0,33.31666666666667,21335.020379999998
2004,757-222,08/24/1990,BOEING,1950,0,66.61666666666666,46332.8986
2004,757-251,06/15/2006,BOEING,361,0,38.1,26758.49618
2004,737-3B7,11/03/2006,BOEING,705,0,31.2,19915.5825
2004,757-222,07/20/2004,BOEING,559,0,55.71666666666667,39071.55652
2004,757-251,04/14/2006,BOEING,355,1,44.75,31818.26114
2004,737-3B7,10/24/2006,BOEING,341,0,40.1,25631.95818
2004,757-222,09/17/1990,BOEING,1950,0,28.916666666666668,20881.1865
2004,757-251,04/12/2005,BOEING,575,0,31.933333333333334,22511.44792
2004,550,09/12/2005,CESSNA,851,0,29.316666666666666,19481.060699999998
2004,757-222,11/16/1990,BOEING,1950,0,58.03333333333333,39831.165
2004,757-251,04/19/2006,BOEING,351,0,58.75,41976.41522
2004,757-222,09/24/1990,BOEING,155,0,32.43333333333333,22773.77034
2004,757-251,03/01/2006,BOEING,361,0,69.78333333333333,46923.52638
2004,757-222,09/28/1995,BOEING,1950,0,52.55,36166.69782
2004,757-251,02/13/2004,BOEING,647,0,61.7,42192.06678
2004,757-222,10/19/1990,BOEING,1950,0,44.56666666666667,30047.98714
2004,757-251,03/01/2006,BOEING,361,0,72.31666666666666,49939.42954
2004,60,06/19/1997,BEECH,761,0,14.6,10288.51062
2004,757-222,05/28/2004,BOEING,559,0,51.13333333333333,35677.45846
2004,757-251,03/01/2006,BOEING,575,0,63.93333333333333,45051.86396
2004,757-222,12/11/1990,BOEING,1950,0,59.416666666666664,40054.86326
2004,PA-31-350,02/07/1997,PIPER,615,0,13.416666666666666,9213.4715
2004,757-222,06/01/2005,BOEING,271,0,46.61666666666667,32389.57684
2004,757-251,06/14/2004,BOEING,1531,0,62.18333333333333,43891.52982
2004,737-524,08/11/1994,BOEING,1654,0,23.666666666666668,15877.74844
2004,737-3B7,11/03/2006,BOEING,341,0,37.46666666666667,22789.86374
2004,757-222,01/23/1991,BOEING,559,0,70.75,49332.70836
2004,757-251,05/22/2008,BOEING,575,1,66.71666666666667,45780.89498
2004,737-3B7,10/27/2006,BOEING,341,0,35.93333333333333,21957.83496
2004,757-222,08/25/1995,BOEING,559,0,71.05,49986.1004
2004,757-251,10/27/2005,BOEING,575,1,58.45,42383.57824
2004,757-222,02/20/1991,BOEING,559,0,58.233333333333334,40571.4614
2004,757-251,06/22/2006,BOEING,575,0,55.766666666666666,38109.1712
2004,737-3B7,04/15/2005,BOEING,268,0,35.75,22223.37606
2004,757-222,03/22/1991,BOEING,1662,0,68.76666666666667,48536.08506
2004,757-251,06/21/2006,BOEING,575,0,82.56666666666666,57091.3365
2004,737-3B7,04/15/2005,BOEING,341,0,35.35,22422.93422
2004,757-222,03/29/1991,BOEING,559,0,55.38333333333333,39839.2117
2004,757-251,06/21/2006,BOEING,575,1,57.71666666666667,40400.87136
2004,737-3B7,04/12/2005,BOEING,826,0,37.666666666666664,23385.31954
2004,757-222,06/21/1991,BOEING,1600,0,30.85,22480.87046
2004,757-251,10/20/2004,BOEING,361,0,64.41666666666667,44179.60168
2004,737-3B7,07/18/2003,BOEING,341,0,39.81666666666667,25200.65506
2004,757-222,06/21/1991,BOEING,1753,0,76.73333333333333,52208.598939999996
2004,757-251,12/14/1988,BOEING,1531,2,51.45,36662.37454
2004,737-3B7,07/22/2003,BOEING,344,0,24.116666666666667,14582.22974
2004,757-222,09/15/2006,BOEING,451,0,55.38333333333333,38915.45054
2004,757-251,12/14/1988,BOEING,355,0,49.916666666666664,34932.33404
2004,757-222,02/23/2006,BOEING,157,0,60.266666666666666,41929.74436
2004,757-251,12/14/1988,BOEING,575,0,43.733333333333334,30363.41778
2004,757-222,06/13/1991,BOEING,1662,0,36.1,25763.92406
2004,757-251,11/22/1995,BOEING,575,1,67.23333333333333,47451.3899
2004,757-222,07/31/1991,BOEING,559,0,61.416666666666664,40553.75866
2004,757-251,12/26/1995,BOEING,355,0,39.75,27389.35746
2004,757-222,07/18/1991,BOEING,559,0,70.71666666666667,49500.07972
2004,757-251,03/01/1996,BOEING,353,0,32.666666666666664,21961.05364
2004,757-222,02/23/2006,BOEING,1950,0,58.3,41347.16328
2004,757-251,04/02/2007,BOEING,1531,0,60.38333333333333,41680.29666
2004,757-222,02/23/2006,BOEING,1950,0,55.71666666666667,39263.06798
2004,757-222,02/24/2006,BOEING,1600,0,52.55,36932.74366
2004,C90,12/16/2005,BEECH,761,0,28.333333333333332,18937.10378
2004,757-222,02/28/2006,BOEING,559,0,79.98333333333333,55774.89638
2004,737-824,10/20/1999,BOEING,749,0,42.15,30382.72986
2004,757-222,01/13/2005,BOEING,559,0,77.33333333333333,53851.73508
2004,VANS AIRCRAFT RV6,01/26/2007,FRIEDEMANN JON,2025,0,19.616666666666667,13161.18252
2004,757-222,01/11/2005,BOEING,898,0,45.61666666666667,35004.75434
2004,757-251,05/21/1996,BOEING,361,0,60.61666666666667,40228.67198
2004,PA-32R-300,06/12/1995,PIPER,385,0,24.616666666666667,16899.67934
2004,757-222,11/13/1991,BOEING,1950,0,19.25,14221.737579999999
2004,757-251,06/21/1996,BOEING,351,0,62.93333333333333,44860.3525
2004,757-222,12/13/1991,BOEING,898,0,56.88333333333333,42098.72506
2004,757-251,07/22/1996,BOEING,575,0,61.38333333333333,41858.9334
2004,737-724,09/22/1998,BOEING,251,0,55.3,38394.02438
2004,FALCON XP,03/20/1987,STINNETT RON,1593,0,32.983333333333334,22665.94456
2004,757-222,12/23/1991,BOEING,46,0,47.833333333333336,35730.566679999996
2004,757-251,08/26/1996,BOEING,351,0,52.016666666666666,35737.00404
2004,757-222,02/24/2006,BOEING,898,0,65.43333333333334,49715.73128
2004,757-251,08/30/1996,BOEING,1531,0,51.21666666666667,35281.56082
2004,757-222,02/24/2006,BOEING,149,0,23.833333333333332,17042.9106
2004,757-251,09/23/1996,BOEING,1531,0,61.266666666666666,42616.93254
2004,HST-550,05/17/2001,HELIO,1593,0,17.183333333333334,11709.55784
2004,757-222,02/22/2006,BOEING,46,0,20.783333333333335,15150.32676
2004,FALCON XP,09/05/1985,LEBLANC GLENN T,893,0,22.966666666666665,15964.6528
2004,757-222,03/31/1992,BOEING,1950,0,43.333333333333336,30970.13896
2004,DC-9-82(MD-82),03/28/1991,MCDONNELL DOUGLAS,1717,0,19.4,12993.81116
2004,757-222,03/31/1992,BOEING,46,0,54.483333333333334,40717.91134
2004,DC-9-82(MD-82),03/28/1991,MCDONNELL DOUGLAS,527,0,16.283333333333335,11089.96194
2004,757-222,03/31/1992,BOEING,1662,0,44.43333333333333,31359.59924
2004,DC-9-82(MD-82),03/29/1991,MCDONNELL DOUGLAS,1851,0,13.5,9054.14684
2004,757-222,03/31/1992,BOEING,1662,0,45.016666666666666,31773.19962
2004,757-222,05/26/2004,BOEING,559,0,63.233333333333334,43434.47726
2004,DC-9-82(MD-82),07/02/1991,MCDONNELL DOUGLAS,527,0,11.233333333333333,7317.66898
2004,757-222,05/26/2004,BOEING,559,0,50.1,35402.26132
2004,KITFOX IV,02/25/1993,MARZ BARRY,2025,0,32.733333333333334,22347.29524
2004,757-222,05/19/2004,BOEING,1950,0,40.96666666666667,28343.69608
2004,DC-9-82(MD-82),07/02/1991,MCDONNELL DOUGLAS,1733,0,25.933333333333334,18311.07052
2004,757-222,05/26/2004,BOEING,1950,0,60.0,41223.244099999996
2004,DC-9-82(MD-82),07/03/1991,MCDONNELL DOUGLAS,1841,0,4.133333333333334,2829.21972
2004,757-222,05/26/2004,BOEING,151,0,41.36666666666667,29861.3037
2004,757-222,05/26/2004,BOEING,1753,0,76.68333333333334,52400.1104
2004,DC-9-82(MD-82),07/02/1991,MCDONNELL DOUGLAS,1887,0,17.916666666666668,14636.9473
2004,757-222,05/20/2004,BOEING,149,0,44.38333333333333,30353.761739999998
2004,DC-9-83(MD-83),03/12/2004,MCDONNELL DOUGLAS,1033,0,63.45,42855.11486
2004,757-222,05/19/2004,BOEING,1950,0,70.65,48991.52828
2004,DC-9-83(MD-83),03/12/2004,MCDONNELL DOUGLAS,1033,0,50.86666666666667,33660.95544
2004,757-222,05/19/2004,BOEING,1578,1,60.65,40904.59478
2004,757-222,05/25/2004,BOEING,559,0,53.81666666666667,38598.41056
2004,DC-9-83(MD-83),12/16/1994,MCDONNELL DOUGLAS,2235,0,68.86666666666666,47031.35216
2004,757-222,05/27/2004,BOEING,1950,0,51.95,36480.51912
2004,DC-9-83(MD-83),10/12/1995,MCDONNELL DOUGLAS,761,0,52.7,37592.57306
2004,757-222,05/19/2004,BOEING,559,0,80.58333333333333,55523.83934
2004,OTTER DHC-3,01/09/1976,DEHAVILLAND,1593,0,49.3,32943.1898
2004,757-222,07/26/2006,BOEING,1600,0,49.96666666666667,34847.03902
2004,DC-9-83(MD-83),10/11/1995,MCDONNELL DOUGLAS,2235,0,66.13333333333334,44073.38524
2004,757-222,07/26/2006,BOEING,271,0,54.1,38049.62562
2004,DC-9-83(MD-83),10/22/1987,MCDONNELL DOUGLAS,2235,0,54.03333333333333,35886.67266
2004,757-222,07/26/2006,BOEING,1753,0,35.78333333333333,24865.91234
2004,DC-9-83(MD-83),10/22/1987,MCDONNELL DOUGLAS,2235,0,63.95,42911.44176
2004,757-222,07/28/2006,BOEING,1600,0,57.61666666666667,38186.41952
2004,757-224,12/15/1994,BOEING,157,0,6.05,4127.9571
2004,DC-9-83(MD-83),10/22/1987,MCDONNELL DOUGLAS,2709,0,56.31666666666667,37590.96372
2004,757-222,07/27/2006,BOEING,157,0,48.71666666666667,34773.00938
2004,DC-9-83(MD-83),07/09/1998,MCDONNELL DOUGLAS,2235,0,49.9,34748.86928
2004,757-222,07/27/2006,BOEING,559,0,62.36666666666667,43516.5536
2004,DC-9-82(MD-82),07/02/1991,MCDONNELL DOUGLAS,1593,0,29.983333333333334,20597.94266
2004,757-222,09/23/1993,BOEING,559,0,61.11666666666667,42756.94512
2004,DC-9-82(MD-82),07/02/1991,MCDONNELL DOUGLAS,1929,0,22.483333333333334,15929.24732
2004,757-222,09/23/1993,BOEING,559,0,65.03333333333333,46347.38266
2004,737-301,06/08/2005,BOEING,1805,0,26.05,17290.74896
2004,210-5(205),06/19/1991,CESSNA,893,0,13.683333333333334,9527.2928
2004,757-222,02/27/2006,BOEING,1578,0,61.55,43674.26892
2004,DC-9-82(MD-82),07/01/1991,MCDONNELL DOUGLAS,893,0,18.566666666666666,12948.74964
2004,757-222,02/18/1993,BOEING,1748,0,64.1,47679.91618
2004,DC-9-82(MD-82),07/31/1991,MCDONNELL DOUGLAS,527,0,20.35,14163.80134
2004,757-222,02/28/2006,BOEING,877,0,64.88333333333334,47446.56188
2004,DC-9-82(MD-82),07/31/1991,MCDONNELL DOUGLAS,893,0,28.05,19534.16892
2004,757-222,02/27/2006,BOEING,877,0,62.4,45114.62822
2004,DC-9-82(MD-82),07/31/1991,MCDONNELL DOUGLAS,893,0,25.8,18434.9897
2004,757-222,04/12/1993,BOEING,877,0,40.15,29280.33196
2004,DC-9-82(MD-82),07/31/1991,MCDONNELL DOUGLAS,1593,0,29.15,20924.63868
2004,757-222,04/21/1993,BOEING,877,0,66.85,49838.04112
2004,757-224,05/13/1994,BOEING,157,0,23.416666666666668,16511.8284
2004,DC-9-82(MD-82),07/26/1991,MCDONNELL DOUGLAS,1633,0,28.3,19429.56182
2004,757-222,05/04/1993,BOEING,1999,0,56.6,42956.50328
2004,DC-9-82(MD-82),07/30/1991,MCDONNELL DOUGLAS,893,0,28.666666666666668,18851.80876
2004,757-222,05/20/1993,BOEING,1748,0,46.016666666666666,33186.20014
2004,DC-9-82(MD-82),08/07/1991,MCDONNELL DOUGLAS,1065,0,26.966666666666665,19215.5196
2004,757-222,09/01/1994,BOEING,1999,0,53.21666666666667,38934.76262
2004,DC-9-82(MD-82),09/30/1991,MCDONNELL DOUGLAS,527,0,15.083333333333334,10301.38534
2004,757-222,06/25/1993,BOEING,1748,0,69.9,50330.49916
2004,DC-9-82(MD-82),08/23/1991,MCDONNELL DOUGLAS,1633,0,28.116666666666667,19188.16082
2004,757-222,07/14/1993,BOEING,877,0,55.71666666666667,38759.34456
2004,737-524,03/22/1994,BOEING,765,0,9.05,6789.80546
2004,DC-9-82(MD-82),08/28/1991,MCDONNELL DOUGLAS,1593,0,37.5,25722.08122
2004,757-222,07/30/1993,BOEING,1748,0,78.16666666666667,58489.85296
2004,DC-9-82(MD-82),09/30/1991,MCDONNELL DOUGLAS,1593,0,19.683333333333334,13148.3078
2004,757-222,08/12/1993,BOEING,877,0,59.916666666666664,42449.56118
2004,DC-9-83(MD-83),09/30/1991,MCDONNELL DOUGLAS,527,0,63.78333333333333,44440.31476
2004,757-222,08/16/1993,BOEING,1999,0,44.06666666666667,31465.81568
2004,737-301,10/30/2006,BOEING,341,0,31.183333333333334,17825.04984
2004,DC-9-83(MD-83),09/30/1991,MCDONNELL DOUGLAS,2235,0,52.983333333333334,36205.32198
2004,757-222,11/04/1997,BOEING,1578,0,62.28333333333333,46659.594619999996
2004,737-301,10/25/2006,BOEING,1805,0,46.55,31633.18704
2004,DC-9-83(MD-83),09/30/1991,MCDONNELL DOUGLAS,1033,0,59.43333333333333,40182.00112
2004,757-222,01/02/1998,BOEING,46,0,31.966666666666665,23396.58492
2004,737-301,11/03/2006,BOEING,1805,0,20.8,11915.55336
2004,DC-9-83(MD-83),10/09/1991,MCDONNELL DOUGLAS,2235,0,31.916666666666668,24286.54994
2004,737-301,10/24/2006,BOEING,268,0,25.85,15082.73448
2004,DC-9-83(MD-83),11/15/1991,MCDONNELL DOUGLAS,1593,0,50.03333333333333,33302.07262
2004,757-222,07/11/1996,BOEING,559,0,52.416666666666664,37127.4738
2004,737-3TO,04/03/2006,BOEING,1828,0,10.933333333333334,7166.39102
2004,737-3TO,04/16/2007,BOEING,1863,0,18.916666666666668,12612.39758
2004,DC-9-83(MD-83),11/13/1991,MCDONNELL DOUGLAS,2235,0,74.66666666666667,50687.77264
2004,757-222,08/13/1996,BOEING,1600,0,48.233333333333334,33413.117079999996
2004,DC-9-83(MD-83),02/19/1992,MCDONNELL DOUGLAS,2235,0,62.05,41506.48794
2004,757-222,09/13/1996,BOEING,1753,0,81.48333333333333,57326.30014
2004,DC-9-83(MD-83),04/14/1992,MCDONNELL DOUGLAS,2235,0,80.65,54643.53036
2004,757-222,02/06/1998,BOEING,898,0,43.85,33414.72642
2004,737-524,05/31/1995,BOEING,1847,0,31.016666666666666,23285.54046
2004,DC-9-83(MD-83),06/11/1992,MCDONNELL DOUGLAS,2235,0,81.36666666666666,53632.86484
2004,757-222,03/18/1998,BOEING,46,0,51.45,37325.42262
2004,DC-9-83(MD-83),06/30/1992,MCDONNELL DOUGLAS,2235,0,60.516666666666666,40940.00026
2004,757-222,01/12/1999,BOEING,1578,0,65.31666666666666,50301.53104
2004,DC-9-83(MD-83),07/28/1992,MCDONNELL DOUGLAS,1033,0,47.916666666666664,33126.65456
2004,757-222,01/28/1999,BOEING,46,0,32.6,23803.74794
2004,DC-9-83(MD-83),07/23/1992,MCDONNELL DOUGLAS,2235,0,51.18333333333333,36284.17964
2004,DC-9-51,03/01/1995,MCDONNELL DOUGLAS,1163,0,11.166666666666666,7048.9092
2004,757-232,03/27/1985,BOEING,1073,1,60.4,42401.28098
2004,757-232,06/20/2007,BOEING,1512,0,42.65,29608.63732
2004,DC-9-32,06/03/2008,MCDONNELL DOUGLAS,1802,0,5.666666666666667,4037.83406
2004,757-232,06/15/2007,BOEING,1512,2,56.35,39298.47346
2004,757-232,06/20/2007,BOEING,465,0,46.53333333333333,31663.7645
2004,757-232,06/22/2007,BOEING,1617,0,85.95,60276.22036
2004,757-232,02/08/1985,BOEING,303,0,45.81666666666667,32169.09726
2004,DC-9-32,04/01/1996,MCDONNELL DOUGLAS,1540,0,4.216666666666667,2811.51698
2004,737-790,07/30/1999,BOEING,490,0,100.35,66467.35134
2004,757-232,06/22/2007,BOEING,231,4,69.6,47650.94806
2004,757-232,07/03/1985,BOEING,1073,2,66.06666666666666,46912.261
2004,DC-9-32,01/26/1996,MCDONNELL DOUGLAS,1473,2,5.9,3537.32932
2004,737-790,08/24/1999,BOEING,490,0,124.23333333333333,79971.32328
2004,757-232,06/21/2007,BOEING,1512,0,57.21666666666667,39393.42452
2004,757-223,10/04/1989,BOEING,775,0,31.3,21552.28128
2004,757-232,06/22/2007,BOEING,1512,2,60.516666666666666,42999.95546
2004,DC-9-32,02/23/1996,MCDONNELL DOUGLAS,874,0,4.283333333333333,2927.38946
2004,F85P-1,05/05/1998,MORSE GEORGE JR,65,0,31.833333333333332,22244.29748
2004,737-790,10/07/1999,BOEING,344,0,117.88333333333334,79383.91417999999
2004,757-232,06/20/2007,BOEING,1617,3,52.65,36210.15
2004,757-223,10/04/1989,BOEING,2294,0,15.816666666666666,11724.0419
2004,737-790,11/03/1999,BOEING,490,0,129.36666666666667,84144.3419
2004,757-232,06/15/2007,BOEING,1617,1,41.0,26972.5384
2004,737-3TO,04/04/2006,BOEING,1828,0,14.316666666666666,8989.77324
2004,757-223,10/03/1989,BOEING,2009,0,57.1,45703.64666
2004,737-790,01/12/2000,BOEING,344,0,111.05,72671.35704
2004,757-232,02/21/1986,BOEING,1429,1,45.25,31003.9351
2004,DC-9-32,10/20/1995,MCDONNELL DOUGLAS,876,0,7.033333333333333,4829.62934
2004,757-223,06/02/1999,BOEING,1565,0,74.28333333333333,59637.31238
2004,737-790,01/25/2000,BOEING,344,0,108.45,71198.81094
2004,757-232,02/25/1986,BOEING,1512,1,52.21666666666667,36786.29372
2004,65-A90,10/28/2004,BEECH,1565,0,43.03333333333333,35904.3754
2004,757-232,03/26/1986,BOEING,1617,0,54.3,37679.47742
2004,757-223,05/20/1999,BOEING,1151,0,15.133333333333333,12702.52062
2004,757-232,08/01/1986,BOEING,465,0,66.9,46830.18466
2004,757-232,09/18/1986,BOEING,303,1,61.36666666666667,42439.90514
2004,757-223,12/14/1999,BOEING,775,0,21.05,14867.08292
2004,757-232,08/04/1986,BOEING,1429,1,67.68333333333334,45512.1352
2004,757-223,12/14/1999,BOEING,2296,0,31.716666666666665,20858.65574
2004,A320-232,09/02/2003,AIRBUS INDUSTRIE,253,1,0.0,0.0
2004,757-232,10/03/1986,BOEING,1440,1,42.65,28873.16894