Уровень календаря;Дата;Статистические показатели;ОКАТО;Значение
1;01.01.2000;Число женщин на 1 января;Пермский край;1554702,00
1;01.01.2000;Число женщин на 1 января;Бардымский район;15607,00
1;01.01.2000;Число женщин на 1 января;Березовский район;9954,00
1;01.01.2000;Число женщин на 1 января;Большесосновский район;8887,00
1;01.01.2000;Число женщин на 1 января;Верещагинский район;25396,00
1;01.01.2000;Число женщин на 1 января;Горнозаводский район;18120,00
1;01.01.2000;Число женщин на 1 января;Еловский район;7431,00
1;01.01.2000;Число женщин на 1 января;Ильинский район;12953,00
1;01.01.2000;Число женщин на 1 января;Карагайский район;13987,00
1;01.01.2000;Число женщин на 1 января;Кишертский район;8918,00
1;01.01.2000;Число женщин на 1 января;Красновишерский район;15674,00
1;01.01.2000;Число женщин на 1 января;Куединский район;17832,00
1;01.01.2000;Число женщин на 1 января;Кунгурский район;25339,00
1;01.01.2000;Число женщин на 1 января;Нытвенский район;27544,00
1;01.01.2000;Число женщин на 1 января;Октябрьский район;20440,00
1;01.01.2000;Число женщин на 1 января;Ординский район;9194,00
1;01.01.2000;Число женщин на 1 января;Осинский район;19091,00
1;01.01.2000;Число женщин на 1 января;Оханский район;10036,00
1;01.01.2000;Число женщин на 1 января;Очерский район;13273,00
1;01.01.2000;Число женщин на 1 января;Пермский район;48499,00
1;01.01.2000;Число женщин на 1 января;Сивинский район;9786,00
1;01.01.2000;Число женщин на 1 января;Соликамский район;8751,00
1;01.01.2000;Число женщин на 1 января;Суксунский район;12641,00
1;01.01.2000;Число женщин на 1 января;Уинский район;7584,00
1;01.01.2000;Число женщин на 1 января;Усольский район;7310,00
1;01.01.2000;Число женщин на 1 января;Частинский район;7575,00
1;01.01.2000;Число женщин на 1 января;Чердынский район;16442,00
1;01.01.2000;Число женщин на 1 января;Чернушинский район;28960,00
1;01.01.2000;Число женщин на 1 января;Чусовской район;42467,00
1;01.01.2000;Число женщин на 1 января;г. Пермь;545064,00
1;01.01.2000;Число женщин на 1 января;Александровский район;20966,00
1;01.01.2000;Число женщин на 1 января;г. Березники;91671,00
1;01.01.2000;Число женщин на 1 января;Гремячинский район;12383,00
1;01.01.2000;Число женщин на 1 января;Губахинский район;26849,00
1;01.01.2000;Число женщин на 1 января;Добрянский район;33788,00
1;01.01.2000;Число женщин на 1 января;Кизеловский район;24701,00
1;01.01.2000;Число женщин на 1 января;Краснокамский район;40380,00
1;01.01.2000;Число женщин на 1 января;г. Кунгур;41610,00
1;01.01.2000;Число женщин на 1 января;Лысьвенский район;49527,00
1;01.01.2000;Число женщин на 1 января;г. Соликамск;53573,00
1;01.01.2000;Число женщин на 1 января;Чайковский район;59281,00
1;01.01.2001;Число женщин на 1 января;Пермский край;1548035,00
1;01.01.2001;Число женщин на 1 января;Бардымский район;15513,00
1;01.01.2001;Число женщин на 1 января;Березовский район;9902,00
1;01.01.2001;Число женщин на 1 января;Большесосновский район;8863,00
1;01.01.2001;Число женщин на 1 января;Верещагинский район;25468,00
1;01.01.2001;Число женщин на 1 января;Горнозаводский район;17924,00
1;01.01.2001;Число женщин на 1 января;Еловский район;7416,00
1;01.01.2001;Число женщин на 1 января;Ильинский район;12833,00
1;01.01.2001;Число женщин на 1 января;Карагайский район;13912,00
1;01.01.2001;Число женщин на 1 января;Кишертский район;8851,00
1;01.01.2001;Число женщин на 1 января;Красновишерский район;15571,00
1;01.01.2001;Число женщин на 1 января;Куединский район;17810,00
1;01.01.2001;Число женщин на 1 января;Кунгурский район;25271,00
1;01.01.2001;Число женщин на 1 января;Нытвенский район;27506,00
1;01.01.2001;Число женщин на 1 января;Октябрьский район;20574,00
1;01.01.2001;Число женщин на 1 января;Ординский район;9144,00
1;01.01.2001;Число женщин на 1 января;Осинский район;19076,00
1;01.01.2001;Число женщин на 1 января;Оханский район;10020,00
1;01.01.2001;Число женщин на 1 января;Очерский район;13191,00
1;01.01.2001;Число женщин на 1 января;Пермский район;48535,00
1;01.01.2001;Число женщин на 1 января;Сивинский район;9786,00
1;01.01.2001;Число женщин на 1 января;Соликамский район;8711,00
1;01.01.2001;Число женщин на 1 января;Суксунский район;12634,00
1;01.01.2001;Число женщин на 1 января;Уинский район;7563,00
1;01.01.2001;Число женщин на 1 января;Усольский район;7180,00
1;01.01.2001;Число женщин на 1 января;Частинский район;7574,00
1;01.01.2001;Число женщин на 1 января;Чердынский район;16111,00
1;01.01.2001;Число женщин на 1 января;Чернушинский район;28980,00
1;01.01.2001;Число женщин на 1 января;Чусовской район;42249,00
1;01.01.2001;Число женщин на 1 января;г. Пермь;542589,00
1;01.01.2001;Число женщин на 1 января;Александровский район;20877,00
1;01.01.2001;Число женщин на 1 января;г. Березники;91554,00
1;01.01.2001;Число женщин на 1 января;Гремячинский район;11997,00
1;01.01.2001;Число женщин на 1 января;Губахинский район;26366,00
1;01.01.2001;Число женщин на 1 января;Добрянский район;33891,00
1;01.01.2001;Число женщин на 1 января;Кизеловский район;23791,00
1;01.01.2001;Число женщин на 1 января;Краснокамский район;40681,00
1;01.01.2001;Число женщин на 1 января;г. Кунгур;41359,00
1;01.01.2001;Число женщин на 1 января;Лысьвенский район;49319,00
1;01.01.2001;Число женщин на 1 января;г. Соликамск;53354,00
1;01.01.2001;Число женщин на 1 января;Чайковский район;59436,00
1;01.01.2002;Число женщин на 1 января;Пермский край;1540425,00
1;01.01.2002;Число женщин на 1 января;Бардымский район;15427,00
1;01.01.2002;Число женщин на 1 января;Березовский район;9850,00
1;01.01.2002;Число женщин на 1 января;Большесосновский район;8794,00
1;01.01.2002;Число женщин на 1 января;Верещагинский район;25511,00
1;01.01.2002;Число женщин на 1 января;Горнозаводский район;17709,00
1;01.01.2002;Число женщин на 1 января;Еловский район;7394,00
1;01.01.2002;Число женщин на 1 января;Ильинский район;12761,00
1;01.01.2002;Число женщин на 1 января;Карагайский район;13825,00
1;01.01.2002;Число женщин на 1 января;Кишертский район;8765,00
1;01.01.2002;Число женщин на 1 января;Красновишерский район;15470,00
1;01.01.2002;Число женщин на 1 января;Куединский район;17834,00
1;01.01.2002;Число женщин на 1 января;Кунгурский район;25245,00
1;01.01.2002;Число женщин на 1 января;Нытвенский район;27367,00
1;01.01.2002;Число женщин на 1 января;Октябрьский район;20491,00
1;01.01.2002;Число женщин на 1 января;Ординский район;9156,00
1;01.01.2002;Число женщин на 1 января;Осинский район;19072,00
1;01.01.2002;Число женщин на 1 января;Оханский район;9935,00
1;01.01.2002;Число женщин на 1 января;Очерский район;13154,00
1;01.01.2002;Число женщин на 1 января;Пермский район;48547,00
1;01.01.2002;Число женщин на 1 января;Сивинский район;9787,00
1;01.01.2002;Число женщин на 1 января;Соликамский район;8551,00
1;01.01.2002;Число женщин на 1 января;Суксунский район;12630,00
1;01.01.2002;Число женщин на 1 января;Уинский район;7562,00
1;01.01.2002;Число женщин на 1 января;Усольский район;7025,00
1;01.01.2002;Число женщин на 1 января;Частинский район;7587,00
1;01.01.2002;Число женщин на 1 января;Чердынский район;15837,00
1;01.01.2002;Число женщин на 1 января;Чернушинский район;29029,00
1;01.01.2002;Число женщин на 1 января;Чусовской район;41890,00
1;01.01.2002;Число женщин на 1 января;г. Пермь;539665,00
1;01.01.2002;Число женщин на 1 января;Александровский район;20793,00
1;01.01.2002;Число женщин на 1 января;г. Березники;91302,00
1;01.01.2002;Число женщин на 1 января;Гремячинский район;11563,00
1;01.01.2002;Число женщин на 1 января;Губахинский район;25961,00
1;01.01.2002;Число женщин на 1 января;Добрянский район;33992,00
1;01.01.2002;Число женщин на 1 января;Кизеловский район;23132,00
1;01.01.2002;Число женщин на 1 января;Краснокамский район;40680,00
1;01.01.2002;Число женщин на 1 января;г. Кунгур;41113,00
1;01.01.2002;Число женщин на 1 января;Лысьвенский район;49169,00
1;01.01.2002;Число женщин на 1 января;г. Соликамск;53194,00
1;01.01.2002;Число женщин на 1 января;Чайковский район;59700,00
1;01.01.2003;Число женщин на 1 января;Пермский край;1511280,00
1;01.01.2003;Число женщин на 1 января;Бардымский район;14715,00
1;01.01.2003;Число женщин на 1 января;Березовский район;9707,00
1;01.01.2003;Число женщин на 1 января;Большесосновский район;8067,00
1;01.01.2003;Число женщин на 1 января;Верещагинский район;23556,00
1;01.01.2003;Число женщин на 1 января;Горнозаводский район;16034,00
1;01.01.2003;Число женщин на 1 января;Еловский район;6818,00
1;01.01.2003;Число женщин на 1 января;Ильинский район;11209,00
1;01.01.2003;Число женщин на 1 января;Карагайский район;13171,00
1;01.01.2003;Число женщин на 1 января;Кишертский район;7945,00
1;01.01.2003;Число женщин на 1 января;Красновишерский район;14553,00
1;01.01.2003;Число женщин на 1 января;Куединский район;16363,00
1;01.01.2003;Число женщин на 1 января;Кунгурский район;24303,00
1;01.01.2003;Число женщин на 1 января;Нытвенский район;25592,00
1;01.01.2003;Число женщин на 1 января;Октябрьский район;19096,00
1;01.01.2003;Число женщин на 1 января;Ординский район;9028,00
1;01.01.2003;Число женщин на 1 января;Осинский район;17872,00
1;01.01.2003;Число женщин на 1 января;Оханский район;9442,00
1;01.01.2003;Число женщин на 1 января;Очерский район;13429,00
1;01.01.2003;Число женщин на 1 января;Пермский район;48282,00
1;01.01.2003;Число женщин на 1 января;Сивинский район;9225,00
1;01.01.2003;Число женщин на 1 января;Соликамский район;8218,00
1;01.01.2003;Число женщин на 1 января;Суксунский район;11568,00
1;01.01.2003;Число женщин на 1 января;Уинский район;7021,00
1;01.01.2003;Число женщин на 1 января;Усольский район;7200,00
1;01.01.2003;Число женщин на 1 января;Частинский район;7595,00
1;01.01.2003;Число женщин на 1 января;Чердынский район;14192,00
1;01.01.2003;Число женщин на 1 января;Чернушинский район;28217,00
1;01.01.2003;Число женщин на 1 января;Чусовской район;41570,00
1;01.01.2003;Число женщин на 1 января;г. Пермь;554583,00
1;01.01.2003;Число женщин на 1 января;Александровский район;19375,00
1;01.01.2003;Число женщин на 1 января;г. Березники;96258,00
1;01.01.2003;Число женщин на 1 января;Гремячинский район;9817,00
1;01.01.2003;Число женщин на 1 января;Губахинский район;23723,00
1;01.01.2003;Число женщин на 1 января;Добрянский район;33681,00
1;01.01.2003;Число женщин на 1 января;Кизеловский район;18982,00
1;01.01.2003;Число женщин на 1 января;Краснокамский район;39244,00
1;01.01.2003;Число женщин на 1 января;г. Кунгур;36315,00
1;01.01.2003;Число женщин на 1 января;Лысьвенский район;46854,00
1;01.01.2003;Число женщин на 1 января;г. Соликамск;54756,00
1;01.01.2003;Число женщин на 1 января;Чайковский район;58908,00
1;01.01.2004;Число женщин на 1 января;Пермский край;1497059,00
1;01.01.2004;Число женщин на 1 января;Бардымский район;14617,00
1;01.01.2004;Число женщин на 1 января;Березовский район;9621,00
1;01.01.2004;Число женщин на 1 января;Большесосновский район;7913,00
1;01.01.2004;Число женщин на 1 января;Верещагинский район;23534,00
1;01.01.2004;Число женщин на 1 января;Горнозаводский район;15888,00
1;01.01.2004;Число женщин на 1 января;Еловский район;6737,00
1;01.01.2004;Число женщин на 1 января;Ильинский район;11108,00
1;01.01.2004;Число женщин на 1 января;Карагайский район;13183,00
1;01.01.2004;Число женщин на 1 января;Кишертский район;7891,00
1;01.01.2004;Число женщин на 1 января;Красновишерский район;14279,00
1;01.01.2004;Число женщин на 1 января;Куединский район;16346,00
1;01.01.2004;Число женщин на 1 января;Кунгурский район;24409,00
1;01.01.2004;Число женщин на 1 января;Нытвенский район;25373,00
1;01.01.2004;Число женщин на 1 января;Октябрьский район;18913,00
1;01.01.2004;Число женщин на 1 января;Ординский район;8953,00
1;01.01.2004;Число женщин на 1 января;Осинский район;17741,00
1;01.01.2004;Число женщин на 1 января;Оханский район;9359,00
1;01.01.2004;Число женщин на 1 января;Очерский район;13366,00
1;01.01.2004;Число женщин на 1 января;Пермский район;47867,00
1;01.01.2004;Число женщин на 1 января;Сивинский район;9133,00
1;01.01.2004;Число женщин на 1 января;Соликамский район;8049,00
1;01.01.2004;Число женщин на 1 января;Суксунский район;11492,00
1;01.01.2004;Число женщин на 1 января;Уинский район;6993,00
1;01.01.2004;Число женщин на 1 января;Усольский район;7009,00
1;01.01.2004;Число женщин на 1 января;Частинский район;7578,00
1;01.01.2004;Число женщин на 1 января;Чердынский район;13982,00
1;01.01.2004;Число женщин на 1 января;Чернушинский район;28118,00
1;01.01.2004;Число женщин на 1 января;Чусовской район;41236,00
1;01.01.2004;Число женщин на 1 января;г. Пермь;552186,00
1;01.01.2004;Число женщин на 1 января;Александровский район;19285,00
1;01.01.2004;Число женщин на 1 января;г. Березники;95683,00
1;01.01.2004;Число женщин на 1 января;Гремячинский район;9349,00
1;01.01.2004;Число женщин на 1 января;Губахинский район;23090,00
1;01.01.2004;Число женщин на 1 января;Добрянский район;33449,00
1;01.01.2004;Число женщин на 1 января;Кизеловский район;18500,00
1;01.01.2004;Число женщин на 1 января;Краснокамский район;39050,00
1;01.01.2004;Число женщин на 1 января;г. Кунгур;36098,00
1;01.01.2004;Число женщин на 1 января;Лысьвенский район;46632,00
1;01.01.2004;Число женщин на 1 января;г. Соликамск;54392,00
1;01.01.2004;Число женщин на 1 января;Чайковский район;58701,00
1;01.01.2005;Число женщин на 1 января;Пермский край;1482566,00
1;01.01.2005;Число женщин на 1 января;Бардымский район;14600,00
1;01.01.2005;Число женщин на 1 января;Березовский район;9584,00
1;01.01.2005;Число женщин на 1 января;Большесосновский район;7827,00
1;01.01.2005;Число женщин на 1 января;Верещагинский район;23429,00
1;01.01.2005;Число женщин на 1 января;Горнозаводский район;15737,00
1;01.01.2005;Число женщин на 1 января;Еловский район;6658,00
1;01.01.2005;Число женщин на 1 января;Ильинский район;11021,00
1;01.01.2005;Число женщин на 1 января;Карагайский район;13092,00
1;01.01.2005;Число женщин на 1 января;Кишертский район;7839,00
1;01.01.2005;Число женщин на 1 января;Красновишерский район;14181,00
1;01.01.2005;Число женщин на 1 января;Куединский район;16275,00
1;01.01.2005;Число женщин на 1 января;Кунгурский район;24437,00
1;01.01.2005;Число женщин на 1 января;Нытвенский район;25173,00
1;01.01.2005;Число женщин на 1 января;Октябрьский район;18784,00
1;01.01.2005;Число женщин на 1 января;Ординский район;8811,00
1;01.01.2005;Число женщин на 1 января;Осинский район;17505,00
1;01.01.2005;Число женщин на 1 января;Оханский район;9338,00
1;01.01.2005;Число женщин на 1 января;Очерский район;13288,00
1;01.01.2005;Число женщин на 1 января;Пермский район;47398,00
1;01.01.2005;Число женщин на 1 января;Сивинский район;9073,00
1;01.01.2005;Число женщин на 1 января;Соликамский район;8001,00
1;01.01.2005;Число женщин на 1 января;Суксунский район;11407,00
1;01.01.2005;Число женщин на 1 января;Уинский район;6903,00
1;01.01.2005;Число женщин на 1 января;Усольский район;6836,00
1;01.01.2005;Число женщин на 1 января;Частинский район;7567,00
1;01.01.2005;Число женщин на 1 января;Чердынский район;13809,00
1;01.01.2005;Число женщин на 1 января;Чернушинский район;27944,00
1;01.01.2005;Число женщин на 1 января;Чусовской район;40930,00
1;01.01.2005;Число женщин на 1 января;г. Пермь;550012,00
1;01.01.2005;Число женщин на 1 января;Александровский район;19116,00
1;01.01.2005;Число женщин на 1 января;г. Березники;95034,00
1;01.01.2005;Число женщин на 1 января;Гремячинский район;9031,00
1;01.01.2005;Число женщин на 1 января;Губахинский район;22498,00
1;01.01.2005;Число женщин на 1 января;Добрянский район;33359,00
1;01.01.2005;Число женщин на 1 января;Кизеловский район;18222,00
1;01.01.2005;Число женщин на 1 января;Краснокамский район;38908,00
1;01.01.2005;Число женщин на 1 января;г. Кунгур;36029,00
1;01.01.2005;Число женщин на 1 января;Лысьвенский район;46403,00
1;01.01.2005;Число женщин на 1 января;г. Соликамск;53966,00
1;01.01.2005;Число женщин на 1 января;Чайковский район;58697,00
1;01.01.2006;Число женщин на 1 января;Пермский край;1467569,00
1;01.01.2006;Число женщин на 1 января;Гайнский район;8480,00
1;01.01.2006;Число женщин на 1 января;Косинский район;4076,00
1;01.01.2006;Число женщин на 1 января;Кочевский район;6134,00
1;01.01.2006;Число женщин на 1 января;Кудымкарский район;14756,00
1;01.01.2006;Число женщин на 1 января;Юрлинский район;5794,00
1;01.01.2006;Число женщин на 1 января;Юсьвинский район;11973,00
1;01.01.2006;Число женщин на 1 января;г. Кудымкар;17770,00
1;01.01.2006;Число женщин на 1 января;Бардымский район;14490,00
1;01.01.2006;Число женщин на 1 января;Березовский район;9526,00
1;01.01.2006;Число женщин на 1 января;Большесосновский район;7668,00
1;01.01.2006;Число женщин на 1 января;Верещагинский район;23343,00
1;01.01.2006;Число женщин на 1 января;Горнозаводский район;15500,00
1;01.01.2006;Число женщин на 1 января;Еловский район;6602,00
1;01.01.2006;Число женщин на 1 января;Ильинский район;10983,00
1;01.01.2006;Число женщин на 1 января;Карагайский район;13008,00
1;01.01.2006;Число женщин на 1 января;Кишертский район;7803,00
1;01.01.2006;Число женщин на 1 января;Красновишерский район;14094,00
1;01.01.2006;Число женщин на 1 января;Куединский район;16170,00
1;01.01.2006;Число женщин на 1 января;Кунгурский район;24406,00
1;01.01.2006;Число женщин на 1 января;Нытвенский район;24932,00
1;01.01.2006;Число женщин на 1 января;Октябрьский район;18602,00
1;01.01.2006;Число женщин на 1 января;Ординский район;8687,00
1;01.01.2006;Число женщин на 1 января;Осинский район;17333,00
1;01.01.2006;Число женщин на 1 января;Оханский район;9305,00
1;01.01.2006;Число женщин на 1 января;Очерский район;13227,00
1;01.01.2006;Число женщин на 1 января;Пермский район;47001,00
1;01.01.2006;Число женщин на 1 января;Сивинский район;9021,00
1;01.01.2006;Число женщин на 1 января;Соликамский район;7992,00
1;01.01.2006;Число женщин на 1 января;Суксунский район;11284,00
1;01.01.2006;Число женщин на 1 января;Уинский район;6810,00
1;01.01.2006;Число женщин на 1 января;Усольский район;7849,00
1;01.01.2006;Число женщин на 1 января;Частинский район;7574,00
1;01.01.2006;Число женщин на 1 января;Чердынский район;13642,00
1;01.01.2006;Число женщин на 1 января;Чернушинский район;27737,00
1;01.01.2006;Число женщин на 1 января;Чусовской район;40591,00
1;01.01.2006;Число женщин на 1 января;г. Пермь;547762,00
1;01.01.2006;Число женщин на 1 января;Александровский район;18919,00
1;01.01.2006;Число женщин на 1 января;г. Березники;93202,00
1;01.01.2006;Число женщин на 1 января;Гремячинский район;8671,00
1;01.01.2006;Число женщин на 1 января;Губахинский район;22049,00
1;01.01.2006;Число женщин на 1 января;Добрянский район;33235,00
1;01.01.2006;Число женщин на 1 января;Кизеловский район;17791,00
1;01.01.2006;Число женщин на 1 января;Краснокамский район;39025,00
1;01.01.2006;Число женщин на 1 января;г. Кунгур;36085,00
1;01.01.2006;Число женщин на 1 января;Лысьвенский район;46069,00
1;01.01.2006;Число женщин на 1 января;г. Соликамск;53466,00
1;01.01.2006;Число женщин на 1 января;Чайковский район;58677,00
1;01.01.2007;Число женщин на 1 января;Пермский край;1454858,00
1;01.01.2007;Число женщин на 1 января;Гайнский район;8363,00
1;01.01.2007;Число женщин на 1 января;Косинский район;4005,00
1;01.01.2007;Число женщин на 1 января;Кочевский район;6116,00
1;01.01.2007;Число женщин на 1 января;Кудымкарский район;14776,00
1;01.01.2007;Число женщин на 1 января;Юрлинский район;5673,00
1;01.01.2007;Число женщин на 1 января;Юсьвинский район;11867,00
1;01.01.2007;Число женщин на 1 января;г. Кудымкар;17514,00
1;01.01.2007;Число женщин на 1 января;Бардымский район;14513,00
1;01.01.2007;Число женщин на 1 января;Березовский район;9452,00
1;01.01.2007;Число женщин на 1 января;Большесосновский район;7618,00
1;01.01.2007;Число женщин на 1 января;Верещагинский район;23244,00
1;01.01.2007;Число женщин на 1 января;Горнозаводский район;15359,00
1;01.01.2007;Число женщин на 1 января;Еловский район;6484,00
1;01.01.2007;Число женщин на 1 января;Ильинский район;10910,00
1;01.01.2007;Число женщин на 1 января;Карагайский район;12933,00
1;01.01.2007;Число женщин на 1 января;Кишертский район;7762,00
1;01.01.2007;Число женщин на 1 января;Красновишерский район;13998,00
1;01.01.2007;Число женщин на 1 января;Куединский район;16110,00
1;01.01.2007;Число женщин на 1 января;Кунгурский район;24364,00
1;01.01.2007;Число женщин на 1 января;Нытвенский район;24701,00
1;01.01.2007;Число женщин на 1 января;Октябрьский район;18472,00
1;01.01.2007;Число женщин на 1 января;Ординский район;8591,00
1;01.01.2007;Число женщин на 1 января;Осинский район;17212,00
1;01.01.2007;Число женщин на 1 января;Оханский район;9226,00
1;01.01.2007;Число женщин на 1 января;Очерский район;13207,00
1;01.01.2007;Число женщин на 1 января;Пермский район;46510,00
1;01.01.2007;Число женщин на 1 января;Сивинский район;8973,00
1;01.01.2007;Число женщин на 1 января;Соликамский район;8017,00
1;01.01.2007;Число женщин на 1 января;Суксунский район;11154,00
1;01.01.2007;Число женщин на 1 января;Уинский район;6720,00
1;01.01.2007;Число женщин на 1 января;Усольский район;7685,00
1;01.01.2007;Число женщин на 1 января;Частинский район;7547,00
1;01.01.2007;Число женщин на 1 января;Чердынский район;13433,00
1;01.01.2007;Число женщин на 1 января;Чернушинский район;27650,00
1;01.01.2007;Число женщин на 1 января;Чусовской район;40284,00
1;01.01.2007;Число женщин на 1 января;г. Пермь;546501,00
1;01.01.2007;Число женщин на 1 января;Александровский район;18707,00
1;01.01.2007;Число женщин на 1 января;г. Березники;92628,00
1;01.01.2007;Число женщин на 1 января;Гремячинский район;8421,00
1;01.01.2007;Число женщин на 1 января;Губахинский район;21511,00
1;01.01.2007;Число женщин на 1 января;Добрянский район;33031,00
1;01.01.2007;Число женщин на 1 января;Кизеловский район;17491,00
1;01.01.2007;Число женщин на 1 января;Краснокамский район;38989,00
1;01.01.2007;Число женщин на 1 января;г. Кунгур;36118,00
1;01.01.2007;Число женщин на 1 января;Лысьвенский район;45765,00
1;01.01.2007;Число женщин на 1 января;г. Соликамск;52995,00
1;01.01.2007;Число женщин на 1 января;Чайковский район;58653,00
1;01.01.2008;Число женщин на 1 января;Пермский край;1446320,00
1;01.01.2008;Число женщин на 1 января;Гайнский район;8247,00
1;01.01.2008;Число женщин на 1 января;Косинский район;3945,00
1;01.01.2008;Число женщин на 1 января;Кочевский район;6141,00
1;01.01.2008;Число женщин на 1 января;Кудымкарский район;14567,00
1;01.01.2008;Число женщин на 1 января;Юрлинский район;5651,00
1;01.01.2008;Число женщин на 1 января;Юсьвинский район;11833,00
1;01.01.2008;Число женщин на 1 января;г. Кудымкар;17403,00
1;01.01.2008;Число женщин на 1 января;Бардымский район;14537,00
1;01.01.2008;Число женщин на 1 января;Березовский район;9392,00
1;01.01.2008;Число женщин на 1 января;Большесосновский район;7575,00
1;01.01.2008;Число женщин на 1 января;Верещагинский район;23308,00
1;01.01.2008;Число женщин на 1 января;Горнозаводский район;14896,00
1;01.01.2008;Число женщин на 1 января;Еловский район;6411,00
1;01.01.2008;Число женщин на 1 января;Ильинский район;10899,00
1;01.01.2008;Число женщин на 1 января;Карагайский район;12746,00
1;01.01.2008;Число женщин на 1 января;Кишертский район;7694,00
1;01.01.2008;Число женщин на 1 января;Красновишерский район;13825,00
1;01.01.2008;Число женщин на 1 января;Куединский район;16056,00
1;01.01.2008;Число женщин на 1 января;Кунгурский район;24352,00
1;01.01.2008;Число женщин на 1 января;Нытвенский район;24581,00
1;01.01.2008;Число женщин на 1 января;Октябрьский район;18327,00
1;01.01.2008;Число женщин на 1 января;Ординский район;8533,00
1;01.01.2008;Число женщин на 1 января;Осинский район;17064,00
1;01.01.2008;Число женщин на 1 января;Оханский район;9172,00
1;01.01.2008;Число женщин на 1 января;Очерский район;13206,00
1;01.01.2008;Число женщин на 1 января;Пермский район;46204,00
1;01.01.2008;Число женщин на 1 января;Сивинский район;8952,00
1;01.01.2008;Число женщин на 1 января;Соликамский район;8063,00
1;01.01.2008;Число женщин на 1 января;Суксунский район;11071,00
1;01.01.2008;Число женщин на 1 января;Уинский район;6622,00
1;01.01.2008;Число женщин на 1 января;Усольский район;7580,00
1;01.01.2008;Число женщин на 1 января;Частинский район;7533,00
1;01.01.2008;Число женщин на 1 января;Чердынский район;13238,00
1;01.01.2008;Число женщин на 1 января;Чернушинский район;27629,00
1;01.01.2008;Число женщин на 1 января;Чусовской район;40051,00
1;01.01.2008;Число женщин на 1 января;г. Пермь;545115,00
1;01.01.2008;Число женщин на 1 января;Александровский район;18582,00
1;01.01.2008;Число женщин на 1 января;г. Березники;92141,00
1;01.01.2008;Число женщин на 1 января;Гремячинский район;8532,00
1;01.01.2008;Число женщин на 1 января;Губахинский район;21028,00
1;01.01.2008;Число женщин на 1 января;Добрянский район;33109,00
1;01.01.2008;Число женщин на 1 января;Кизеловский район;17228,00
1;01.01.2008;Число женщин на 1 января;Краснокамский район;39203,00
1;01.01.2008;Число женщин на 1 января;г. Кунгур;36201,00
1;01.01.2008;Число женщин на 1 января;Лысьвенский район;45403,00
1;01.01.2008;Число женщин на 1 января;г. Соликамск;52571,00
1;01.01.2008;Число женщин на 1 января;Чайковский район;58619,00
1;01.01.2009;Число женщин на 1 января;Пермский край;1440019,00
1;01.01.2009;Число женщин на 1 января;Гайнский район;8206,00
1;01.01.2009;Число женщин на 1 января;Косинский район;3899,00
1;01.01.2009;Число женщин на 1 января;Кочевский район;6142,00
1;01.01.2009;Число женщин на 1 января;Кудымкарский район;14409,00
1;01.01.2009;Число женщин на 1 января;Юрлинский район;5595,00
1;01.01.2009;Число женщин на 1 января;Юсьвинский район;11790,00
1;01.01.2009;Число женщин на 1 января;г. Кудымкар;17296,00
1;01.01.2009;Число женщин на 1 января;Бардымский район;14558,00
1;01.01.2009;Число женщин на 1 января;Березовский район;9350,00
1;01.01.2009;Число женщин на 1 января;Большесосновский район;7578,00
1;01.01.2009;Число женщин на 1 января;Верещагинский район;23430,00
1;01.01.2009;Число женщин на 1 января;Горнозаводский район;14715,00
1;01.01.2009;Число женщин на 1 января;Еловский район;6309,00
1;01.01.2009;Число женщин на 1 января;Ильинский район;10873,00
1;01.01.2009;Число женщин на 1 января;Карагайский район;12692,00
1;01.01.2009;Число женщин на 1 января;Кишертский район;7634,00
1;01.01.2009;Число женщин на 1 января;Красновишерский район;13722,00
1;01.01.2009;Число женщин на 1 января;Куединский район;16018,00
1;01.01.2009;Число женщин на 1 января;Кунгурский район;24339,00
1;01.01.2009;Число женщин на 1 января;Нытвенский район;24497,00
1;01.01.2009;Число женщин на 1 января;Октябрьский район;18276,00
1;01.01.2009;Число женщин на 1 января;Ординский район;8494,00
1;01.01.2009;Число женщин на 1 января;Осинский район;17016,00
1;01.01.2009;Число женщин на 1 января;Оханский район;9120,00
1;01.01.2009;Число женщин на 1 января;Очерский район;13144,00
1;01.01.2009;Число женщин на 1 января;Пермский район;46067,00
1;01.01.2009;Число женщин на 1 января;Сивинский район;8953,00
1;01.01.2009;Число женщин на 1 января;Соликамский район;8105,00
1;01.01.2009;Число женщин на 1 января;Суксунский район;10977,00
1;01.01.2009;Число женщин на 1 января;Уинский район;6517,00
1;01.01.2009;Число женщин на 1 января;Усольский район;7549,00
1;01.01.2009;Число женщин на 1 января;Частинский район;7524,00
1;01.01.2009;Число женщин на 1 января;Чердынский район;13081,00
1;01.01.2009;Число женщин на 1 января;Чернушинский район;27594,00
1;01.01.2009;Число женщин на 1 января;Чусовской район;39776,00
1;01.01.2009;Число женщин на 1 января;г. Пермь;544820,00
1;01.01.2009;Число женщин на 1 января;Александровский район;18401,00
1;01.01.2009;Число женщин на 1 января;г. Березники;91582,00
1;01.01.2009;Число женщин на 1 января;Гремячинский район;8370,00
1;01.01.2009;Число женщин на 1 января;Губахинский район;20666,00
1;01.01.2009;Число женщин на 1 января;Добрянский район;33144,00
1;01.01.2009;Число женщин на 1 января;Кизеловский район;16909,00
1;01.01.2009;Число женщин на 1 января;Краснокамский район;39255,00
1;01.01.2009;Число женщин на 1 января;г. Кунгур;36232,00
1;01.01.2009;Число женщин на 1 января;Лысьвенский район;45094,00
1;01.01.2009;Число женщин на 1 января;г. Соликамск;52076,00
1;01.01.2009;Число женщин на 1 января;Чайковский район;58683,00
1;01.01.2010;Число женщин на 1 января;Пермский край;1434620,00
1;01.01.2010;Число женщин на 1 января;Гайнский район;8134,00
1;01.01.2010;Число женщин на 1 января;Косинский район;3870,00
1;01.01.2010;Число женщин на 1 января;Кочевский район;6163,00
1;01.01.2010;Число женщин на 1 января;Кудымкарский район;14284,00
1;01.01.2010;Число женщин на 1 января;Юрлинский район;5574,00
1;01.01.2010;Число женщин на 1 января;Юсьвинский район;11706,00
1;01.01.2010;Число женщин на 1 января;г. Кудымкар;17242,00
1;01.01.2010;Число женщин на 1 января;Бардымский район;14594,00
1;01.01.2010;Число женщин на 1 января;Березовский район;9323,00
1;01.01.2010;Число женщин на 1 января;Большесосновский район;7588,00
1;01.01.2010;Число женщин на 1 января;Верещагинский район;23415,00
1;01.01.2010;Число женщин на 1 января;Горнозаводский район;14534,00
1;01.01.2010;Число женщин на 1 января;Еловский район;6273,00
1;01.01.2010;Число женщин на 1 января;Ильинский район;10831,00
1;01.01.2010;Число женщин на 1 января;Карагайский район;12603,00
1;01.01.2010;Число женщин на 1 января;Кишертский район;7588,00
1;01.01.2010;Число женщин на 1 января;Красновишерский район;13560,00
1;01.01.2010;Число женщин на 1 января;Куединский район;15938,00
1;01.01.2010;Число женщин на 1 января;Кунгурский район;24442,00
1;01.01.2010;Число женщин на 1 января;Нытвенский район;24317,00
1;01.01.2010;Число женщин на 1 января;Октябрьский район;18305,00
1;01.01.2010;Число женщин на 1 января;Ординский район;8496,00
1;01.01.2010;Число женщин на 1 января;Осинский район;16981,00
1;01.01.2010;Число женщин на 1 января;Оханский район;9074,00
1;01.01.2010;Число женщин на 1 января;Очерский район;13082,00
1;01.01.2010;Число женщин на 1 января;Пермский район;45915,00
1;01.01.2010;Число женщин на 1 января;Сивинский район;8991,00
1;01.01.2010;Число женщин на 1 января;Соликамский район;8052,00
1;01.01.2010;Число женщин на 1 января;Суксунский район;10896,00
1;01.01.2010;Число женщин на 1 января;Уинский район;6392,00
1;01.01.2010;Число женщин на 1 января;Усольский район;7532,00
1;01.01.2010;Число женщин на 1 января;Частинский район;7567,00
1;01.01.2010;Число женщин на 1 января;Чердынский район;12901,00
1;01.01.2010;Число женщин на 1 января;Чернушинский район;27586,00
1;01.01.2010;Число женщин на 1 января;Чусовской район;39461,00
1;01.01.2010;Число женщин на 1 января;г. Пермь;545770,00
1;01.01.2010;Число женщин на 1 января;Александровский район;18278,00
1;01.01.2010;Число женщин на 1 января;г. Березники;91204,00
1;01.01.2010;Число женщин на 1 января;Гремячинский район;8210,00
1;01.01.2010;Число женщин на 1 января;Губахинский район;20259,00
1;01.01.2010;Число женщин на 1 января;Добрянский район;33061,00
1;01.01.2010;Число женщин на 1 января;Кизеловский район;16640,00
1;01.01.2010;Число женщин на 1 января;Краснокамский район;39247,00
1;01.01.2010;Число женщин на 1 января;г. Кунгур;36089,00
1;01.01.2010;Число женщин на 1 января;Лысьвенский район;44856,00
1;01.01.2010;Число женщин на 1 января;г. Соликамск;51597,00
1;01.01.2010;Число женщин на 1 января;Чайковский район;58795,00
1;01.01.2011;Число женщин на 1 января;Пермский край;1427308,00
1;01.01.2011;Число женщин на 1 января;Гайнский район;7033,00
1;01.01.2011;Число женщин на 1 января;Косинский район;3681,00
1;01.01.2011;Число женщин на 1 января;Кочевский район;5565,00
1;01.01.2011;Число женщин на 1 января;Кудымкарский район;13282,00
1;01.01.2011;Число женщин на 1 января;Юрлинский район;4878,00
1;01.01.2011;Число женщин на 1 января;Юсьвинский район;10195,00
1;01.01.2011;Число женщин на 1 января;г. Кудымкар;15978,00
1;01.01.2011;Число женщин на 1 января;Бардымский район;13525,00
1;01.01.2011;Число женщин на 1 января;Березовский район;8899,00
1;01.01.2011;Число женщин на 1 января;Большесосновский район;6994,00
1;01.01.2011;Число женщин на 1 января;Верещагинский район;22155,00
1;01.01.2011;Число женщин на 1 января;Горнозаводский район;13798,00
1;01.01.2011;Число женщин на 1 января;Еловский район;5597,00
1;01.01.2011;Число женщин на 1 января;Ильинский район;10424,00
1;01.01.2011;Число женщин на 1 января;Карагайский район;12212,00
1;01.01.2011;Число женщин на 1 января;Кишертский район;6745,00
1;01.01.2011;Число женщин на 1 января;Красновишерский район;11992,00
1;01.01.2011;Число женщин на 1 января;Куединский район;14138,00
1;01.01.2011;Число женщин на 1 января;Кунгурский район;22372,00
1;01.01.2011;Число женщин на 1 января;Нытвенский район;23733,00
1;01.01.2011;Число женщин на 1 января;Октябрьский район;15969,00
1;01.01.2011;Число женщин на 1 января;Ординский район;8262,00
1;01.01.2011;Число женщин на 1 января;Осинский район;15586,00
1;01.01.2011;Число женщин на 1 января;Оханский район;8721,00
1;01.01.2011;Число женщин на 1 января;Очерский район;12220,00
1;01.01.2011;Число женщин на 1 января;Пермский район;54541,00
1;01.01.2011;Число женщин на 1 января;Сивинский район;7955,00
1;01.01.2011;Число женщин на 1 января;Соликамский район;7596,00
1;01.01.2011;Число женщин на 1 января;Суксунский район;10668,00
1;01.01.2011;Число женщин на 1 января;Уинский район;5981,00
1;01.01.2011;Число женщин на 1 января;Усольский район;7437,00
1;01.01.2011;Число женщин на 1 января;Частинский район;6684,00
1;01.01.2011;Число женщин на 1 января;Чердынский район;10776,00
1;01.01.2011;Число женщин на 1 января;Чернушинский район;26618,00
1;01.01.2011;Число женщин на 1 января;Чусовской район;37002,00
1;01.01.2011;Число женщин на 1 января;г. Пермь;553857,00
1;01.01.2011;Число женщин на 1 января;Александровский район;17011,00
1;01.01.2011;Число женщин на 1 января;г. Березники;86834,00
1;01.01.2011;Число женщин на 1 января;Гремячинский район;7811,00
1;01.01.2011;Число женщин на 1 января;Губахинский район;19481,00
1;01.01.2011;Число женщин на 1 января;Добрянский район;30840,00
1;01.01.2011;Число женщин на 1 января;Кизеловский район;13810,00
1;01.01.2011;Число женщин на 1 января;Краснокамский район;38784,00
1;01.01.2011;Число женщин на 1 января;г. Кунгур;35860,00
1;01.01.2011;Число женщин на 1 января;Лысьвенский район;42751,00
1;01.01.2011;Число женщин на 1 января;г. Соликамск;50631,00
1;01.01.2011;Число женщин на 1 января;Чайковский район;56208,00
1;01.01.2012;Число женщин на 1 января;Пермский край;1425574,00
1;01.01.2012;Число женщин на 1 января;Гайнский район;6749,00
1;01.01.2012;Число женщин на 1 января;Косинский район;3594,00
1;01.01.2012;Число женщин на 1 января;Кочевский район;5452,00
1;01.01.2012;Число женщин на 1 января;Кудымкарский район;12874,00
1;01.01.2012;Число женщин на 1 января;Юрлинский район;4703,00
1;01.01.2012;Число женщин на 1 января;Юсьвинский район;10127,00
1;01.01.2012;Число женщин на 1 января;г. Кудымкар;16333,00
1;01.01.2012;Число женщин на 1 января;Бардымский район;13354,00
1;01.01.2012;Число женщин на 1 января;Березовский район;8660,00
1;01.01.2012;Число женщин на 1 января;Большесосновский район;6929,00
1;01.01.2012;Число женщин на 1 января;Верещагинский район;21958,00
1;01.01.2012;Число женщин на 1 января;Горнозаводский район;13537,00
1;01.01.2012;Число женщин на 1 января;Еловский район;5397,00
1;01.01.2012;Число женщин на 1 января;Ильинский район;10239,00
1;01.01.2012;Число женщин на 1 января;Карагайский район;11903,00
1;01.01.2012;Число женщин на 1 января;Кишертский район;6702,00
1;01.01.2012;Число женщин на 1 января;Красновишерский район;11787,00
1;01.01.2012;Число женщин на 1 января;Куединский район;14039,00
1;01.01.2012;Число женщин на 1 января;Кунгурский район;22587,00
1;01.01.2012;Число женщин на 1 января;Нытвенский район;23499,00
1;01.01.2012;Число женщин на 1 января;Октябрьский район;15698,00
1;01.01.2012;Число женщин на 1 января;Ординский район;8166,00
1;01.01.2012;Число женщин на 1 января;Осинский район;15478,00
1;01.01.2012;Число женщин на 1 января;Оханский район;8868,00
1;01.01.2012;Число женщин на 1 января;Очерский район;12223,00
1;01.01.2012;Число женщин на 1 января;Пермский район;54447,00
1;01.01.2012;Число женщин на 1 января;Сивинский район;7854,00
1;01.01.2012;Число женщин на 1 января;Соликамский район;7548,00
1;01.01.2012;Число женщин на 1 января;Суксунский район;10625,00
1;01.01.2012;Число женщин на 1 января;Уинский район;5730,00
1;01.01.2012;Число женщин на 1 января;Усольский район;7417,00
1;01.01.2012;Число женщин на 1 января;Частинский район;6712,00
1;01.01.2012;Число женщин на 1 января;Чердынский район;10265,00
1;01.01.2012;Число женщин на 1 января;Чернушинский район;26635,00
1;01.01.2012;Число женщин на 1 января;Чусовской район;36693,00
1;01.01.2012;Число женщин на 1 января;г. Пермь;559745,00
1;01.01.2012;Число женщин на 1 января;Александровский район;16634,00
1;01.01.2012;Число женщин на 1 января;г. Березники;85903,00
1;01.01.2012;Число женщин на 1 января;Гремячинский район;7444,00
1;01.01.2012;Число женщин на 1 января;Губахинский район;19017,00
1;01.01.2012;Число женщин на 1 января;Добрянский район;30680,00
1;01.01.2012;Число женщин на 1 января;Кизеловский район;13252,00
1;01.01.2012;Число женщин на 1 января;Краснокамский район;38943,00
1;01.01.2012;Число женщин на 1 января;г. Кунгур;35970,00
1;01.01.2012;Число женщин на 1 января;Лысьвенский район;42248,00
1;01.01.2012;Число женщин на 1 января;г. Соликамск;50459,00
1;01.01.2012;Число женщин на 1 января;Чайковский район;56260,00
1;01.01.2013;Число женщин на 1 января;Пермский край;1425388,00
1;01.01.2013;Число женщин на 1 января;Гайнский район;6562,00
1;01.01.2013;Число женщин на 1 января;Косинский район;3496,00
1;01.01.2013;Число женщин на 1 января;Кочевский район;5353,00
1;01.01.2013;Число женщин на 1 января;Кудымкарский район;12562,00
1;01.01.2013;Число женщин на 1 января;Юрлинский район;4594,00
1;01.01.2013;Число женщин на 1 января;Юсьвинский район;9907,00
1;01.01.2013;Число женщин на 1 января;г. Кудымкар;16632,00
1;01.01.2013;Число женщин на 1 января;Бардымский район;13241,00
1;01.01.2013;Число женщин на 1 января;Березовский район;8497,00
1;01.01.2013;Число женщин на 1 января;Большесосновский район;6787,00
1;01.01.2013;Число женщин на 1 января;Верещагинский район;21975,00
1;01.01.2013;Число женщин на 1 января;Горнозаводский район;13301,00
1;01.01.2013;Число женщин на 1 января;Еловский район;5194,00
1;01.01.2013;Число женщин на 1 января;Ильинский район;10195,00
1;01.01.2013;Число женщин на 1 января;Карагайский район;11658,00
1;01.01.2013;Число женщин на 1 января;Кишертский район;6644,00
1;01.01.2013;Число женщин на 1 января;Красновишерский район;11591,00
1;01.01.2013;Число женщин на 1 января;Куединский район;13778,00
1;01.01.2013;Число женщин на 1 января;Кунгурский район;22570,00
1;01.01.2013;Число женщин на 1 января;Нытвенский район;23240,00
1;01.01.2013;Число женщин на 1 января;Октябрьский район;15425,00
1;01.01.2013;Число женщин на 1 января;Ординский район;8126,00
1;01.01.2013;Число женщин на 1 января;Осинский район;15446,00
1;01.01.2013;Число женщин на 1 января;Оханский район;8802,00
1;01.01.2013;Число женщин на 1 января;Очерский район;12134,00
1;01.01.2013;Число женщин на 1 января;Пермский район;54941,00
1;01.01.2013;Число женщин на 1 января;Сивинский район;7749,00
1;01.01.2013;Число женщин на 1 января;Соликамский район;7424,00
1;01.01.2013;Число женщин на 1 января;Суксунский район;10549,00
1;01.01.2013;Число женщин на 1 января;Уинский район;5517,00
1;01.01.2013;Число женщин на 1 января;Усольский район;7316,00
1;01.01.2013;Число женщин на 1 января;Частинский район;6659,00
1;01.01.2013;Число женщин на 1 января;Чердынский район;10003,00
1;01.01.2013;Число женщин на 1 января;Чернушинский район;26361,00
1;01.01.2013;Число женщин на 1 января;Чусовской район;36272,00
1;01.01.2013;Число женщин на 1 января;г. Пермь;566044,00
1;01.01.2013;Число женщин на 1 января;Александровский район;16378,00
1;01.01.2013;Число женщин на 1 января;г. Березники;84967,00
1;01.01.2013;Число женщин на 1 января;Гремячинский район;7170,00
1;01.01.2013;Число женщин на 1 января;Губахинский район;18587,00
1;01.01.2013;Число женщин на 1 января;Добрянский район;30712,00
1;01.01.2013;Число женщин на 1 января;Кизеловский район;12822,00
1;01.01.2013;Число женщин на 1 января;Краснокамский район;39314,00
1;01.01.2013;Число женщин на 1 января;г. Кунгур;36075,00
1;01.01.2013;Число женщин на 1 января;Лысьвенский район;41781,00
1;01.01.2013;Число женщин на 1 января;г. Соликамск;50276,00
1;01.01.2013;Число женщин на 1 января;Чайковский район;56512,00
1;01.01.2014;Число женщин на 1 января;Пермский край;1425223,00
1;01.01.2014;Число женщин на 1 января;Гайнский район;6360,00
1;01.01.2014;Число женщин на 1 января;Косинский район;3420,00
1;01.01.2014;Число женщин на 1 января;Кочевский район;5250,00
1;01.01.2014;Число женщин на 1 января;Кудымкарский район;12176,00
1;01.01.2014;Число женщин на 1 января;Юрлинский район;4469,00
1;01.01.2014;Число женщин на 1 января;Юсьвинский район;9758,00
1;01.01.2014;Число женщин на 1 января;г. Кудымкар;16816,00
1;01.01.2014;Число женщин на 1 января;Бардымский район;13201,00
1;01.01.2014;Число женщин на 1 января;Березовский район;8322,00
1;01.01.2014;Число женщин на 1 января;Большесосновский район;6839,00
1;01.01.2014;Число женщин на 1 января;Верещагинский район;21782,00
1;01.01.2014;Число женщин на 1 января;Горнозаводский район;13137,00
1;01.01.2014;Число женщин на 1 января;Еловский район;4992,00
1;01.01.2014;Число женщин на 1 января;Ильинский район;10129,00
1;01.01.2014;Число женщин на 1 января;Карагайский район;11392,00
1;01.01.2014;Число женщин на 1 января;Кишертский район;6526,00
1;01.01.2014;Число женщин на 1 января;Красновишерский район;11426,00
1;01.01.2014;Число женщин на 1 января;Куединский район;13487,00
1;01.01.2014;Число женщин на 1 января;Кунгурский район;22527,00
1;01.01.2014;Число женщин на 1 января;Нытвенский район;23081,00
1;01.01.2014;Число женщин на 1 января;Октябрьский район;15201,00
1;01.01.2014;Число женщин на 1 января;Ординский район;7979,00
1;01.01.2014;Число женщин на 1 января;Осинский район;15405,00
1;01.01.2014;Число женщин на 1 января;Оханский район;8720,00
1;01.01.2014;Число женщин на 1 января;Очерский район;12132,00
1;01.01.2014;Число женщин на 1 января;Пермский район;55113,00
1;01.01.2014;Число женщин на 1 января;Сивинский район;7684,00
1;01.01.2014;Число женщин на 1 января;Соликамский район;7329,00
1;01.01.2014;Число женщин на 1 января;Суксунский район;10482,00
1;01.01.2014;Число женщин на 1 января;Уинский район;5477,00
1;01.01.2014;Число женщин на 1 января;Усольский район;7310,00
1;01.01.2014;Число женщин на 1 января;Частинский район;6566,00
1;01.01.2014;Число женщин на 1 января;Чердынский район;9703,00
1;01.01.2014;Число женщин на 1 января;Чернушинский район;26322,00
1;01.01.2014;Число женщин на 1 января;Чусовской район;36061,00
1;01.01.2014;Число женщин на 1 января;г. Пермь;572584,00
1;01.01.2014;Число женщин на 1 января;Александровский район;16150,00
1;01.01.2014;Число женщин на 1 января;г. Березники;83693,00
1;01.01.2014;Число женщин на 1 января;Гремячинский район;6924,00
1;01.01.2014;Число женщин на 1 января;Губахинский район;18198,00
1;01.01.2014;Число женщин на 1 января;Добрянский район;30594,00
1;01.01.2014;Число женщин на 1 января;Кизеловский район;12401,00
1;01.01.2014;Число женщин на 1 января;Краснокамский район;39662,00
1;01.01.2014;Число женщин на 1 января;г. Кунгур;36175,00
1;01.01.2014;Число женщин на 1 января;Лысьвенский район;41462,00
1;01.01.2014;Число женщин на 1 января;г. Соликамск;49993,00
1;01.01.2014;Число женщин на 1 января;Чайковский район;56704,00
1;01.01.2015;Число женщин на 1 января;Пермский край;1425297,00
1;01.01.2015;Число женщин на 1 января;Гайнский район;6255,00
1;01.01.2015;Число женщин на 1 января;Косинский район;3364,00
1;01.01.2015;Число женщин на 1 января;Кочевский район;5192,00
1;01.01.2015;Число женщин на 1 января;Кудымкарский район;11990,00
1;01.01.2015;Число женщин на 1 января;Юрлинский район;4417,00
1;01.01.2015;Число женщин на 1 января;Юсьвинский район;9647,00
1;01.01.2015;Число женщин на 1 января;г. Кудымкар;16895,00
1;01.01.2015;Число женщин на 1 января;Бардымский район;12910,00
1;01.01.2015;Число женщин на 1 января;Березовский район;8211,00
1;01.01.2015;Число женщин на 1 января;Большесосновский район;6749,00
1;01.01.2015;Число женщин на 1 января;Верещагинский район;21538,00
1;01.01.2015;Число женщин на 1 января;Горнозаводский район;12965,00
1;01.01.2015;Число женщин на 1 января;Еловский район;4833,00
1;01.01.2015;Число женщин на 1 января;Ильинский район;10017,00
1;01.01.2015;Число женщин на 1 января;Карагайский район;11306,00
1;01.01.2015;Число женщин на 1 января;Кишертский район;6409,00
1;01.01.2015;Число женщин на 1 января;Красновишерский район;11248,00
1;01.01.2015;Число женщин на 1 января;Куединский район;13302,00
1;01.01.2015;Число женщин на 1 января;Кунгурский район;22247,00
1;01.01.2015;Число женщин на 1 января;Нытвенский район;22972,00
1;01.01.2015;Число женщин на 1 января;Октябрьский район;14920,00
1;01.01.2015;Число женщин на 1 января;Ординский район;7933,00
1;01.01.2015;Число женщин на 1 января;Осинский район;15321,00
1;01.01.2015;Число женщин на 1 января;Оханский район;8640,00
1;01.01.2015;Число женщин на 1 января;Очерский район;12114,00
1;01.01.2015;Число женщин на 1 января;Пермский район;55521,00
1;01.01.2015;Число женщин на 1 января;Сивинский район;7608,00
1;01.01.2015;Число женщин на 1 января;Соликамский район;7252,00
1;01.01.2015;Число женщин на 1 января;Суксунский район;10449,00
1;01.01.2015;Число женщин на 1 января;Уинский район;5511,00
1;01.01.2015;Число женщин на 1 января;Усольский район;7362,00
1;01.01.2015;Число женщин на 1 января;Частинский район;6548,00
1;01.01.2015;Число женщин на 1 января;Чердынский район;9324,00
1;01.01.2015;Число женщин на 1 января;Чернушинский район;26254,00
1;01.01.2015;Число женщин на 1 января;Чусовской район;35784,00
1;01.01.2015;Число женщин на 1 января;г. Пермь;578406,00
1;01.01.2015;Число женщин на 1 января;Александровский район;15921,00
1;01.01.2015;Число женщин на 1 января;г. Березники;82772,00
1;01.01.2015;Число женщин на 1 января;Гремячинский район;6740,00
1;01.01.2015;Число женщин на 1 января;Губахинский район;17912,00
1;01.01.2015;Число женщин на 1 января;Добрянский район;30476,00
1;01.01.2015;Число женщин на 1 января;Кизеловский район;12083,00
1;01.01.2015;Число женщин на 1 января;Краснокамский район;39929,00
1;01.01.2015;Число женщин на 1 января;г. Кунгур;36074,00
1;01.01.2015;Число женщин на 1 января;Лысьвенский район;41163,00
1;01.01.2015;Число женщин на 1 января;г. Соликамск;49786,00
1;01.01.2015;Число женщин на 1 января;Чайковский район;56877,00
1;01.01.2016;Число женщин на 1 января;Пермский край;1424480,00
1;01.01.2016;Число женщин на 1 января;Гайнский район;6237,00
1;01.01.2016;Число женщин на 1 января;Косинский район;3320,00
1;01.01.2016;Число женщин на 1 января;Кочевский район;5107,00
1;01.01.2016;Число женщин на 1 января;Кудымкарский район;11726,00
1;01.01.2016;Число женщин на 1 января;Юрлинский район;4397,00
1;01.01.2016;Число женщин на 1 января;Юсьвинский район;9474,00
1;01.01.2016;Число женщин на 1 января;г. Кудымкар;17063,00
1;01.01.2016;Число женщин на 1 января;Бардымский район;13199,00
1;01.01.2016;Число женщин на 1 января;Березовский район;8070,00
1;01.01.2016;Число женщин на 1 января;Большесосновский район;6690,00
1;01.01.2016;Число женщин на 1 января;Верещагинский район;21428,00
1;01.01.2016;Число женщин на 1 января;Горнозаводский район;12801,00
1;01.01.2016;Число женщин на 1 января;Еловский район;4834,00
1;01.01.2016;Число женщин на 1 января;Ильинский район;9944,00
1;01.01.2016;Число женщин на 1 января;Карагайский район;11293,00
1;01.01.2016;Число женщин на 1 января;Кишертский район;6302,00
1;01.01.2016;Число женщин на 1 января;Красновишерский район;11087,00
1;01.01.2016;Число женщин на 1 января;Куединский район;13148,00
1;01.01.2016;Число женщин на 1 января;Кунгурский район;22218,00
1;01.01.2016;Число женщин на 1 января;Нытвенский район;22821,00
1;01.01.2016;Число женщин на 1 января;Октябрьский район;14757,00
1;01.01.2016;Число женщин на 1 января;Ординский район;7870,00
1;01.01.2016;Число женщин на 1 января;Осинский район;15231,00
1;01.01.2016;Число женщин на 1 января;Оханский район;8636,00
1;01.01.2016;Число женщин на 1 января;Очерский район;12117,00
1;01.01.2016;Число женщин на 1 января;Пермский район;56127,00
1;01.01.2016;Число женщин на 1 января;Сивинский район;7509,00
1;01.01.2016;Число женщин на 1 января;Соликамский район;7135,00
1;01.01.2016;Число женщин на 1 января;Суксунский район;10389,00
1;01.01.2016;Число женщин на 1 января;Уинский район;5499,00
1;01.01.2016;Число женщин на 1 января;Усольский район;7398,00
1;01.01.2016;Число женщин на 1 января;Частинский район;6562,00
1;01.01.2016;Число женщин на 1 января;Чердынский район;8937,00
1;01.01.2016;Число женщин на 1 января;Чернушинский район;26483,00
1;01.01.2016;Число женщин на 1 января;Чусовской район;35569,00
1;01.01.2016;Число женщин на 1 января;г. Пермь;582066,00
1;01.01.2016;Число женщин на 1 января;Александровский район;15590,00
1;01.01.2016;Число женщин на 1 января;г. Березники;81514,00
1;01.01.2016;Число женщин на 1 января;Гремячинский район;6555,00
1;01.01.2016;Число женщин на 1 января;Губахинский район;17528,00
1;01.01.2016;Число женщин на 1 января;Добрянский район;30386,00
1;01.01.2016;Число женщин на 1 января;Кизеловский район;11718,00
1;01.01.2016;Число женщин на 1 января;Краснокамский район;40161,00
1;01.01.2016;Число женщин на 1 января;г. Кунгур;35963,00
1;01.01.2016;Число женщин на 1 января;Лысьвенский район;40851,00
1;01.01.2016;Число женщин на 1 января;г. Соликамск;49697,00
1;01.01.2016;Число женщин на 1 января;Чайковский район;56880,00
