Уровень календаря;Дата;Статистические показатели;ОКАТО;Значение
1;01.01.2000;Число мужчин на 1 января;Пермский край;1401820,00
1;01.01.2000;Число мужчин на 1 января;Бардымский район;13578,00
1;01.01.2000;Число мужчин на 1 января;Березовский район;8990,00
1;01.01.2000;Число мужчин на 1 января;Большесосновский район;7689,00
1;01.01.2000;Число мужчин на 1 января;Верещагинский район;21798,00
1;01.01.2000;Число мужчин на 1 января;Горнозаводский район;17094,00
1;01.01.2000;Число мужчин на 1 января;Еловский район;6755,00
1;01.01.2000;Число мужчин на 1 января;Ильинский район;11387,00
1;01.01.2000;Число мужчин на 1 января;Карагайский район;12067,00
1;01.01.2000;Число мужчин на 1 января;Кишертский район;7885,00
1;01.01.2000;Число мужчин на 1 января;Красновишерский район;14235,00
1;01.01.2000;Число мужчин на 1 января;Куединский район;15913,00
1;01.01.2000;Число мужчин на 1 января;Кунгурский район;22849,00
1;01.01.2000;Число мужчин на 1 января;Нытвенский район;24587,00
1;01.01.2000;Число мужчин на 1 января;Октябрьский район;18587,00
1;01.01.2000;Число мужчин на 1 января;Ординский район;8523,00
1;01.01.2000;Число мужчин на 1 января;Осинский район;18158,00
1;01.01.2000;Число мужчин на 1 января;Оханский район;9205,00
1;01.01.2000;Число мужчин на 1 января;Очерский район;12098,00
1;01.01.2000;Число мужчин на 1 января;Пермский район;43142,00
1;01.01.2000;Число мужчин на 1 января;Сивинский район;8894,00
1;01.01.2000;Число мужчин на 1 января;Соликамский район;7690,00
1;01.01.2000;Число мужчин на 1 января;Суксунский район;11361,00
1;01.01.2000;Число мужчин на 1 января;Уинский район;6896,00
1;01.01.2000;Число мужчин на 1 января;Усольский район;6523,00
1;01.01.2000;Число мужчин на 1 января;Частинский район;7267,00
1;01.01.2000;Число мужчин на 1 января;Чердынский район;20446,00
1;01.01.2000;Число мужчин на 1 января;Чернушинский район;26142,00
1;01.01.2000;Число мужчин на 1 января;Чусовской район;38528,00
1;01.01.2000;Число мужчин на 1 января;г. Пермь;475467,00
1;01.01.2000;Число мужчин на 1 января;Александровский район;20686,00
1;01.01.2000;Число мужчин на 1 января;г. Березники;93280,00
1;01.01.2000;Число мужчин на 1 января;Гремячинский район;11851,00
1;01.01.2000;Число мужчин на 1 января;Губахинский район;22711,00
1;01.01.2000;Число мужчин на 1 января;Добрянский район;31075,00
1;01.01.2000;Число мужчин на 1 января;Кизеловский район;24450,00
1;01.01.2000;Число мужчин на 1 января;Краснокамский район;35804,00
1;01.01.2000;Число мужчин на 1 января;г. Кунгур;33747,00
1;01.01.2000;Число мужчин на 1 января;Лысьвенский район;42424,00
1;01.01.2000;Число мужчин на 1 января;г. Соликамск;52382,00
1;01.01.2000;Число мужчин на 1 января;Чайковский район;54523,00
1;01.01.2001;Число мужчин на 1 января;Пермский край;1392670,00
1;01.01.2001;Число мужчин на 1 января;Бардымский район;13506,00
1;01.01.2001;Число мужчин на 1 января;Березовский район;8943,00
1;01.01.2001;Число мужчин на 1 января;Большесосновский район;7620,00
1;01.01.2001;Число мужчин на 1 января;Верещагинский район;21813,00
1;01.01.2001;Число мужчин на 1 января;Горнозаводский район;16894,00
1;01.01.2001;Число мужчин на 1 января;Еловский район;6735,00
1;01.01.2001;Число мужчин на 1 января;Ильинский район;11290,00
1;01.01.2001;Число мужчин на 1 января;Карагайский район;11958,00
1;01.01.2001;Число мужчин на 1 января;Кишертский район;7843,00
1;01.01.2001;Число мужчин на 1 января;Красновишерский район;14088,00
1;01.01.2001;Число мужчин на 1 января;Куединский район;15923,00
1;01.01.2001;Число мужчин на 1 января;Кунгурский район;22880,00
1;01.01.2001;Число мужчин на 1 января;Нытвенский район;24422,00
1;01.01.2001;Число мужчин на 1 января;Октябрьский район;18661,00
1;01.01.2001;Число мужчин на 1 января;Ординский район;8517,00
1;01.01.2001;Число мужчин на 1 января;Осинский район;18155,00
1;01.01.2001;Число мужчин на 1 января;Оханский район;9177,00
1;01.01.2001;Число мужчин на 1 января;Очерский район;12032,00
1;01.01.2001;Число мужчин на 1 января;Пермский район;43206,00
1;01.01.2001;Число мужчин на 1 января;Сивинский район;8955,00
1;01.01.2001;Число мужчин на 1 января;Соликамский район;7540,00
1;01.01.2001;Число мужчин на 1 января;Суксунский район;11415,00
1;01.01.2001;Число мужчин на 1 января;Уинский район;6885,00
1;01.01.2001;Число мужчин на 1 января;Усольский район;6399,00
1;01.01.2001;Число мужчин на 1 января;Частинский район;7269,00
1;01.01.2001;Число мужчин на 1 января;Чердынский район;20036,00
1;01.01.2001;Число мужчин на 1 января;Чернушинский район;26219,00
1;01.01.2001;Число мужчин на 1 января;Чусовской район;38197,00
1;01.01.2001;Число мужчин на 1 января;г. Пермь;472075,00
1;01.01.2001;Число мужчин на 1 января;Александровский район;20595,00
1;01.01.2001;Число мужчин на 1 января;г. Березники;92797,00
1;01.01.2001;Число мужчин на 1 января;Гремячинский район;11416,00
1;01.01.2001;Число мужчин на 1 января;Губахинский район;22086,00
1;01.01.2001;Число мужчин на 1 января;Добрянский район;31054,00
1;01.01.2001;Число мужчин на 1 января;Кизеловский район;23459,00
1;01.01.2001;Число мужчин на 1 января;Краснокамский район;35572,00
1;01.01.2001;Число мужчин на 1 января;г. Кунгур;33503,00
1;01.01.2001;Число мужчин на 1 января;Лысьвенский район;42190,00
1;01.01.2001;Число мужчин на 1 января;г. Соликамск;52031,00
1;01.01.2001;Число мужчин на 1 января;Чайковский район;54742,00
1;01.01.2002;Число мужчин на 1 января;Пермский край;1383308,00
1;01.01.2002;Число мужчин на 1 января;Бардымский район;13361,00
1;01.01.2002;Число мужчин на 1 января;Березовский район;8896,00
1;01.01.2002;Число мужчин на 1 января;Большесосновский район;7560,00
1;01.01.2002;Число мужчин на 1 января;Верещагинский район;21798,00
1;01.01.2002;Число мужчин на 1 января;Горнозаводский район;16692,00
1;01.01.2002;Число мужчин на 1 января;Еловский район;6715,00
1;01.01.2002;Число мужчин на 1 января;Ильинский район;11218,00
1;01.01.2002;Число мужчин на 1 января;Карагайский район;11855,00
1;01.01.2002;Число мужчин на 1 января;Кишертский район;7767,00
1;01.01.2002;Число мужчин на 1 января;Красновишерский район;14003,00
1;01.01.2002;Число мужчин на 1 января;Куединский район;15945,00
1;01.01.2002;Число мужчин на 1 января;Кунгурский район;22846,00
1;01.01.2002;Число мужчин на 1 января;Нытвенский район;24276,00
1;01.01.2002;Число мужчин на 1 января;Октябрьский район;18572,00
1;01.01.2002;Число мужчин на 1 января;Ординский район;8529,00
1;01.01.2002;Число мужчин на 1 января;Осинский район;18181,00
1;01.01.2002;Число мужчин на 1 января;Оханский район;9100,00
1;01.01.2002;Число мужчин на 1 января;Очерский район;11998,00
1;01.01.2002;Число мужчин на 1 января;Пермский район;43141,00
1;01.01.2002;Число мужчин на 1 января;Сивинский район;8956,00
1;01.01.2002;Число мужчин на 1 января;Соликамский район;7402,00
1;01.01.2002;Число мужчин на 1 января;Суксунский район;11397,00
1;01.01.2002;Число мужчин на 1 января;Уинский район;6885,00
1;01.01.2002;Число мужчин на 1 января;Усольский район;6250,00
1;01.01.2002;Число мужчин на 1 января;Частинский район;7247,00
1;01.01.2002;Число мужчин на 1 января;Чердынский район;19693,00
1;01.01.2002;Число мужчин на 1 января;Чернушинский район;26250,00
1;01.01.2002;Число мужчин на 1 января;Чусовской район;37875,00
1;01.01.2002;Число мужчин на 1 января;г. Пермь;468692,00
1;01.01.2002;Число мужчин на 1 января;Александровский район;20478,00
1;01.01.2002;Число мужчин на 1 января;г. Березники;92250,00
1;01.01.2002;Число мужчин на 1 января;Гремячинский район;11079,00
1;01.01.2002;Число мужчин на 1 января;Губахинский район;21611,00
1;01.01.2002;Число мужчин на 1 января;Добрянский район;31038,00
1;01.01.2002;Число мужчин на 1 января;Кизеловский район;22840,00
1;01.01.2002;Число мужчин на 1 января;Краснокамский район;35580,00
1;01.01.2002;Число мужчин на 1 января;г. Кунгур;33295,00
1;01.01.2002;Число мужчин на 1 января;Лысьвенский район;41968,00
1;01.01.2002;Число мужчин на 1 января;г. Соликамск;51680,00
1;01.01.2002;Число мужчин на 1 января;Чайковский район;54484,00
1;01.01.2003;Число мужчин на 1 января;Пермский край;1302490,00
1;01.01.2003;Число мужчин на 1 января;Бардымский район;13089,00
1;01.01.2003;Число мужчин на 1 января;Березовский район;8791,00
1;01.01.2003;Число мужчин на 1 января;Большесосновский район;7179,00
1;01.01.2003;Число мужчин на 1 января;Верещагинский район;20465,00
1;01.01.2003;Число мужчин на 1 января;Горнозаводский район;14022,00
1;01.01.2003;Число мужчин на 1 января;Еловский район;6274,00
1;01.01.2003;Число мужчин на 1 января;Ильинский район;9903,00
1;01.01.2003;Число мужчин на 1 января;Карагайский район;11532,00
1;01.01.2003;Число мужчин на 1 января;Кишертский район;7114,00
1;01.01.2003;Число мужчин на 1 января;Красновишерский район;13189,00
1;01.01.2003;Число мужчин на 1 января;Куединский район;15001,00
1;01.01.2003;Число мужчин на 1 января;Кунгурский район;22091,00
1;01.01.2003;Число мужчин на 1 января;Нытвенский район;22076,00
1;01.01.2003;Число мужчин на 1 января;Октябрьский район;17329,00
1;01.01.2003;Число мужчин на 1 января;Ординский район;8001,00
1;01.01.2003;Число мужчин на 1 января;Осинский район;15793,00
1;01.01.2003;Число мужчин на 1 января;Оханский район;8395,00
1;01.01.2003;Число мужчин на 1 января;Очерский район;11884,00
1;01.01.2003;Число мужчин на 1 января;Пермский район;43235,00
1;01.01.2003;Число мужчин на 1 января;Сивинский район;8185,00
1;01.01.2003;Число мужчин на 1 января;Соликамский район;10031,00
1;01.01.2003;Число мужчин на 1 января;Суксунский район;10318,00
1;01.01.2003;Число мужчин на 1 января;Уинский район;6336,00
1;01.01.2003;Число мужчин на 1 января;Усольский район;6087,00
1;01.01.2003;Число мужчин на 1 января;Частинский район;7046,00
1;01.01.2003;Число мужчин на 1 января;Чердынский район;20779,00
1;01.01.2003;Число мужчин на 1 января;Чернушинский район;25438,00
1;01.01.2003;Число мужчин на 1 января;Чусовской район;35300,00
1;01.01.2003;Число мужчин на 1 января;г. Пермь;454798,00
1;01.01.2003;Число мужчин на 1 января;Александровский район;17001,00
1;01.01.2003;Число мужчин на 1 января;г. Березники;78652,00
1;01.01.2003;Число мужчин на 1 января;Гремячинский район;8206,00
1;01.01.2003;Число мужчин на 1 января;Губахинский район;22043,00
1;01.01.2003;Число мужчин на 1 января;Добрянский район;28838,00
1;01.01.2003;Число мужчин на 1 января;Кизеловский район;15815,00
1;01.01.2003;Число мужчин на 1 января;Краснокамский район;32046,00
1;01.01.2003;Число мужчин на 1 января;г. Кунгур;32466,00
1;01.01.2003;Число мужчин на 1 января;Лысьвенский район;39003,00
1;01.01.2003;Число мужчин на 1 января;г. Соликамск;47657,00
1;01.01.2003;Число мужчин на 1 января;Чайковский район;50779,00
1;01.01.2004;Число мужчин на 1 января;Пермский край;1285990,00
1;01.01.2004;Число мужчин на 1 января;Бардымский район;13018,00
1;01.01.2004;Число мужчин на 1 января;Березовский район;8700,00
1;01.01.2004;Число мужчин на 1 января;Большесосновский район;7046,00
1;01.01.2004;Число мужчин на 1 января;Верещагинский район;20352,00
1;01.01.2004;Число мужчин на 1 января;Горнозаводский район;13859,00
1;01.01.2004;Число мужчин на 1 января;Еловский район;6168,00
1;01.01.2004;Число мужчин на 1 января;Ильинский район;9733,00
1;01.01.2004;Число мужчин на 1 января;Карагайский район;11476,00
1;01.01.2004;Число мужчин на 1 января;Кишертский район;7096,00
1;01.01.2004;Число мужчин на 1 января;Красновишерский район;12889,00
1;01.01.2004;Число мужчин на 1 января;Куединский район;14936,00
1;01.01.2004;Число мужчин на 1 января;Кунгурский район;22140,00
1;01.01.2004;Число мужчин на 1 января;Нытвенский район;21887,00
1;01.01.2004;Число мужчин на 1 января;Октябрьский район;17142,00
1;01.01.2004;Число мужчин на 1 января;Ординский район;7939,00
1;01.01.2004;Число мужчин на 1 января;Осинский район;15606,00
1;01.01.2004;Число мужчин на 1 января;Оханский район;8303,00
1;01.01.2004;Число мужчин на 1 января;Очерский район;11760,00
1;01.01.2004;Число мужчин на 1 января;Пермский район;42768,00
1;01.01.2004;Число мужчин на 1 января;Сивинский район;8078,00
1;01.01.2004;Число мужчин на 1 января;Соликамский район;9794,00
1;01.01.2004;Число мужчин на 1 января;Суксунский район;10251,00
1;01.01.2004;Число мужчин на 1 января;Уинский район;6327,00
1;01.01.2004;Число мужчин на 1 января;Усольский район;5889,00
1;01.01.2004;Число мужчин на 1 января;Частинский район;7018,00
1;01.01.2004;Число мужчин на 1 января;Чердынский район;20470,00
1;01.01.2004;Число мужчин на 1 января;Чернушинский район;25193,00
1;01.01.2004;Число мужчин на 1 января;Чусовской район;34873,00
1;01.01.2004;Число мужчин на 1 января;г. Пермь;451677,00
1;01.01.2004;Число мужчин на 1 января;Александровский район;16842,00
1;01.01.2004;Число мужчин на 1 января;г. Березники;77881,00
1;01.01.2004;Число мужчин на 1 января;Гремячинский район;7675,00
1;01.01.2004;Число мужчин на 1 января;Губахинский район;21408,00
1;01.01.2004;Число мужчин на 1 января;Добрянский район;28605,00
1;01.01.2004;Число мужчин на 1 января;Кизеловский район;15242,00
1;01.01.2004;Число мужчин на 1 января;Краснокамский район;31779,00
1;01.01.2004;Число мужчин на 1 января;г. Кунгур;32169,00
1;01.01.2004;Число мужчин на 1 января;Лысьвенский район;38779,00
1;01.01.2004;Число мужчин на 1 января;г. Соликамск;47047,00
1;01.01.2004;Число мужчин на 1 января;Чайковский район;50378,00
1;01.01.2005;Число мужчин на 1 января;Пермский край;1268996,00
1;01.01.2005;Число мужчин на 1 января;Бардымский район;12984,00
1;01.01.2005;Число мужчин на 1 января;Березовский район;8627,00
1;01.01.2005;Число мужчин на 1 января;Большесосновский район;6944,00
1;01.01.2005;Число мужчин на 1 января;Верещагинский район;20294,00
1;01.01.2005;Число мужчин на 1 января;Горнозаводский район;13665,00
1;01.01.2005;Число мужчин на 1 января;Еловский район;6084,00
1;01.01.2005;Число мужчин на 1 января;Ильинский район;9628,00
1;01.01.2005;Число мужчин на 1 января;Карагайский район;11411,00
1;01.01.2005;Число мужчин на 1 января;Кишертский район;7061,00
1;01.01.2005;Число мужчин на 1 января;Красновишерский район;12773,00
1;01.01.2005;Число мужчин на 1 января;Куединский район;14777,00
1;01.01.2005;Число мужчин на 1 января;Кунгурский район;22130,00
1;01.01.2005;Число мужчин на 1 января;Нытвенский район;21601,00
1;01.01.2005;Число мужчин на 1 января;Октябрьский район;17005,00
1;01.01.2005;Число мужчин на 1 января;Ординский район;7831,00
1;01.01.2005;Число мужчин на 1 января;Осинский район;15393,00
1;01.01.2005;Число мужчин на 1 января;Оханский район;8231,00
1;01.01.2005;Число мужчин на 1 января;Очерский район;11632,00
1;01.01.2005;Число мужчин на 1 января;Пермский район;42296,00
1;01.01.2005;Число мужчин на 1 января;Сивинский район;5955,00
1;01.01.2005;Число мужчин на 1 января;Соликамский район;9670,00
1;01.01.2005;Число мужчин на 1 января;Суксунский район;10122,00
1;01.01.2005;Число мужчин на 1 января;Уинский район;6293,00
1;01.01.2005;Число мужчин на 1 января;Усольский район;5696,00
1;01.01.2005;Число мужчин на 1 января;Частинский район;7002,00
1;01.01.2005;Число мужчин на 1 января;Чердынский район;20202,00
1;01.01.2005;Число мужчин на 1 января;Чернушинский район;24993,00
1;01.01.2005;Число мужчин на 1 января;Чусовской район;34353,00
1;01.01.2005;Число мужчин на 1 января;г. Пермь;448670,00
1;01.01.2005;Число мужчин на 1 января;Александровский район;16533,00
1;01.01.2005;Число мужчин на 1 января;г. Березники;77040,00
1;01.01.2005;Число мужчин на 1 января;Гремячинский район;7312,00
1;01.01.2005;Число мужчин на 1 января;Губахинский район;20806,00
1;01.01.2005;Число мужчин на 1 января;Добрянский район;28451,00
1;01.01.2005;Число мужчин на 1 января;Кизеловский район;14799,00
1;01.01.2005;Число мужчин на 1 января;Краснокамский район;31498,00
1;01.01.2005;Число мужчин на 1 января;г. Кунгур;31967,00
1;01.01.2005;Число мужчин на 1 января;Лысьвенский район;38515,00
1;01.01.2005;Число мужчин на 1 января;г. Соликамск;46477,00
1;01.01.2005;Число мужчин на 1 января;Чайковский район;50250,00
1;01.01.2006;Число мужчин на 1 января;Пермский край;1251196,00
1;01.01.2006;Число мужчин на 1 января;Гайнский район;8092,00
1;01.01.2006;Число мужчин на 1 января;Косинский район;3855,00
1;01.01.2006;Число мужчин на 1 января;Кочевский район;6218,00
1;01.01.2006;Число мужчин на 1 января;Кудымкарский район;13561,00
1;01.01.2006;Число мужчин на 1 января;Юрлинский район;5572,00
1;01.01.2006;Число мужчин на 1 января;Юсьвинский район;11030,00
1;01.01.2006;Число мужчин на 1 января;г. Кудымкар;13953,00
1;01.01.2006;Число мужчин на 1 января;Бардымский район;12953,00
1;01.01.2006;Число мужчин на 1 января;Березовский район;8561,00
1;01.01.2006;Число мужчин на 1 января;Большесосновский район;6809,00
1;01.01.2006;Число мужчин на 1 января;Верещагинский район;20174,00
1;01.01.2006;Число мужчин на 1 января;Горнозаводский район;13384,00
1;01.01.2006;Число мужчин на 1 января;Еловский район;6025,00
1;01.01.2006;Число мужчин на 1 января;Ильинский район;9543,00
1;01.01.2006;Число мужчин на 1 января;Карагайский район;11341,00
1;01.01.2006;Число мужчин на 1 января;Кишертский район;6982,00
1;01.01.2006;Число мужчин на 1 января;Красновишерский район;12658,00
1;01.01.2006;Число мужчин на 1 января;Куединский район;14695,00
1;01.01.2006;Число мужчин на 1 января;Кунгурский район;22027,00
1;01.01.2006;Число мужчин на 1 января;Нытвенский район;21308,00
1;01.01.2006;Число мужчин на 1 января;Октябрьский район;16772,00
1;01.01.2006;Число мужчин на 1 января;Ординский район;7744,00
1;01.01.2006;Число мужчин на 1 января;Осинский район;15202,00
1;01.01.2006;Число мужчин на 1 января;Оханский район;8150,00
1;01.01.2006;Число мужчин на 1 января;Очерский район;11449,00
1;01.01.2006;Число мужчин на 1 января;Пермский район;41886,00
1;01.01.2006;Число мужчин на 1 января;Сивинский район;7882,00
1;01.01.2006;Число мужчин на 1 января;Соликамский район;9606,00
1;01.01.2006;Число мужчин на 1 января;Суксунский район;10022,00
1;01.01.2006;Число мужчин на 1 января;Уинский район;6205,00
1;01.01.2006;Число мужчин на 1 января;Усольский район;6490,00
1;01.01.2006;Число мужчин на 1 января;Частинский район;6971,00
1;01.01.2006;Число мужчин на 1 января;Чердынский район;19880,00
1;01.01.2006;Число мужчин на 1 января;Чернушинский район;24752,00
1;01.01.2006;Число мужчин на 1 января;Чусовской район;33925,00
1;01.01.2006;Число мужчин на 1 января;г. Пермь;445567,00
1;01.01.2006;Число мужчин на 1 января;Александровский район;16339,00
1;01.01.2006;Число мужчин на 1 января;г. Березники;75077,00
1;01.01.2006;Число мужчин на 1 января;Гремячинский район;6966,00
1;01.01.2006;Число мужчин на 1 января;Губахинский район;20057,00
1;01.01.2006;Число мужчин на 1 января;Добрянский район;28325,00
1;01.01.2006;Число мужчин на 1 января;Кизеловский район;14378,00
1;01.01.2006;Число мужчин на 1 января;Краснокамский район;31402,00
1;01.01.2006;Число мужчин на 1 января;г. Кунгур;31868,00
1;01.01.2006;Число мужчин на 1 января;Лысьвенский район;38173,00
1;01.01.2006;Число мужчин на 1 января;г. Соликамск;45852,00
1;01.01.2006;Число мужчин на 1 января;Чайковский район;50107,00
1;01.01.2007;Число мужчин на 1 января;Пермский край;1236742,00
1;01.01.2007;Число мужчин на 1 января;Гайнский район;7932,00
1;01.01.2007;Число мужчин на 1 января;Косинский район;3806,00
1;01.01.2007;Число мужчин на 1 января;Кочевский район;6210,00
1;01.01.2007;Число мужчин на 1 января;Кудымкарский район;13571,00
1;01.01.2007;Число мужчин на 1 января;Юрлинский район;5467,00
1;01.01.2007;Число мужчин на 1 января;Юсьвинский район;10909,00
1;01.01.2007;Число мужчин на 1 января;г. Кудымкар;13659,00
1;01.01.2007;Число мужчин на 1 января;Бардымский район;12969,00
1;01.01.2007;Число мужчин на 1 января;Березовский район;8513,00
1;01.01.2007;Число мужчин на 1 января;Большесосновский район;6767,00
1;01.01.2007;Число мужчин на 1 января;Верещагинский район;20071,00
1;01.01.2007;Число мужчин на 1 января;Горнозаводский район;13217,00
1;01.01.2007;Число мужчин на 1 января;Еловский район;5955,00
1;01.01.2007;Число мужчин на 1 января;Ильинский район;9453,00
1;01.01.2007;Число мужчин на 1 января;Карагайский район;11287,00
1;01.01.2007;Число мужчин на 1 января;Кишертский район;6934,00
1;01.01.2007;Число мужчин на 1 января;Красновишерский район;12544,00
1;01.01.2007;Число мужчин на 1 января;Куединский район;14603,00
1;01.01.2007;Число мужчин на 1 января;Кунгурский район;21927,00
1;01.01.2007;Число мужчин на 1 января;Нытвенский район;21033,00
1;01.01.2007;Число мужчин на 1 января;Октябрьский район;16603,00
1;01.01.2007;Число мужчин на 1 января;Ординский район;7660,00
1;01.01.2007;Число мужчин на 1 января;Осинский район;15061,00
1;01.01.2007;Число мужчин на 1 января;Оханский район;8090,00
1;01.01.2007;Число мужчин на 1 января;Очерский район;11398,00
1;01.01.2007;Число мужчин на 1 января;Пермский район;41471,00
1;01.01.2007;Число мужчин на 1 января;Сивинский район;7836,00
1;01.01.2007;Число мужчин на 1 января;Соликамский район;9583,00
1;01.01.2007;Число мужчин на 1 января;Суксунский район;9886,00
1;01.01.2007;Число мужчин на 1 января;Уинский район;6129,00
1;01.01.2007;Число мужчин на 1 января;Усольский район;6333,00
1;01.01.2007;Число мужчин на 1 января;Частинский район;6933,00
1;01.01.2007;Число мужчин на 1 января;Чердынский район;19579,00
1;01.01.2007;Число мужчин на 1 января;Чернушинский район;24576,00
1;01.01.2007;Число мужчин на 1 января;Чусовской район;33598,00
1;01.01.2007;Число мужчин на 1 января;г. Пермь;443666,00
1;01.01.2007;Число мужчин на 1 января;Александровский район;16127,00
1;01.01.2007;Число мужчин на 1 января;г. Березники;74377,00
1;01.01.2007;Число мужчин на 1 января;Гремячинский район;6761,00
1;01.01.2007;Число мужчин на 1 января;Губахинский район;19515,00
1;01.01.2007;Число мужчин на 1 января;Добрянский район;28223,00
1;01.01.2007;Число мужчин на 1 января;Кизеловский район;13911,00
1;01.01.2007;Число мужчин на 1 января;Краснокамский район;31230,00
1;01.01.2007;Число мужчин на 1 января;г. Кунгур;31805,00
1;01.01.2007;Число мужчин на 1 января;Лысьвенский район;37835,00
1;01.01.2007;Число мужчин на 1 января;г. Соликамск;45210,00
1;01.01.2007;Число мужчин на 1 января;Чайковский район;49990,00
1;01.01.2008;Число мужчин на 1 января;Пермский край;1227637,00
1;01.01.2008;Число мужчин на 1 января;Гайнский район;7859,00
1;01.01.2008;Число мужчин на 1 января;Косинский район;3771,00
1;01.01.2008;Число мужчин на 1 января;Кочевский район;6215,00
1;01.01.2008;Число мужчин на 1 января;Кудымкарский район;13355,00
1;01.01.2008;Число мужчин на 1 января;Юрлинский район;5395,00
1;01.01.2008;Число мужчин на 1 января;Юсьвинский район;10793,00
1;01.01.2008;Число мужчин на 1 января;г. Кудымкар;13561,00
1;01.01.2008;Число мужчин на 1 января;Бардымский район;12992,00
1;01.01.2008;Число мужчин на 1 января;Березовский район;8509,00
1;01.01.2008;Число мужчин на 1 января;Большесосновский район;6717,00
1;01.01.2008;Число мужчин на 1 января;Верещагинский район;20102,00
1;01.01.2008;Число мужчин на 1 января;Горнозаводский район;12989,00
1;01.01.2008;Число мужчин на 1 января;Еловский район;5888,00
1;01.01.2008;Число мужчин на 1 января;Ильинский район;9412,00
1;01.01.2008;Число мужчин на 1 января;Карагайский район;11161,00
1;01.01.2008;Число мужчин на 1 января;Кишертский район;6884,00
1;01.01.2008;Число мужчин на 1 января;Красновишерский район;12462,00
1;01.01.2008;Число мужчин на 1 января;Куединский район;14520,00
1;01.01.2008;Число мужчин на 1 января;Кунгурский район;22018,00
1;01.01.2008;Число мужчин на 1 января;Нытвенский район;20971,00
1;01.01.2008;Число мужчин на 1 января;Октябрьский район;16462,00
1;01.01.2008;Число мужчин на 1 января;Ординский район;7652,00
1;01.01.2008;Число мужчин на 1 января;Осинский район;15010,00
1;01.01.2008;Число мужчин на 1 января;Оханский район;8008,00
1;01.01.2008;Число мужчин на 1 января;Очерский район;11445,00
1;01.01.2008;Число мужчин на 1 января;Пермский район;41138,00
1;01.01.2008;Число мужчин на 1 января;Сивинский район;7845,00
1;01.01.2008;Число мужчин на 1 января;Соликамский район;9574,00
1;01.01.2008;Число мужчин на 1 января;Суксунский район;9854,00
1;01.01.2008;Число мужчин на 1 января;Уинский район;6009,00
1;01.01.2008;Число мужчин на 1 января;Усольский район;6208,00
1;01.01.2008;Число мужчин на 1 января;Частинский район;6917,00
1;01.01.2008;Число мужчин на 1 января;Чердынский район;19284,00
1;01.01.2008;Число мужчин на 1 января;Чернушинский район;24602,00
1;01.01.2008;Число мужчин на 1 января;Чусовской район;33263,00
1;01.01.2008;Число мужчин на 1 января;г. Пермь;442131,00
1;01.01.2008;Число мужчин на 1 января;Александровский район;15972,00
1;01.01.2008;Число мужчин на 1 января;г. Березники;73809,00
1;01.01.2008;Число мужчин на 1 января;Гремячинский район;6543,00
1;01.01.2008;Число мужчин на 1 января;Губахинский район;19058,00
1;01.01.2008;Число мужчин на 1 января;Добрянский район;28256,00
1;01.01.2008;Число мужчин на 1 января;Кизеловский район;13609,00
1;01.01.2008;Число мужчин на 1 января;Краснокамский район;31190,00
1;01.01.2008;Число мужчин на 1 января;г. Кунгур;31873,00
1;01.01.2008;Число мужчин на 1 января;Лысьвенский район;37518,00
1;01.01.2008;Число мужчин на 1 января;г. Соликамск;44698,00
1;01.01.2008;Число мужчин на 1 января;Чайковский район;49998,00
1;01.01.2009;Число мужчин на 1 января;Пермский край;1220340,00
1;01.01.2009;Число мужчин на 1 января;Гайнский район;7728,00
1;01.01.2009;Число мужчин на 1 января;Косинский район;3723,00
1;01.01.2009;Число мужчин на 1 января;Кочевский район;6200,00
1;01.01.2009;Число мужчин на 1 января;Кудымкарский район;13207,00
1;01.01.2009;Число мужчин на 1 января;Юрлинский район;5344,00
1;01.01.2009;Число мужчин на 1 января;Юсьвинский район;10783,00
1;01.01.2009;Число мужчин на 1 января;г. Кудымкар;13493,00
1;01.01.2009;Число мужчин на 1 января;Бардымский район;13105,00
1;01.01.2009;Число мужчин на 1 января;Березовский район;8500,00
1;01.01.2009;Число мужчин на 1 января;Большесосновский район;6685,00
1;01.01.2009;Число мужчин на 1 января;Верещагинский район;20106,00
1;01.01.2009;Число мужчин на 1 января;Горнозаводский район;12756,00
1;01.01.2009;Число мужчин на 1 января;Еловский район;5823,00
1;01.01.2009;Число мужчин на 1 января;Ильинский район;9418,00
1;01.01.2009;Число мужчин на 1 января;Карагайский район;11033,00
1;01.01.2009;Число мужчин на 1 января;Кишертский район;6859,00
1;01.01.2009;Число мужчин на 1 января;Красновишерский район;12390,00
1;01.01.2009;Число мужчин на 1 января;Куединский район;14480,00
1;01.01.2009;Число мужчин на 1 января;Кунгурский район;22130,00
1;01.01.2009;Число мужчин на 1 января;Нытвенский район;20852,00
1;01.01.2009;Число мужчин на 1 января;Октябрьский район;16466,00
1;01.01.2009;Число мужчин на 1 января;Ординский район;7629,00
1;01.01.2009;Число мужчин на 1 января;Осинский район;14955,00
1;01.01.2009;Число мужчин на 1 января;Оханский район;7961,00
1;01.01.2009;Число мужчин на 1 января;Очерский район;11431,00
1;01.01.2009;Число мужчин на 1 января;Пермский район;40964,00
1;01.01.2009;Число мужчин на 1 января;Сивинский район;7847,00
1;01.01.2009;Число мужчин на 1 января;Соликамский район;9591,00
1;01.01.2009;Число мужчин на 1 января;Суксунский район;9819,00
1;01.01.2009;Число мужчин на 1 января;Уинский район;5952,00
1;01.01.2009;Число мужчин на 1 января;Усольский район;6171,00
1;01.01.2009;Число мужчин на 1 января;Частинский район;6939,00
1;01.01.2009;Число мужчин на 1 января;Чердынский район;18993,00
1;01.01.2009;Число мужчин на 1 января;Чернушинский район;24654,00
1;01.01.2009;Число мужчин на 1 января;Чусовской район;32924,00
1;01.01.2009;Число мужчин на 1 января;г. Пермь;440986,00
1;01.01.2009;Число мужчин на 1 января;Александровский район;15787,00
1;01.01.2009;Число мужчин на 1 января;г. Березники;73291,00
1;01.01.2009;Число мужчин на 1 января;Гремячинский район;6365,00
1;01.01.2009;Число мужчин на 1 января;Губахинский район;18609,00
1;01.01.2009;Число мужчин на 1 января;Добрянский район;28289,00
1;01.01.2009;Число мужчин на 1 января;Кизеловский район;13387,00
1;01.01.2009;Число мужчин на 1 января;Краснокамский район;31212,00
1;01.01.2009;Число мужчин на 1 января;г. Кунгур;31884,00
1;01.01.2009;Число мужчин на 1 января;Лысьвенский район;37209,00
1;01.01.2009;Число мужчин на 1 января;г. Соликамск;44146,00
1;01.01.2009;Число мужчин на 1 января;Чайковский район;49971,00
1;01.01.2010;Число мужчин на 1 января;Пермский край;1214034,00
1;01.01.2010;Число мужчин на 1 января;Гайнский район;7679,00
1;01.01.2010;Число мужчин на 1 января;Косинский район;3693,00
1;01.01.2010;Число мужчин на 1 января;Кочевский район;6210,00
1;01.01.2010;Число мужчин на 1 января;Кудымкарский район;13079,00
1;01.01.2010;Число мужчин на 1 января;Юрлинский район;5304,00
1;01.01.2010;Число мужчин на 1 января;Юсьвинский район;10679,00
1;01.01.2010;Число мужчин на 1 января;г. Кудымкар;13472,00
1;01.01.2010;Число мужчин на 1 января;Бардымский район;13200,00
1;01.01.2010;Число мужчин на 1 января;Березовский район;8491,00
1;01.01.2010;Число мужчин на 1 января;Большесосновский район;6693,00
1;01.01.2010;Число мужчин на 1 января;Верещагинский район;20163,00
1;01.01.2010;Число мужчин на 1 января;Горнозаводский район;12544,00
1;01.01.2010;Число мужчин на 1 января;Еловский район;5794,00
1;01.01.2010;Число мужчин на 1 января;Ильинский район;9388,00
1;01.01.2010;Число мужчин на 1 января;Карагайский район;10981,00
1;01.01.2010;Число мужчин на 1 января;Кишертский район;6867,00
1;01.01.2010;Число мужчин на 1 января;Красновишерский район;12255,00
1;01.01.2010;Число мужчин на 1 января;Куединский район;14422,00
1;01.01.2010;Число мужчин на 1 января;Кунгурский район;22211,00
1;01.01.2010;Число мужчин на 1 января;Нытвенский район;20758,00
1;01.01.2010;Число мужчин на 1 января;Октябрьский район;16461,00
1;01.01.2010;Число мужчин на 1 января;Ординский район;7649,00
1;01.01.2010;Число мужчин на 1 января;Осинский район;14947,00
1;01.01.2010;Число мужчин на 1 января;Оханский район;7903,00
1;01.01.2010;Число мужчин на 1 января;Очерский район;11421,00
1;01.01.2010;Число мужчин на 1 января;Пермский район;40838,00
1;01.01.2010;Число мужчин на 1 января;Сивинский район;7867,00
1;01.01.2010;Число мужчин на 1 января;Соликамский район;9471,00
1;01.01.2010;Число мужчин на 1 января;Суксунский район;9767,00
1;01.01.2010;Число мужчин на 1 января;Уинский район;5831,00
1;01.01.2010;Число мужчин на 1 января;Усольский район;6135,00
1;01.01.2010;Число мужчин на 1 января;Частинский район;7011,00
1;01.01.2010;Число мужчин на 1 января;Чердынский район;18770,00
1;01.01.2010;Число мужчин на 1 января;Чернушинский район;24606,00
1;01.01.2010;Число мужчин на 1 января;Чусовской район;32575,00
1;01.01.2010;Число мужчин на 1 января;г. Пермь;440740,00
1;01.01.2010;Число мужчин на 1 января;Александровский район;15737,00
1;01.01.2010;Число мужчин на 1 января;г. Березники;72894,00
1;01.01.2010;Число мужчин на 1 января;Гремячинский район;6216,00
1;01.01.2010;Число мужчин на 1 января;Губахинский район;18162,00
1;01.01.2010;Число мужчин на 1 января;Добрянский район;28393,00
1;01.01.2010;Число мужчин на 1 января;Кизеловский район;13159,00
1;01.01.2010;Число мужчин на 1 января;Краснокамский район;31322,00
1;01.01.2010;Число мужчин на 1 января;г. Кунгур;31768,00
1;01.01.2010;Число мужчин на 1 января;Лысьвенский район;36998,00
1;01.01.2010;Число мужчин на 1 января;г. Соликамск;43588,00
1;01.01.2010;Число мужчин на 1 января;Чайковский район;49973,00
1;01.01.2011;Число мужчин на 1 января;Пермский край;1206242,00
1;01.01.2011;Число мужчин на 1 января;Гайнский район;6746,00
1;01.01.2011;Число мужчин на 1 января;Косинский район;3524,00
1;01.01.2011;Число мужчин на 1 января;Кочевский район;5593,00
1;01.01.2011;Число мужчин на 1 января;Кудымкарский район;12450,00
1;01.01.2011;Число мужчин на 1 января;Юрлинский район;4712,00
1;01.01.2011;Число мужчин на 1 января;Юсьвинский район;9287,00
1;01.01.2011;Число мужчин на 1 января;г. Кудымкар;13048,00
1;01.01.2011;Число мужчин на 1 января;Бардымский район;12063,00
1;01.01.2011;Число мужчин на 1 января;Березовский район;8116,00
1;01.01.2011;Число мужчин на 1 января;Большесосновский район;6218,00
1;01.01.2011;Число мужчин на 1 января;Верещагинский район;19216,00
1;01.01.2011;Число мужчин на 1 января;Горнозаводский район;12141,00
1;01.01.2011;Число мужчин на 1 января;Еловский район;5119,00
1;01.01.2011;Число мужчин на 1 января;Ильинский район;9166,00
1;01.01.2011;Число мужчин на 1 января;Карагайский район;10636,00
1;01.01.2011;Число мужчин на 1 января;Кишертский район;6003,00
1;01.01.2011;Число мужчин на 1 января;Красновишерский район;10482,00
1;01.01.2011;Число мужчин на 1 января;Куединский район;12752,00
1;01.01.2011;Число мужчин на 1 января;Кунгурский район;20075,00
1;01.01.2011;Число мужчин на 1 января;Нытвенский район;20026,00
1;01.01.2011;Число мужчин на 1 января;Октябрьский район;14420,00
1;01.01.2011;Число мужчин на 1 января;Ординский район;7324,00
1;01.01.2011;Число мужчин на 1 января;Осинский район;13884,00
1;01.01.2011;Число мужчин на 1 января;Оханский район;7535,00
1;01.01.2011;Число мужчин на 1 января;Очерский район;10632,00
1;01.01.2011;Число мужчин на 1 января;Пермский район;48773,00
1;01.01.2011;Число мужчин на 1 января;Сивинский район;6901,00
1;01.01.2011;Число мужчин на 1 января;Соликамский район;9547,00
1;01.01.2011;Число мужчин на 1 января;Суксунский район;9378,00
1;01.01.2011;Число мужчин на 1 января;Уинский район;5428,00
1;01.01.2011;Число мужчин на 1 января;Усольский район;6732,00
1;01.01.2011;Число мужчин на 1 января;Частинский район;6147,00
1;01.01.2011;Число мужчин на 1 января;Чердынский район;13676,00
1;01.01.2011;Число мужчин на 1 января;Чернушинский район;23999,00
1;01.01.2011;Число мужчин на 1 января;Чусовской район;34087,00
1;01.01.2011;Число мужчин на 1 января;г. Пермь;437667,00
1;01.01.2011;Число мужчин на 1 января;Александровский район;14394,00
1;01.01.2011;Число мужчин на 1 января;г. Березники;69470,00
1;01.01.2011;Число мужчин на 1 января;Гремячинский район;6034,00
1;01.01.2011;Число мужчин на 1 января;Губахинский район;19329,00
1;01.01.2011;Число мужчин на 1 января;Добрянский район;26174,00
1;01.01.2011;Число мужчин на 1 января;Кизеловский район;11089,00
1;01.01.2011;Число мужчин на 1 января;Краснокамский район;31532,00
1;01.01.2011;Число мужчин на 1 января;г. Кунгур;30227,00
1;01.01.2011;Число мужчин на 1 января;Лысьвенский район;35284,00
1;01.01.2011;Число мужчин на 1 января;г. Соликамск;46577,00
1;01.01.2011;Число мужчин на 1 января;Чайковский район;47659,00
1;01.01.2012;Число мужчин на 1 января;Пермский край;1205499,00
1;01.01.2012;Число мужчин на 1 января;Гайнский район;6541,00
1;01.01.2012;Число мужчин на 1 января;Косинский район;3478,00
1;01.01.2012;Число мужчин на 1 января;Кочевский район;5524,00
1;01.01.2012;Число мужчин на 1 января;Кудымкарский район;12371,00
1;01.01.2012;Число мужчин на 1 января;Юрлинский район;4615,00
1;01.01.2012;Число мужчин на 1 января;Юсьвинский район;9250,00
1;01.01.2012;Число мужчин на 1 января;г. Кудымкар;13228,00
1;01.01.2012;Число мужчин на 1 января;Бардымский район;12077,00
1;01.01.2012;Число мужчин на 1 января;Березовский район;7956,00
1;01.01.2012;Число мужчин на 1 января;Большесосновский район;6258,00
1;01.01.2012;Число мужчин на 1 января;Верещагинский район;19165,00
1;01.01.2012;Число мужчин на 1 января;Горнозаводский район;12012,00
1;01.01.2012;Число мужчин на 1 января;Еловский район;4995,00
1;01.01.2012;Число мужчин на 1 января;Ильинский район;9173,00
1;01.01.2012;Число мужчин на 1 января;Карагайский район;10701,00
1;01.01.2012;Число мужчин на 1 января;Кишертский район;5955,00
1;01.01.2012;Число мужчин на 1 января;Красновишерский район;10363,00
1;01.01.2012;Число мужчин на 1 января;Куединский район;12698,00
1;01.01.2012;Число мужчин на 1 января;Кунгурский район;20411,00
1;01.01.2012;Число мужчин на 1 января;Нытвенский район;19815,00
1;01.01.2012;Число мужчин на 1 января;Октябрьский район;14275,00
1;01.01.2012;Число мужчин на 1 января;Ординский район;7382,00
1;01.01.2012;Число мужчин на 1 января;Осинский район;13922,00
1;01.01.2012;Число мужчин на 1 января;Оханский район;7666,00
1;01.01.2012;Число мужчин на 1 января;Очерский район;10651,00
1;01.01.2012;Число мужчин на 1 января;Пермский район;48765,00
1;01.01.2012;Число мужчин на 1 января;Сивинский район;6815,00
1;01.01.2012;Число мужчин на 1 января;Соликамский район;9550,00
1;01.01.2012;Число мужчин на 1 января;Суксунский район;9372,00
1;01.01.2012;Число мужчин на 1 января;Уинский район;5266,00
1;01.01.2012;Число мужчин на 1 января;Усольский район;6773,00
1;01.01.2012;Число мужчин на 1 января;Частинский район;6224,00
1;01.01.2012;Число мужчин на 1 января;Чердынский район;13281,00
1;01.01.2012;Число мужчин на 1 января;Чернушинский район;24040,00
1;01.01.2012;Число мужчин на 1 января;Чусовской район;33862,00
1;01.01.2012;Число мужчин на 1 января;г. Пермь;440934,00
1;01.01.2012;Число мужчин на 1 января;Александровский район;14126,00
1;01.01.2012;Число мужчин на 1 января;г. Березники;68729,00
1;01.01.2012;Число мужчин на 1 января;Гремячинский район;5753,00
1;01.01.2012;Число мужчин на 1 января;Губахинский район;18938,00
1;01.01.2012;Число мужчин на 1 января;Добрянский район;26080,00
1;01.01.2012;Число мужчин на 1 января;Кизеловский район;10659,00
1;01.01.2012;Число мужчин на 1 января;Краснокамский район;31871,00
1;01.01.2012;Число мужчин на 1 января;г. Кунгур;30346,00
1;01.01.2012;Число мужчин на 1 января;Лысьвенский район;34840,00
1;01.01.2012;Число мужчин на 1 января;г. Соликамск;46300,00
1;01.01.2012;Число мужчин на 1 января;Чайковский район;47529,00
1;01.01.2013;Число мужчин на 1 января;Пермский край;1209073,00
1;01.01.2013;Число мужчин на 1 января;Гайнский район;6354,00
1;01.01.2013;Число мужчин на 1 января;Косинский район;3404,00
1;01.01.2013;Число мужчин на 1 января;Кочевский район;5475,00
1;01.01.2013;Число мужчин на 1 января;Кудымкарский район;12153,00
1;01.01.2013;Число мужчин на 1 января;Юрлинский район;4499,00
1;01.01.2013;Число мужчин на 1 января;Юсьвинский район;9143,00
1;01.01.2013;Число мужчин на 1 января;г. Кудымкар;13530,00
1;01.01.2013;Число мужчин на 1 января;Бардымский район;12008,00
1;01.01.2013;Число мужчин на 1 января;Березовский район;7913,00
1;01.01.2013;Число мужчин на 1 января;Большесосновский район;6188,00
1;01.01.2013;Число мужчин на 1 января;Верещагинский район;19417,00
1;01.01.2013;Число мужчин на 1 января;Горнозаводский район;11923,00
1;01.01.2013;Число мужчин на 1 января;Еловский район;4914,00
1;01.01.2013;Число мужчин на 1 января;Ильинский район;9175,00
1;01.01.2013;Число мужчин на 1 января;Карагайский район;10422,00
1;01.01.2013;Число мужчин на 1 января;Кишертский район;5909,00
1;01.01.2013;Число мужчин на 1 января;Красновишерский район;10266,00
1;01.01.2013;Число мужчин на 1 января;Куединский район;12589,00
1;01.01.2013;Число мужчин на 1 января;Кунгурский район;20526,00
1;01.01.2013;Число мужчин на 1 января;Нытвенский район;19661,00
1;01.01.2013;Число мужчин на 1 января;Октябрьский район;14002,00
1;01.01.2013;Число мужчин на 1 января;Ординский район;7310,00
1;01.01.2013;Число мужчин на 1 января;Осинский район;13858,00
1;01.01.2013;Число мужчин на 1 января;Оханский район;7636,00
1;01.01.2013;Число мужчин на 1 января;Очерский район;10617,00
1;01.01.2013;Число мужчин на 1 января;Пермский район;49563,00
1;01.01.2013;Число мужчин на 1 января;Сивинский район;6752,00
1;01.01.2013;Число мужчин на 1 января;Соликамский район;9497,00
1;01.01.2013;Число мужчин на 1 января;Суксунский район;9326,00
1;01.01.2013;Число мужчин на 1 января;Уинский район;5158,00
1;01.01.2013;Число мужчин на 1 января;Усольский район;6732,00
1;01.01.2013;Число мужчин на 1 января;Частинский район;6235,00
1;01.01.2013;Число мужчин на 1 января;Чердынский район;13021,00
1;01.01.2013;Число мужчин на 1 января;Чернушинский район;24060,00
1;01.01.2013;Число мужчин на 1 января;Чусовской район;33624,00
1;01.01.2013;Число мужчин на 1 января;г. Пермь;447846,00
1;01.01.2013;Число мужчин на 1 января;Александровский район;13856,00
1;01.01.2013;Число мужчин на 1 января;г. Березники;67999,00
1;01.01.2013;Число мужчин на 1 января;Гремячинский район;5529,00
1;01.01.2013;Число мужчин на 1 января;Губахинский район;18590,00
1;01.01.2013;Число мужчин на 1 января;Добрянский район;26144,00
1;01.01.2013;Число мужчин на 1 января;Кизеловский район;10331,00
1;01.01.2013;Число мужчин на 1 января;Краснокамский район;32490,00
1;01.01.2013;Число мужчин на 1 января;г. Кунгур;30403,00
1;01.01.2013;Число мужчин на 1 января;Лысьвенский район;34413,00
1;01.01.2013;Число мужчин на 1 января;г. Соликамск;46030,00
1;01.01.2013;Число мужчин на 1 января;Чайковский район;47688,00
1;01.01.2014;Число мужчин на 1 января;Пермский край;1210931,00
1;01.01.2014;Число мужчин на 1 января;Гайнский район;6208,00
1;01.01.2014;Число мужчин на 1 января;Косинский район;3372,00
1;01.01.2014;Число мужчин на 1 января;Кочевский район;5379,00
1;01.01.2014;Число мужчин на 1 января;Кудымкарский район;11869,00
1;01.01.2014;Число мужчин на 1 января;Юрлинский район;4428,00
1;01.01.2014;Число мужчин на 1 января;Юсьвинский район;9040,00
1;01.01.2014;Число мужчин на 1 января;г. Кудымкар;13709,00
1;01.01.2014;Число мужчин на 1 января;Бардымский район;11971,00
1;01.01.2014;Число мужчин на 1 января;Березовский район;7774,00
1;01.01.2014;Число мужчин на 1 января;Большесосновский район;6207,00
1;01.01.2014;Число мужчин на 1 января;Верещагинский район;19363,00
1;01.01.2014;Число мужчин на 1 января;Горнозаводский район;11802,00
1;01.01.2014;Число мужчин на 1 января;Еловский район;4795,00
1;01.01.2014;Число мужчин на 1 января;Ильинский район;9204,00
1;01.01.2014;Число мужчин на 1 января;Карагайский район;10364,00
1;01.01.2014;Число мужчин на 1 января;Кишертский район;5804,00
1;01.01.2014;Число мужчин на 1 января;Красновишерский район;10095,00
1;01.01.2014;Число мужчин на 1 января;Куединский район;12380,00
1;01.01.2014;Число мужчин на 1 января;Кунгурский район;20561,00
1;01.01.2014;Число мужчин на 1 января;Нытвенский район;19575,00
1;01.01.2014;Число мужчин на 1 января;Октябрьский район;13821,00
1;01.01.2014;Число мужчин на 1 января;Ординский район;7269,00
1;01.01.2014;Число мужчин на 1 января;Осинский район;13773,00
1;01.01.2014;Число мужчин на 1 января;Оханский район;7638,00
1;01.01.2014;Число мужчин на 1 января;Очерский район;10618,00
1;01.01.2014;Число мужчин на 1 января;Пермский район;49953,00
1;01.01.2014;Число мужчин на 1 января;Сивинский район;6751,00
1;01.01.2014;Число мужчин на 1 января;Соликамский район;9429,00
1;01.01.2014;Число мужчин на 1 января;Суксунский район;9278,00
1;01.01.2014;Число мужчин на 1 января;Уинский район;5071,00
1;01.01.2014;Число мужчин на 1 января;Усольский район;6764,00
1;01.01.2014;Число мужчин на 1 января;Частинский район;6228,00
1;01.01.2014;Число мужчин на 1 января;Чердынский район;12690,00
1;01.01.2014;Число мужчин на 1 января;Чернушинский район;24067,00
1;01.01.2014;Число мужчин на 1 января;Чусовской район;33463,00
1;01.01.2014;Число мужчин на 1 января;г. Пермь;453897,00
1;01.01.2014;Число мужчин на 1 января;Александровский район;13617,00
1;01.01.2014;Число мужчин на 1 января;г. Березники;67003,00
1;01.01.2014;Число мужчин на 1 января;Гремячинский район;5345,00
1;01.01.2014;Число мужчин на 1 января;Губахинский район;18165,00
1;01.01.2014;Число мужчин на 1 января;Добрянский район;26190,00
1;01.01.2014;Число мужчин на 1 января;Кизеловский район;10001,00
1;01.01.2014;Число мужчин на 1 января;Краснокамский район;32973,00
1;01.01.2014;Число мужчин на 1 января;г. Кунгур;30590,00
1;01.01.2014;Число мужчин на 1 января;Лысьвенский район;34124,00
1;01.01.2014;Число мужчин на 1 января;г. Соликамск;45835,00
1;01.01.2014;Число мужчин на 1 января;Чайковский район;47714,00
1;01.01.2015;Число мужчин на 1 января;Пермский край;1211735,00
1;01.01.2015;Число мужчин на 1 января;Гайнский район;6121,00
1;01.01.2015;Число мужчин на 1 января;Косинский район;3342,00
1;01.01.2015;Число мужчин на 1 января;Кочевский район;5304,00
1;01.01.2015;Число мужчин на 1 января;Кудымкарский район;11729,00
1;01.01.2015;Число мужчин на 1 января;Юрлинский район;4349,00
1;01.01.2015;Число мужчин на 1 января;Юсьвинский район;8841,00
1;01.01.2015;Число мужчин на 1 января;г. Кудымкар;13844,00
1;01.01.2015;Число мужчин на 1 января;Бардымский район;11790,00
1;01.01.2015;Число мужчин на 1 января;Березовский район;7678,00
1;01.01.2015;Число мужчин на 1 января;Большесосновский район;6112,00
1;01.01.2015;Число мужчин на 1 января;Верещагинский район;19321,00
1;01.01.2015;Число мужчин на 1 января;Горнозаводский район;11636,00
1;01.01.2015;Число мужчин на 1 января;Еловский район;4701,00
1;01.01.2015;Число мужчин на 1 января;Ильинский район;9149,00
1;01.01.2015;Число мужчин на 1 января;Карагайский район;10303,00
1;01.01.2015;Число мужчин на 1 января;Кишертский район;5763,00
1;01.01.2015;Число мужчин на 1 января;Красновишерский район;9931,00
1;01.01.2015;Число мужчин на 1 января;Куединский район;12259,00
1;01.01.2015;Число мужчин на 1 января;Кунгурский район;20372,00
1;01.01.2015;Число мужчин на 1 января;Нытвенский район;19504,00
1;01.01.2015;Число мужчин на 1 января;Октябрьский район;13760,00
1;01.01.2015;Число мужчин на 1 января;Ординский район;7204,00
1;01.01.2015;Число мужчин на 1 января;Осинский район;13783,00
1;01.01.2015;Число мужчин на 1 января;Оханский район;7562,00
1;01.01.2015;Число мужчин на 1 января;Очерский район;10637,00
1;01.01.2015;Число мужчин на 1 января;Пермский район;50582,00
1;01.01.2015;Число мужчин на 1 января;Сивинский район;6690,00
1;01.01.2015;Число мужчин на 1 января;Соликамский район;9366,00
1;01.01.2015;Число мужчин на 1 января;Суксунский район;9262,00
1;01.01.2015;Число мужчин на 1 января;Уинский район;5117,00
1;01.01.2015;Число мужчин на 1 января;Усольский район;6879,00
1;01.01.2015;Число мужчин на 1 января;Частинский район;6252,00
1;01.01.2015;Число мужчин на 1 января;Чердынский район;12404,00
1;01.01.2015;Число мужчин на 1 января;Чернушинский район;24130,00
1;01.01.2015;Число мужчин на 1 января;Чусовской район;33323,00
1;01.01.2015;Число мужчин на 1 января;г. Пермь;458070,00
1;01.01.2015;Число мужчин на 1 января;Александровский район;13432,00
1;01.01.2015;Число мужчин на 1 января;г. Березники;66183,00
1;01.01.2015;Число мужчин на 1 января;Гремячинский район;5239,00
1;01.01.2015;Число мужчин на 1 января;Губахинский район;17882,00
1;01.01.2015;Число мужчин на 1 января;Добрянский район;26077,00
1;01.01.2015;Число мужчин на 1 января;Кизеловский район;9681,00
1;01.01.2015;Число мужчин на 1 января;Краснокамский район;33390,00
1;01.01.2015;Число мужчин на 1 января;г. Кунгур;30532,00
1;01.01.2015;Число мужчин на 1 января;Лысьвенский район;33797,00
1;01.01.2015;Число мужчин на 1 января;г. Соликамск;45728,00
1;01.01.2015;Число мужчин на 1 января;Чайковский район;47932,00
1;01.01.2016;Число мужчин на 1 января;Пермский край;1209929,00
1;01.01.2016;Число мужчин на 1 января;Гайнский район;6044,00
1;01.01.2016;Число мужчин на 1 января;Косинский район;3312,00
1;01.01.2016;Число мужчин на 1 января;Кочевский район;5231,00
1;01.01.2016;Число мужчин на 1 января;Кудымкарский район;11563,00
1;01.01.2016;Число мужчин на 1 января;Юрлинский район;4301,00
1;01.01.2016;Число мужчин на 1 января;Юсьвинский район;8704,00
1;01.01.2016;Число мужчин на 1 января;г. Кудымкар;13944,00
1;01.01.2016;Число мужчин на 1 января;Бардымский район;12092,00
1;01.01.2016;Число мужчин на 1 января;Березовский район;7553,00
1;01.01.2016;Число мужчин на 1 января;Большесосновский район;6068,00
1;01.01.2016;Число мужчин на 1 января;Верещагинский район;19215,00
1;01.01.2016;Число мужчин на 1 января;Горнозаводский район;11533,00
1;01.01.2016;Число мужчин на 1 января;Еловский район;4656,00
1;01.01.2016;Число мужчин на 1 января;Ильинский район;9166,00
1;01.01.2016;Число мужчин на 1 января;Карагайский район;10210,00
1;01.01.2016;Число мужчин на 1 января;Кишертский район;5734,00
1;01.01.2016;Число мужчин на 1 января;Красновишерский район;9710,00
1;01.01.2016;Число мужчин на 1 января;Куединский район;12231,00
1;01.01.2016;Число мужчин на 1 января;Кунгурский район;20343,00
1;01.01.2016;Число мужчин на 1 января;Нытвенский район;19510,00
1;01.01.2016;Число мужчин на 1 января;Октябрьский район;13618,00
1;01.01.2016;Число мужчин на 1 января;Ординский район;7195,00
1;01.01.2016;Число мужчин на 1 января;Осинский район;13723,00
1;01.01.2016;Число мужчин на 1 января;Оханский район;7538,00
1;01.01.2016;Число мужчин на 1 января;Очерский район;10644,00
1;01.01.2016;Число мужчин на 1 января;Пермский район;50799,00
1;01.01.2016;Число мужчин на 1 января;Сивинский район;6639,00
1;01.01.2016;Число мужчин на 1 января;Соликамский район;9297,00
1;01.01.2016;Число мужчин на 1 января;Суксунский район;9307,00
1;01.01.2016;Число мужчин на 1 января;Уинский район;5133,00
1;01.01.2016;Число мужчин на 1 января;Усольский район;6877,00
1;01.01.2016;Число мужчин на 1 января;Частинский район;6300,00
1;01.01.2016;Число мужчин на 1 января;Чердынский район;12108,00
1;01.01.2016;Число мужчин на 1 января;Чернушинский район;24321,00
1;01.01.2016;Число мужчин на 1 января;Чусовской район;33081,00
1;01.01.2016;Число мужчин на 1 января;г. Пермь;459818,00
1;01.01.2016;Число мужчин на 1 января;Александровский район;13299,00
1;01.01.2016;Число мужчин на 1 января;г. Березники;65112,00
1;01.01.2016;Число мужчин на 1 января;Гремячинский район;5089,00
1;01.01.2016;Число мужчин на 1 января;Губахинский район;17593,00
1;01.01.2016;Число мужчин на 1 января;Добрянский район;26086,00
1;01.01.2016;Число мужчин на 1 января;Кизеловский район;9471,00
1;01.01.2016;Число мужчин на 1 января;Краснокамский район;33683,00
1;01.01.2016;Число мужчин на 1 января;г. Кунгур;30348,00
1;01.01.2016;Число мужчин на 1 января;Лысьвенский район;33520,00
1;01.01.2016;Число мужчин на 1 января;г. Соликамск;45494,00
1;01.01.2016;Число мужчин на 1 января;Чайковский район;47860,00
