2008,A320-214,05/26/1999,AIRBUS INDUSTRIE,105,0,53.18333333333333,40828.9558
2008,737-3TO,07/01/1997,BOEING,1711,0,19.533333333333335,13119.33968
2008,747-422,01/26/1998,BOEING,40,0,4.283333333333333,3809.30778
2008,747-451,10/15/2007,BOEING,145,0,11.966666666666667,7497.91506
2008,747-422,08/24/1998,BOEING,145,0,6.833333333333333,4527.07342
2008,A320-214,09/03/1999,AIRBUS INDUSTRIE,136,0,44.2,34035.93166
2008,A320-214,09/10/1999,AIRBUS INDUSTRIE,136,0,47.11666666666667,34793.9308
2008,A320-214,01/18/2000,AIRBUS INDUSTRIE,136,0,24.683333333333334,18634.54786
2008,A320-214,01/24/2000,AIRBUS INDUSTRIE,4,0,7.466666666666667,5851.56024
2008,737-524,07/20/1994,BOEING,621,0,9.0,5354.27418
2008,737-524,08/29/1997,BOEING,621,0,14.033333333333333,9932.84648
2008,737-524,12/31/1997,BOEING,1211,0,6.35,4757.20904
2008,737-524,02/22/2008,BOEING,1654,0,25.75,19831.896819999998
2008,747-422,12/29/1998,BOEING,62,0,9.183333333333334,7718.3946399999995
2008,747-422,02/01/1999,BOEING,145,0,17.383333333333333,12913.34416
2008,747-422,03/31/1999,BOEING,1065,0,2.2333333333333334,1556.23178
2008,767-332,04/13/1998,BOEING,1982,1,19.3,13494.3159
2008,767-332,04/22/1998,BOEING,127,1,12.8,8207.634
2008,747-422,04/13/1999,BOEING,145,0,6.166666666666667,4527.07342
2008,757-224,12/07/1994,BOEING,1637,0,43.0,29531.389
2008,757-224,03/29/1996,BOEING,157,0,5.966666666666667,4127.9571
2008,757-224,02/02/1998,BOEING,1637,0,36.8,26019.809119999998
2008,767-332,06/09/1987,BOEING,2159,0,60.63333333333333,41710.87412
2008,65-A90,04/02/1987,BEECH,48,1,97.01,26576.39752
2008,737-301,05/08/1998,BOEING,60,0,81.01,20014.90683
2008,737-301,05/22/1998,BOEING,52,0,81.0,20854.65839
2008,737-317,02/16/1995,BOEING,48,0,70.0,17722.98137
2008,737-317,04/26/1993,BOEING,66,0,84.0,20231.05590
2008,737-317,05/14/2007,BOEING,56,0,84.0,20473.29193
2008,737-317,10/21/1993,BOEING,56,0,72.0,17803.72671
2008,737-3A4,01/14/1986,BOEING,52,0,81.0,20765.21739
2008,737-3A4,02/03/2001,BOEING,66,0,82.0,19839.75155
2008,737-3A4,02/28/2005,BOEING,66,0,88.0,21889.44099
2008,737-3A4,05/21/2001,BOEING,70,0,101.0,25393.78882
2008,737-3A4,05/26/1994,BOEING,54,0,77.0,19580.12422
2008,737-3A4,05/28/1993,BOEING,68,0,92.01,23058.38509
2008,737-3A4,07/15/1998,BOEING,62,0,81.0,20382.60870
2008,737-3A4,10/26/2006,BOEING,44,0,63.0,16104.34783
2008,737-3A4,12/08/2005,BOEING,54,0,77.0,19576.39752
2008,737-3G7,06/06/2001,BOEING,56,0,71.0,17111.80124
2008,737-3G7,11/29/2006,BOEING,68,0,86.0,20978.88199
2008,737-3G7,12/04/2006,BOEING,58,0,73.0,18062.11180
2008,737-3H4,01/05/1996,BOEING,58,0,87.0,21588.81988
2008,737-3H4,01/06/1997,BOEING,62,0,73.0,17751.55280
2008,737-3H4,01/10/1985,BOEING,128,0,168.0,43109.31677
2008,737-3H4,01/13/1986,BOEING,64,0,87.0,21722.98137
2008,737-3H4,01/18/2008,BOEING,52,0,78.0,19998.75776
2008,737-3H4,02/10/1994,BOEING,66,0,77.0,18997.51553
2008,737-3H4,02/11/1997,BOEING,58,0,74.0,18648.44720
2008,737-3H4,02/13/1997,BOEING,58,0,82.0,20766.45963
2008,737-3H4,02/14/2005,BOEING,40,0,47.0,11416.14907
2008,737-3H4,02/19/1997,BOEING,62,0,76.0,18874.53416
2008,737-3H4,02/25/1997,BOEING,50,0,74.0,18510.55901
2008,737-3H4,03/02/2000,BOEING,48,0,77.0,20130.43478
2008,737-3H4,03/21/1986,BOEING,58,0,73.0,18346.58385
2008,737-3H4,03/22/2004,BOEING,190,0,233.0,56880.74534
2008,737-3H4,03/24/1986,BOEING,56,0,75.0,18995.03106
2008,737-3H4,03/27/1986,BOEING,56,0,68.0,16719.25466
2008,737-3H4,04/04/1994,BOEING,96,0,131.0,33370.18634
2008,737-3H4,04/13/1988,BOEING,62,0,80.0,19864.59627
2008,737-3H4,04/20/1992,BOEING,114,0,154.0,38534.16149
2008,737-3H4,04/25/1988,BOEING,54,0,67.0,16537.88820
2008,737-3H4,04/30/1999,BOEING,68,0,91.0,22407.45342
2008,737-3H4,05/01/1999,BOEING,54,0,71.01,18086.95652
2008,737-3H4,05/03/1999,BOEING,116,0,148.0,37279.50311
2008,737-3H4,05/12/1997,BOEING,52,0,66.0,16475.77640
2008,737-3H4,05/13/1993,BOEING,52,0,78.0,18777.63975
2008,737-3H4,05/13/2004,BOEING,1064,0,1470.0,367219.87578
2008,737-3H4,05/14/2003,BOEING,54,0,82.0,21321.73913
2008,737-3H4,05/16/1996,BOEING,44,0,68.0,17319.25466
2008,737-3H4,05/17/1993,BOEING,52,0,80.0,20173.91304
2008,737-3H4,05/19/2004,BOEING,234,0,285.0,69560.24845
2008,737-3H4,05/20/1993,BOEING,34,0,52.0,13878.26087
2008,737-3H4,05/20/2004,BOEING,256,0,318.0,76572.67081
2008,737-3H4,05/26/1988,BOEING,58,0,89.0,22354.03727
2008,737-3H4,06/02/1997,BOEING,48,0,82.0,21550.31056
2008,737-3H4,06/05/1997,BOEING,50,0,68.0,17350.31056
2008,737-3H4,06/07/1989,BOEING,62,0,77.0,18322.98137
2008,737-3H4,06/07/1993,BOEING,62,0,90.0,21329.19255
2008,737-3H4,06/10/1992,BOEING,56,0,56.0,13363.97516
2008,737-3H4,06/11/1992,BOEING,58,0,80.0,19626.08696
2008,737-3H4,06/13/1989,BOEING,52,0,63.01,16755.27950
2008,737-3H4,06/16/1988,BOEING,56,0,75.0,18891.92547
2008,737-3H4,06/18/1988,BOEING,120,0,155.0,37483.22981
2008,737-3H4,06/27/2005,BOEING,78,0,109.0,27375.15528
2008,737-3H4,07/16/1996,BOEING,56,0,71.01,17397.51553
2008,737-3H4,07/17/1996,BOEING,108,0,156.0,38740.37267
2008,737-3H4,07/18/1996,BOEING,110,0,157.0,40105.59006
2008,737-3H4,07/19/2004,BOEING,54,0,80.0,20294.40994
2008,737-3H4,07/20/1989,BOEING,46,0,64.0,16915.52795
2008,737-3H4,07/24/1996,BOEING,68,0,86.0,21032.29814
2008,737-3H4,07/31/1996,BOEING,48,0,71.0,18142.85714
2008,737-3H4,08/03/1991,BOEING,44,0,75.01,19341.61491
2008,737-3H4,08/05/1993,BOEING,54,0,81.01,20726.70807
2008,737-3H4,08/12/1991,BOEING,28,0,38.01,9244.72050
2008,737-3H4,08/16/1991,BOEING,44,0,63.0,16090.68323
2008,737-3H4,08/22/1989,BOEING,66,0,80.0,19267.08075
2008,737-3H4,08/23/1993,BOEING,56,0,76.01,18870.80745
2008,737-3H4,08/23/1997,BOEING,110,0,148.0,36736.64596
2008,737-3H4,08/29/1995,BOEING,56,0,78.0,20204.96894
2008,737-3H4,08/31/1995,BOEING,52,0,70.0,17598.75776
2008,737-3H4,09/04/1997,BOEING,64,0,97.0,24947.82609
2008,737-3H4,09/05/1996,BOEING,64,0,69.0,16060.86957
2008,737-3H4,09/06/1997,BOEING,54,0,70.0,17171.42857
2008,737-3H4,09/07/1995,BOEING,58,0,68.01,16696.89441
2008,737-3H4,09/09/1994,BOEING,52,0,79.0,20572.67081
2008,737-3H4,09/10/1993,BOEING,66,0,90.0,22315.52795
2008,737-3H4,09/10/1996,BOEING,56,0,77.0,19462.11180
2008,737-3H4,09/14/1985,BOEING,52,0,62.0,14694.40994
2008,737-3H4,09/15/1995,BOEING,64,0,86.0,21242.23602
2008,737-3H4,09/18/1985,BOEING,52,0,71.0,17679.50311
2008,737-3H4,09/26/1998,BOEING,112,0,156.0,37987.57764
2008,737-3H4,09/29/1995,BOEING,66,0,84.0,21515.52795
2008,737-3H4,10/03/1996,BOEING,56,0,72.01,18373.91304
2008,737-3H4,10/04/1996,BOEING,54,0,70.0,16987.57764
2008,737-3H4,10/07/1994,BOEING,64,0,82.0,20136.64596
2008,737-3H4,10/10/1997,BOEING,120,0,157.0,38838.50932
2008,737-3H4,10/11/1985,BOEING,70,0,85.01,20824.84472
2008,737-3H4,10/14/2004,BOEING,56,0,82.0,20672.04969
2008,737-3H4,10/20/1994,BOEING,58,0,76.0,18672.04969
2008,737-3H4,10/20/1995,BOEING,54,0,58.01,13848.44720
2008,737-3H4,10/20/1997,BOEING,60,0,86.0,21926.70807
2008,737-3H4,10/22/1996,BOEING,188,0,231.0,57063.35404
2008,737-3H4,10/23/1996,BOEING,54,0,62.0,15580.12422
2008,737-3H4,10/26/2004,BOEING,60,0,82.0,19793.78882
2008,737-3H4,10/30/1997,BOEING,62,0,79.0,20770.18634
2008,737-3H4,10/31/1997,BOEING,50,0,66.0,16742.85714
2008,737-3H4,11/01/1995,BOEING,64,0,72.0,17201.24224
2008,737-3H4,11/02/1995,BOEING,56,0,72.0,18490.68323
2008,737-3H4,11/05/1996,BOEING,68,0,85.0,20795.03106
2008,737-3H4,11/09/1995,BOEING,66,0,87.0,21022.36025
2008,737-3H4,11/12/1991,BOEING,54,0,71.0,17544.09938
2008,737-3H4,11/13/1996,BOEING,64,0,80.0,20160.24845
2008,737-3H4,11/17/1995,BOEING,60,0,76.0,18711.80124
2008,737-3H4,11/28/1990,BOEING,48,0,65.0,16570.18634
2008,737-3H4,12/03/1990,BOEING,40,0,69.0,17795.03106
2008,737-3H4,12/03/1997,BOEING,56,0,74.01,18100.62112
2008,737-3H4,12/07/1994,BOEING,54,0,68.0,16515.52795
2008,737-3H4,12/13/1995,BOEING,52,0,75.0,19397.51553
2008,737-3H4,12/19/1995,BOEING,60,0,83.0,20826.08696
2008,737-3K2,06/13/2002,BOEING,68,0,96.0,23614.90683
2008,737-3K2,08/07/2003,BOEING,56,0,71.0,17149.06832
2008,737-3L9,04/17/1998,BOEING,72,0,93.0,23072.04969
2008,737-3Q8,01/19/2005,BOEING,60,0,81.0,20913.04348
2008,737-3Q8,01/27/2005,BOEING,46,0,61.0,15412.42236
2008,737-3Q8,01/30/1997,BOEING,50,0,59.0,14243.47826
2008,737-3Q8,03/09/1996,BOEING,46,0,69.0,17244.72050
2008,737-3Q8,03/11/1997,BOEING,58,0,73.0,17850.93168
2008,737-3Q8,05/03/2002,BOEING,62,0,66.0,15924.22360
2008,737-3Q8,08/10/1996,BOEING,62,0,77.0,18739.13043
2008,737-3Q8,10/12/2000,BOEING,52,0,77.01,19827.32919
2008,737-3T5,03/11/1997,BOEING,124,0,156.0,38842.23602
2008,737-3T5,12/08/2005,BOEING,38,0,53.0,13274.53416
2008,737-3TO,11/05/1992,BOEING,64,0,83.0,21004.96894
2008,737-3Y0,01/05/1995,BOEING,46,0,69.0,17725.46584
2008,737-3Y0,01/18/1995,BOEING,66,0,77.0,18708.07453
2008,737-3Y0,02/21/1995,BOEING,58,0,83.0,21081.98758
2008,737-3Y0,03/30/1999,BOEING,54,0,65.0,15433.54037
2008,737-3Y0,12/23/1991,BOEING,44,0,55.0,13450.93168
2008,737-5H4,02/10/1992,BOEING,64,0,69.0,16713.04348
2008,737-5H4,02/11/1992,BOEING,68,0,63.0,14608.69565
2008,737-5H4,03/30/2000,BOEING,52,0,60.0,14667.08075
2008,737-5H4,05/13/2004,BOEING,86,0,70.0,15567.70186
2008,737-5H4,05/14/1990,BOEING,120,0,103.0,23677.01863
2008,737-5H4,05/17/2004,BOEING,246,0,272.0,66004.96894
2008,737-5H4,05/19/2004,BOEING,56,0,76.0,19008.69565
2008,737-5H4,06/05/1992,BOEING,64,0,63.01,14691.92547
2008,737-5H4,06/11/1991,BOEING,66,0,68.01,16293.16770
2008,737-5H4,06/12/1992,BOEING,72,0,69.0,16001.24224
2008,737-5H4,06/19/1992,BOEING,74,0,66.0,15573.91304
2008,737-5H4,06/21/1991,BOEING,70,0,81.0,19725.46584
2008,737-5H4,06/22/2004,BOEING,118,0,141.0,34531.67702
2008,737-5H4,09/18/1990,BOEING,58,0,61.0,14397.51553
2008,737-5H4,10/08/1991,BOEING,78,0,80.0,19222.36025
2008,737-5H4,10/28/1991,BOEING,76,0,76.0,17560.24845
2008,737-5H4,11/06/1991,BOEING,66,0,73.01,17491.92547
2008,737-705,08/24/2006,BOEING,58,0,87.0,22700.62112
2008,737-76Q,04/13/2007,BOEING,42,0,100.0,28310.55901
2008,737-76Q,05/02/2007,BOEING,46,0,91.0,24518.01242
2008,737-7AD,05/03/2000,BOEING,48,0,79.0,20596.27329
2008,737-7H4,01/02/2001,BOEING,52,0,74.0,18719.25466
2008,737-7H4,01/03/2005,BOEING,42,0,95.0,26017.39130
2008,737-7H4,01/05/2006,BOEING,90,0,158.0,42049.68944
2008,737-7H4,01/06/2000,BOEING,50,0,88.01,23033.54037
2008,737-7H4,01/08/2007,BOEING,44,0,79.0,20562.73292
2008,737-7H4,01/10/2001,BOEING,38,0,74.0,20351.55280
2008,737-7H4,01/10/2006,BOEING,50,0,103.0,28098.13665
2008,737-7H4,01/10/2008,BOEING,50,0,90.01,23941.61491
2008,737-7H4,01/12/2001,BOEING,94,0,160.0,41484.47205
2008,737-7H4,01/12/2004,BOEING,58,0,82.0,20913.04348
2008,737-7H4,01/12/2005,BOEING,44,0,75.0,19921.73913
2008,737-7H4,01/18/2001,BOEING,50,0,94.0,25183.85093
2008,737-7H4,01/22/2004,BOEING,54,0,83.01,21703.10559
2008,737-7H4,01/23/2004,BOEING,48,0,76.0,20354.03727
2008,737-7H4,01/24/2005,BOEING,48,0,99.0,26674.53416
2008,737-7H4,01/26/1999,BOEING,50,0,82.0,21550.31056
2008,737-7H4,01/27/1999,BOEING,114,0,188.0,49627.32919
2008,737-7H4,01/28/2002,BOEING,48,0,71.0,18822.36025
2008,737-7H4,01/30/2001,BOEING,54,0,85.0,22971.42857
2008,737-7H4,01/31/2000,BOEING,40,0,92.0,25101.86335
2008,737-7H4,01/31/2003,BOEING,110,0,170.0,43828.57143
2008,737-7H4,01/31/2007,BOEING,82,0,138.0,39191.30435
2008,737-7H4,02/01/2001,BOEING,62,0,95.0,23814.90683
2008,737-7H4,02/03/2004,BOEING,56,0,90.0,23940.37267
2008,737-7H4,02/04/2005,BOEING,98,0,171.0,44290.68323
2008,737-7H4,02/10/1999,BOEING,48,0,86.01,22827.32919
2008,737-7H4,02/11/2005,BOEING,48,0,66.01,17202.48447
2008,737-7H4,02/15/2002,BOEING,58,0,94.0,24091.92547
2008,737-7H4,02/15/2005,BOEING,62,0,95.0,24612.42236
2008,737-7H4,02/16/1999,BOEING,44,0,84.0,22617.39130
2008,737-7H4,02/17/2005,BOEING,48,0,85.0,23422.36025
2008,737-7H4,02/17/2006,BOEING,54,0,93.0,24089.44099
2008,737-7H4,02/19/2004,BOEING,50,0,75.0,19706.83230
2008,737-7H4,02/22/2007,BOEING,40,0,75.0,20234.78261
2008,737-7H4,02/24/1998,BOEING,52,0,74.0,18424.84472
2008,737-7H4,02/26/2001,BOEING,52,0,82.0,22440.99379
2008,737-7H4,02/28/2007,BOEING,58,0,85.0,22009.93789
2008,737-7H4,03/03/2005,BOEING,44,0,84.0,23795.03106
2008,737-7H4,03/04/2002,BOEING,52,0,79.01,20421.11801
2008,737-7H4,03/05/2002,BOEING,48,0,79.01,21043.47826
2008,737-7H4,03/05/2003,BOEING,52,0,92.0,23714.28571
2008,737-7H4,03/09/1998,BOEING,46,0,86.0,23166.45963
2008,737-7H4,03/09/2005,BOEING,46,0,81.0,21499.37888
2008,737-7H4,03/10/2005,BOEING,52,0,102.0,27648.44720
2008,737-7H4,03/12/1998,BOEING,54,0,86.0,21685.71429
2008,737-7H4,03/12/2007,BOEING,42,0,67.0,16729.19255
2008,737-7H4,03/18/2005,BOEING,48,0,86.0,22019.87578
2008,737-7H4,03/21/2006,BOEING,48,0,88.0,23822.36025
2008,737-7H4,03/22/1999,BOEING,54,0,89.0,23844.72050
2008,737-7H4,03/22/2002,BOEING,106,0,163.0,41720.49689
2008,737-7H4,03/23/1999,BOEING,46,0,84.0,22950.31056
2008,737-7H4,03/23/2001,BOEING,60,0,94.0,24857.14286
2008,737-7H4,03/23/2005,BOEING,36,0,74.0,20014.90683
2008,737-7H4,03/24/2006,BOEING,52,0,91.01,24191.30435
2008,737-7H4,03/26/2004,BOEING,48,0,91.01,25104.34783
2008,737-7H4,03/28/2007,BOEING,50,0,71.0,18090.68323
2008,737-7H4,03/30/1999,BOEING,48,0,67.0,17570.18634
2008,737-7H4,03/30/2007,BOEING,60,0,78.0,19626.08696
2008,737-7H4,03/31/1999,BOEING,56,0,77.0,22110.55901
2008,737-7H4,04/07/2005,BOEING,60,0,81.0,19980.12422
2008,737-7H4,04/07/2006,BOEING,48,0,86.0,22865.83851
2008,737-7H4,04/09/2004,BOEING,34,0,82.0,22541.61491
2008,737-7H4,04/09/2007,BOEING,50,0,81.0,20708.07453
2008,737-7H4,04/11/2001,BOEING,46,0,93.0,24570.18634
2008,737-7H4,04/12/2007,BOEING,54,0,84.01,22568.94410
2008,737-7H4,04/13/2005,BOEING,102,0,187.0,50550.31056
2008,737-7H4,04/19/2006,BOEING,48,0,83.0,22376.39752
2008,737-7H4,04/25/2000,BOEING,92,0,161.0,42108.07453
2008,737-7H4,04/26/2002,BOEING,202,0,346.0,91560.24845
2008,737-7H4,04/27/1999,BOEING,54,0,77.0,19375.15528
2008,737-7H4,04/27/2005,BOEING,44,0,70.0,18949.06832
2008,737-7H4,04/28/1998,BOEING,52,0,83.0,21198.75776
2008,737-7H4,04/29/1998,BOEING,44,0,73.0,19911.80124
2008,737-7H4,04/29/2003,BOEING,68,0,111.0,29105.59006
2008,737-7H4,04/30/2001,BOEING,46,0,89.0,23868.32298
2008,737-7H4,04/30/2007,BOEING,46,0,86.0,23259.62733
2008,737-7H4,05/01/1999,BOEING,62,0,78.01,19650.93168
2008,737-7H4,05/01/2001,BOEING,60,0,111.0,29342.85714
2008,737-7H4,05/01/2006,BOEING,42,0,71.0,18479.50311
2008,737-7H4,05/02/2001,BOEING,50,0,81.0,21479.50311
2008,737-7H4,05/03/2004,BOEING,50,0,84.0,22431.05590
2008,737-7H4,05/04/1998,BOEING,52,0,69.0,17416.14907
2008,737-7H4,05/05/2001,BOEING,52,0,81.01,21424.84472
2008,737-7H4,05/05/2003,BOEING,56,0,87.0,22370.18634
2008,737-7H4,05/05/2004,BOEING,44,0,89.0,23797.51553
2008,737-7H4,05/05/2005,BOEING,64,0,93.0,24361.49068
2008,737-7H4,05/06/2004,BOEING,64,0,96.0,25542.85714
2008,737-7H4,05/07/2007,BOEING,54,0,107.0,29263.35404
2008,737-7H4,05/10/2002,BOEING,104,0,170.01,45038.50932
2008,737-7H4,05/10/2005,BOEING,52,0,87.0,23447.20497
2008,737-7H4,05/11/2004,BOEING,60,0,87.0,22135.40373
2008,737-7H4,05/11/2007,BOEING,44,0,83.0,22203.72671
2008,737-7H4,05/12/2004,BOEING,48,0,78.0,20711.80124
2008,737-7H4,05/12/2006,BOEING,52,0,87.0,22565.21739
2008,737-7H4,05/17/2001,BOEING,64,0,95.0,24454.65839
2008,737-7H4,05/18/2000,BOEING,38,0,88.0,23704.34783
2008,737-7H4,05/23/2007,BOEING,42,0,85.0,22555.27950
2008,737-7H4,05/24/2000,BOEING,106,0,193.0,50840.99379
2008,737-7H4,05/25/2004,BOEING,42,0,63.01,16421.11801
2008,737-7H4,05/27/2005,BOEING,46,0,76.0,19981.36646
2008,737-7H4,05/31/2006,BOEING,48,0,75.01,19704.34783
2008,737-7H4,06/05/2006,BOEING,44,0,83.0,22178.88199
2008,737-7H4,06/07/2002,BOEING,50,0,83.0,21616.14907
2008,737-7H4,06/07/2007,BOEING,44,0,77.0,20024.84472
2008,737-7H4,06/08/2004,BOEING,50,0,78.0,19915.52795
2008,737-7H4,06/09/2004,BOEING,58,0,85.01,24095.65217
2008,737-7H4,06/11/2003,BOEING,52,0,85.0,22118.01242
2008,737-7H4,06/13/2000,BOEING,40,0,82.0,22450.93168
2008,737-7H4,06/13/2005,BOEING,62,0,93.0,23987.57764
2008,737-7H4,06/19/2007,BOEING,42,0,70.0,18447.20497
2008,737-7H4,06/20/2005,BOEING,50,0,80.0,20111.80124
2008,737-7H4,06/21/1999,BOEING,106,0,169.0,45024.84472
2008,737-7H4,06/21/2004,BOEING,64,0,92.0,23468.32298
2008,737-7H4,06/21/2007,BOEING,54,0,95.0,24678.26087
2008,737-7H4,06/22/2005,BOEING,54,0,86.0,22151.55280
2008,737-7H4,06/23/1999,BOEING,50,0,87.0,23467.08075
2008,737-7H4,06/23/2000,BOEING,36,0,74.0,19329.19255
2008,737-7H4,06/24/1999,BOEING,42,0,90.0,24222.36025
2008,737-7H4,06/26/2007,BOEING,58,0,86.01,21929.19255
2008,737-7H4,06/27/2006,BOEING,54,0,87.0,21747.82609
2008,737-7H4,06/29/2001,BOEING,46,0,74.0,19411.18012
2008,737-7H4,07/01/2004,BOEING,58,0,95.0,24670.80745
2008,737-7H4,07/06/2006,BOEING,44,0,81.0,21645.96273
2008,737-7H4,07/08/1998,BOEING,89,0,146.01,38231.05590
2008,737-7H4,07/10/2003,BOEING,52,0,91.0,24363.97516
2008,737-7H4,07/11/1998,BOEING,58,0,85.0,22238.50932
2008,737-7H4,07/11/2006,BOEING,50,0,73.0,20325.46584
2008,737-7H4,07/11/2007,BOEING,46,0,80.0,21011.18012
2008,737-7H4,07/13/2005,BOEING,38,0,80.0,21716.77019
2008,737-7H4,07/15/2004,BOEING,54,0,85.0,21679.50311
2008,737-7H4,07/17/2006,BOEING,60,0,103.0,27305.59006
2008,737-7H4,07/20/2004,BOEING,48,0,90.0,23640.99379
2008,737-7H4,07/20/2005,BOEING,102,0,179.0,47351.55280
2008,737-7H4,07/21/2000,BOEING,52,0,76.0,19914.28571
2008,737-7H4,07/21/2004,BOEING,52,0,74.0,22032.29814
2008,737-7H4,07/21/2005,BOEING,40,0,80.0,21551.55280
2008,737-7H4,07/23/2004,BOEING,104,0,190.0,50176.39752
2008,737-7H4,07/24/2007,BOEING,50,0,60.01,14248.44720
2008,737-7H4,07/26/2001,BOEING,46,0,73.0,18905.59006
2008,737-7H4,07/27/1999,BOEING,48,0,94.0,24640.99379
2008,737-7H4,07/27/2001,BOEING,56,0,88.0,22418.63354
2008,737-7H4,07/27/2006,BOEING,56,0,90.0,23382.60870
2008,737-7H4,07/29/2004,BOEING,96,0,175.0,47429.81366
2008,737-7H4,07/31/1999,BOEING,46,0,88.0,23891.92547
2008,737-7H4,07/31/2006,BOEING,48,0,78.0,20359.00621
2008,737-7H4,08/01/1998,BOEING,48,0,78.0,20518.01242
2008,737-7H4,08/02/2000,BOEING,110,0,150.0,38819.87578
2008,737-7H4,08/02/2002,BOEING,56,0,82.0,21280.74534
2008,737-7H4,08/03/2006,BOEING,48,0,79.0,21679.50311
2008,737-7H4,08/04/2000,BOEING,58,0,81.0,20760.24845
2008,737-7H4,08/04/2004,BOEING,50,0,77.0,19668.32298
2008,737-7H4,08/07/1998,BOEING,50,0,79.0,20201.24224
2008,737-7H4,08/07/2000,BOEING,48,0,83.0,21546.58385
2008,737-7H4,08/08/2006,BOEING,56,0,101.0,27455.90062
2008,737-7H4,08/09/2005,BOEING,42,0,87.01,23727.95031
2008,737-7H4,08/11/1999,BOEING,58,0,99.0,26206.21118
2008,737-7H4,08/13/1999,BOEING,50,0,80.0,21340.37267
2008,737-7H4,08/13/2007,BOEING,60,0,98.01,25504.34783
2008,737-7H4,08/14/1998,BOEING,38,0,101.0,28347.82609
2008,737-7H4,08/14/2000,BOEING,42,0,78.0,20464.59627
2008,737-7H4,08/15/2006,BOEING,32,0,67.0,17777.63975
2008,737-7H4,08/16/1999,BOEING,40,0,69.0,18874.53416
2008,737-7H4,08/16/2004,BOEING,108,0,166.0,43298.13665
2008,737-7H4,08/16/2007,BOEING,62,0,87.0,21785.09317
2008,737-7H4,08/17/1999,BOEING,54,0,71.01,17490.68323
2008,737-7H4,08/17/2006,BOEING,64,0,94.0,24004.96894
2008,737-7H4,08/19/2002,BOEING,52,0,77.0,22715.52795
2008,737-7H4,08/19/2004,BOEING,56,0,98.0,25683.22981
2008,737-7H4,08/22/2000,BOEING,54,0,78.0,20320.49689
2008,737-7H4,08/23/2000,BOEING,54,0,80.01,20883.22981
2008,737-7H4,08/24/2004,BOEING,52,0,88.0,23678.26087
2008,737-7H4,08/25/2000,BOEING,50,0,79.0,19888.19876
2008,737-7H4,08/25/2007,BOEING,100,0,191.0,50534.16149
2008,737-7H4,08/27/2001,BOEING,46,0,92.01,24332.91925
2008,737-7H4,08/27/2003,BOEING,44,0,77.0,20703.10559
2008,737-7H4,08/27/2004,BOEING,48,0,92.01,24747.82609
2008,737-7H4,08/28/2000,BOEING,60,0,84.0,21834.78261
2008,737-7H4,08/28/2007,BOEING,54,0,67.0,16027.32919
2008,737-7H4,08/29/1998,BOEING,48,0,87.0,23208.69565
2008,737-7H4,08/29/2000,BOEING,50,0,95.01,25481.98758
2008,737-7H4,08/30/2006,BOEING,100,0,172.0,44786.33540
2008,737-7H4,09/01/1999,BOEING,44,0,85.0,22545.34161
2008,737-7H4,09/01/2004,BOEING,58,0,87.0,22086.95652
2008,737-7H4,09/03/1999,BOEING,44,0,73.0,19233.54037
2008,737-7H4,09/03/2003,BOEING,32,0,70.0,18848.44720
2008,737-7H4,09/04/2002,BOEING,50,0,74.01,19457.14286
2008,737-7H4,09/05/2000,BOEING,44,0,77.0,19607.45342
2008,737-7H4,09/05/2007,BOEING,56,0,87.0,22688.19876
2008,737-7H4,09/06/2007,BOEING,44,0,63.0,16145.34161
2008,737-7H4,09/07/2006,BOEING,42,0,73.0,22526.70807
2008,737-7H4,09/09/2004,BOEING,50,0,84.0,22781.36646
2008,737-7H4,09/10/1998,BOEING,52,0,88.0,23796.27329
2008,737-7H4,09/13/2004,BOEING,50,0,98.01,26126.70807
2008,737-7H4,09/13/2006,BOEING,94,0,161.0,42557.76398
2008,737-7H4,09/14/2005,BOEING,48,0,92.0,24504.34783
2008,737-7H4,09/15/2003,BOEING,44,0,77.0,20083.22981
2008,737-7H4,09/17/2007,BOEING,50,0,100.0,25819.87578
2008,737-7H4,09/18/1998,BOEING,22,0,26.0,6845.96273
2008,737-7H4,09/18/2002,BOEING,48,0,81.0,21437.26708
2008,737-7H4,09/20/1999,BOEING,40,0,82.0,22443.47826
2008,737-7H4,09/20/2000,BOEING,50,0,96.0,25684.47205
2008,737-7H4,09/21/2004,BOEING,44,0,87.0,23367.70186
2008,737-7H4,09/22/2000,BOEING,42,0,65.0,16472.04969
2008,737-7H4,09/22/2003,BOEING,58,0,77.0,19736.64596
2008,737-7H4,09/24/1999,BOEING,48,0,74.01,19390.06211
2008,737-7H4,09/24/2003,BOEING,52,0,101.0,27976.39752
2008,737-7H4,09/26/2003,BOEING,50,0,87.0,23559.00621
2008,737-7H4,09/26/2006,BOEING,44,0,76.0,20460.86957
2008,737-7H4,09/27/1999,BOEING,60,0,94.0,24050.93168
2008,737-7H4,09/27/2005,BOEING,56,0,94.0,25126.70807
2008,737-7H4,09/27/2006,BOEING,56,0,97.0,25455.90062
2008,737-7H4,09/27/2007,BOEING,48,0,99.0,27600.00000
2008,737-7H4,09/28/2004,BOEING,44,0,91.0,25006.21118
2008,737-7H4,09/29/1999,BOEING,62,0,88.01,22433.54037
2008,737-7H4,10/03/2007,BOEING,54,0,95.0,26426.08696
2008,737-7H4,10/04/2004,BOEING,48,0,75.0,19300.62112
2008,737-7H4,10/08/2002,BOEING,52,0,98.0,26986.33540
2008,737-7H4,10/09/2001,BOEING,50,0,82.0,22145.34161
2008,737-7H4,10/12/2004,BOEING,100,0,162.0,42454.65839
2008,737-7H4,10/13/2006,BOEING,50,0,88.0,23045.96273
2008,737-7H4,10/15/2007,BOEING,48,0,89.0,23341.61491
2008,737-7H4,10/18/2000,BOEING,56,0,97.0,26224.84472
2008,737-7H4,10/18/2004,BOEING,52,0,81.0,21011.18012
2008,737-7H4,10/19/2004,BOEING,60,0,101.0,26362.73292
2008,737-7H4,10/20/1999,BOEING,44,0,95.0,25703.10559
2008,737-7H4,10/24/2006,BOEING,46,0,71.0,18550.31056
2008,737-7H4,10/25/1999,BOEING,48,0,91.0,24381.36646
2008,737-7H4,10/25/2000,BOEING,44,0,73.0,19327.95031
2008,737-7H4,10/25/2006,BOEING,50,0,75.0,19028.57143
2008,737-7H4,10/26/2000,BOEING,46,0,84.0,21781.36646
2008,737-7H4,10/28/2003,BOEING,44,0,91.0,25273.29193
2008,737-7H4,10/29/2004,BOEING,48,0,68.0,17459.62733
2008,737-7H4,11/01/2004,BOEING,52,0,85.0,21530.43478
2008,737-7H4,11/03/2003,BOEING,40,0,76.0,20223.60248
2008,737-7H4,11/04/2003,BOEING,48,0,90.0,24152.79503
2008,737-7H4,11/04/2004,BOEING,56,0,85.01,22821.11801
2008,737-7H4,11/05/2004,BOEING,42,0,61.0,15916.77019
2008,737-7H4,11/09/1998,BOEING,48,0,75.0,18878.26087
2008,737-7H4,11/13/2002,BOEING,48,0,75.0,19382.60870
2008,737-7H4,11/14/2007,BOEING,50,0,88.0,23911.80124
2008,737-7H4,11/15/2006,BOEING,46,0,83.0,22891.92547
2008,737-7H4,11/16/2005,BOEING,48,0,82.0,21709.31677
2008,737-7H4,11/17/1999,BOEING,40,0,69.0,18462.11180
2008,737-7H4,11/19/2007,BOEING,56,0,93.0,24991.30435
2008,737-7H4,11/21/2005,BOEING,50,0,75.0,19703.10559
2008,737-7H4,11/21/2007,BOEING,48,0,80.01,21762.73292
2008,737-7H4,11/23/1998,BOEING,52,0,92.0,23828.57143
2008,737-7H4,11/23/2004,BOEING,100,0,172.01,45335.40373
2008,737-7H4,12/01/1999,BOEING,36,0,70.0,18757.76398
2008,737-7H4,12/02/2004,BOEING,54,0,100.01,26604.96894
2008,737-7H4,12/03/1999,BOEING,52,0,82.0,21586.33540
2008,737-7H4,12/04/2007,BOEING,48,0,85.0,22493.16770
2008,737-7H4,12/05/2000,BOEING,54,0,89.0,23212.42236
2008,737-7H4,12/05/2006,BOEING,52,0,69.0,18596.27329
2008,737-7H4,12/06/2000,BOEING,50,0,76.0,19724.22360
2008,737-7H4,12/08/1998,BOEING,54,0,89.0,23406.21118
2008,737-7H4,12/09/1999,BOEING,56,0,86.01,22072.04969
2008,737-7H4,12/12/2007,BOEING,36,0,79.0,21642.23602
2008,737-7H4,12/15/1999,BOEING,56,0,101.0,26672.04969
2008,737-7H4,12/15/2005,BOEING,42,0,82.0,22636.02484
2008,737-7H4,12/18/1999,BOEING,44,0,82.0,22465.83851
2008,737-7H4,12/18/2003,BOEING,58,0,94.0,24623.60248
2008,737-7H4,12/20/2002,BOEING,60,0,99.0,26267.08075
2008,737-7H4,12/21/2007,BOEING,52,0,97.01,25726.70807
2008,737-7H4,12/31/2007,BOEING,46,0,69.0,16963.97516
2008,737-7Q8,07/30/2003,BOEING,48,0,79.0,20806.21118
2008,747-2B5F,07/14/2006,BOEING,52,0,87.0,22884.47205
2008,NA,NA,NA,122,0,160.0,38986.33540
2008,T337G,04/18/2007,CESSNA,50,0,82.0,21124.22360
