1121,11/21/2002,AERO COMMANDER,1539,0,11.95,8511.79926
150,04/14/1992,CESSNA,2235,0,51.53333333333333,34185.60028
172E,06/06/2008,CESSNA,1539,0,8.95,6516.21766
172M,08/13/1993,CESSNA,1493,0,10.5,6995.80098
182P,03/28/1978,CESSNA,432,0,56.38333333333333,38252.40246
206B,04/16/2004,BELL,1593,0,22.433333333333334,16043.51046
210-5(205),06/19/1991,CESSNA,893,0,13.683333333333334,9527.2928
421C,02/12/1996,CESSNA,1929,0,69.35,46538.89412
421C,10/24/2007,CESSNA,761,0,24.383333333333333,16165.8203
550,09/12/2005,CESSNA,851,0,29.316666666666666,19481.060699999998
60,06/19/1997,BEECH,761,0,14.6,10288.51062
65-A90,10/28/2004,BEECH,1565,0,43.03333333333333,35904.3754
737-322,01/03/1989,BOEING,2811,0,49.9,32500.6213
737-322,01/04/1989,BOEING,2817,0,61.1,37203.11278
737-322,01/09/1987,BOEING,2811,0,42.61666666666667,25862.0938
737-322,01/13/1989,BOEING,383,0,13.95,9499.93402
737-322,01/14/1988,BOEING,2323,0,31.15,20549.66246
737-322,01/16/1987,BOEING,1289,0,8.616666666666667,6265.16062
737-322,01/20/1988,BOEING,1034,0,28.416666666666668,19650.0414
737-322,01/21/1988,BOEING,2811,0,46.81666666666667,29143.53806
737-322,01/26/1989,BOEING,1034,0,24.2,16658.27834
737-322,02/06/1987,BOEING,2811,0,42.233333333333334,25813.8136
737-322,02/10/1987,BOEING,415,0,31.5,20612.42672
737-322,02/19/1987,BOEING,590,0,9.716666666666667,6966.8328599999995
737-322,03/10/1987,BOEING,2809,0,26.033333333333335,18140.48048
737-322,03/27/1987,BOEING,2070,0,21.583333333333332,14448.65452
737-322,03/29/2006,BOEING,7001,0,309.56666666666666,189158.60492
737-322,04/07/1989,BOEING,2634,0,33.11666666666667,21629.5296
737-322,04/16/1987,BOEING,2815,0,73.15,45064.73868
737-322,04/19/1988,BOEING,1698,0,13.35,9282.67312
737-322,05/07/2004,BOEING,2815,0,120.23333333333333,72116.13474
737-322,05/11/2004,BOEING,1034,0,13.483333333333333,8803.0898
737-322,05/12/1987,BOEING,939,0,33.43333333333333,23203.46412
737-322,05/12/2004,BOEING,2811,0,44.233333333333334,26649.06106
737-322,05/13/2004,BOEING,783,0,7.916666666666667,5025.96882
737-322,05/30/1990,BOEING,5632,0,69.65,41244.165519999995
737-322,06/08/2006,BOEING,1510,0,32.43333333333334,23898.699
737-322,06/21/2004,BOEING,2165,0,33.78333333333333,22839.75328
737-322,06/30/2006,BOEING,2811,0,62.15,38218.60632
737-322,07/14/2004,BOEING,1789,0,48.25,34451.14138
737-322,07/14/2006,BOEING,1822,0,13.45,9290.71982
737-322,07/24/1990,BOEING,5632,0,232.0,137738.58258
737-322,07/27/2006,BOEING,415,0,11.483333333333333,7773.1122
737-322,08/19/2004,BOEING,2817,0,112.01666666666667,68112.09682
737-322,08/29/2007,BOEING,5626,0,273.20000000000005,161815.91832
737-322,09/05/2007,BOEING,2817,0,121.48333333333333,72557.09389999999
737-322,09/06/2007,BOEING,2817,0,108.26666666666667,64582.8142
737-322,09/08/1988,BOEING,1666,0,14.416666666666666,10256.32382
737-322,09/11/2007,BOEING,337,0,20.033333333333335,14744.773079999999
737-322,09/12/2005,BOEING,1034,0,31.733333333333334,21325.36434
737-322,09/28/1989,BOEING,6384,0,263.5833333333333,158655.17456
737-322,10/06/2004,BOEING,2819,0,108.53333333333333,64397.7401
737-322,11/14/1986,BOEING,1925,0,37.71666666666667,25723.69056
737-322,11/24/2004,BOEING,2819,0,133.48333333333332,80499.1868
737-322,11/28/1988,BOEING,1034,0,19.883333333333333,13294.75774
737-322,11/28/2007,BOEING,1034,0,41.2,27963.89184
737-322,11/29/2007,BOEING,939,0,17.933333333333334,12414.44876
737-322,12/01/1988,BOEING,1108,0,11.1,8337.99054
737-322,12/02/1988,BOEING,2310,0,57.766666666666666,39411.12726
737-322,12/21/1989,BOEING,8447,1,243.38333333333333,143268.27482
737-322,12/29/1989,BOEING,2817,1,0.0,0.0
737-33A,07/05/2006,BOEING,2454,3,0.0,0.0
737-33A,07/06/2006,BOEING,7046,7,0.0,0.0
737-3B7,04/12/2005,BOEING,826,0,37.666666666666664,23385.31954
737-3B7,04/15/2005,BOEING,609,0,71.1,44646.31028
737-3B7,04/26/2005,BOEING,1805,0,33.31666666666667,21335.020379999998
737-3B7,06/20/2001,BOEING,2454,5,0.0,0.0
737-3B7,06/27/2006,BOEING,1399,0,73.18333333333334,45500.86982
737-3B7,06/28/2006,BOEING,201,0,38.63333333333333,23166.4493
737-3B7,07/18/2003,BOEING,341,0,39.81666666666667,25200.65506
737-3B7,07/22/2003,BOEING,344,0,24.116666666666667,14582.22974
737-3B7,10/24/2006,BOEING,341,0,40.1,25631.95818
737-3B7,10/27/2006,BOEING,682,0,78.93333333333334,47498.06076
737-3B7,10/31/2006,BOEING,341,0,36.06666666666667,21476.6423
737-3B7,11/03/2006,BOEING,1046,0,68.66666666666667,42705.446240000005
737-3G7,01/23/2002,BOEING,2456,0,147.21666666666667,93528.40344
737-3G7,02/28/2006,BOEING,7366,10,0.0,0.0
737-3G7,06/26/2001,BOEING,2289,2,0.0,0.0
737-3G7,06/27/1997,BOEING,2456,1,0.0,0.0
737-3G7,08/25/1999,BOEING,12124,7,278.91666666666663,180093.1927
737-3G7,09/14/2000,BOEING,2454,0,128.08333333333334,82367.63054
737-3G7,09/28/2005,BOEING,7366,4,141.86666666666667,90282.36466
737-3S3,01/09/1991,BOEING,2458,2,0.0,0.0
737-3S3,11/07/1990,BOEING,2458,2,0.0,0.0
737-3S3,11/21/1990,BOEING,2456,1,0.0,0.0
737-3S3,12/06/1990,BOEING,2528,0,50.3,32878.8162
737-3TO,02/17/2004,BOEING,3422,0,46.85,31102.10484
737-3TO,03/22/2001,BOEING,3691,0,19.6,13145.08912
737-3TO,03/28/2001,BOEING,1683,0,33.483333333333334,23316.11792
737-3TO,04/03/2006,BOEING,1828,0,10.933333333333334,7166.39102
737-3TO,04/04/2006,BOEING,1828,0,14.316666666666666,8989.77324
737-3TO,04/07/2006,BOEING,589,0,13.883333333333333,9330.95332
737-3TO,04/16/2007,BOEING,1863,0,18.916666666666668,12612.39758
737-3TO,04/17/2007,BOEING,9088,0,141.48333333333332,95964.9442
737-3TO,05/05/2004,BOEING,775,0,6.366666666666666,4573.74428
737-3TO,05/21/2008,BOEING,1683,0,10.666666666666666,6577.37258
737-3TO,06/13/2008,BOEING,1828,0,12.85,8852.97934
737-3TO,06/20/2007,BOEING,2698,0,54.233333333333334,35569.63268
737-3TO,06/30/1997,BOEING,1711,0,21.983333333333334,13993.211299999999
737-3TO,07/01/1997,BOEING,3574,0,51.63333333333334,33992.47948
737-3TO,07/16/2004,BOEING,1043,0,2.183333333333333,1351.8456
737-3TO,07/18/2006,BOEING,4135,0,33.6,23008.73398
737-3TO,08/08/1986,BOEING,1828,0,10.266666666666667,6801.07084
737-3TO,09/02/1997,BOEING,3838,0,9.583333333333334,6160.5535199999995
737-3TO,09/02/2004,BOEING,775,0,18.983333333333334,13077.49684
737-3TO,09/15/1987,BOEING,1828,0,17.9,11994.41102
737-3TO,09/24/1985,BOEING,1264,0,5.016666666666667,2824.3917
737-3TO,09/26/1985,BOEING,1863,0,15.15,10362.54026
737-3TO,10/04/2006,BOEING,1683,0,11.05,7089.1427
737-3TO,10/16/1987,BOEING,776,0,4.9,3374.78598
737-3TO,10/18/1985,BOEING,1683,0,12.183333333333334,7995.20112
737-3Y0,12/30/1998,BOEING,2449,4,0.0,0.0
737-401,04/08/2005,BOEING,4922,0,109.11666666666667,66829.45284
737-401,04/12/2005,BOEING,2856,0,52.93333333333334,31296.83498
737-401,04/14/2005,BOEING,1142,0,37.95,24597.15256
737-401,07/14/2003,BOEING,1429,0,30.783333333333335,20276.07466
737-401,07/16/2003,BOEING,937,0,37.266666666666666,23322.55528
737-401,07/17/2003,BOEING,1429,0,12.816666666666666,7774.72154
737-401,07/19/2007,BOEING,937,0,21.233333333333334,12509.39982
737-401,07/24/2007,BOEING,1529,0,33.45,18554.08086
737-524,01/23/1998,BOEING,1654,0,15.866666666666667,10827.63952
737-524,01/27/1995,BOEING,2863,0,27.53333333333333,19785.22596
737-524,01/27/1998,BOEING,589,0,13.583333333333334,9332.56266
737-524,02/04/2008,BOEING,251,0,16.95,12440.1982
737-524,02/07/1995,BOEING,621,0,6.783333333333333,4560.86956
737-524,02/11/1994,BOEING,1605,0,20.416666666666668,13977.1179
737-524,02/11/1998,BOEING,1873,0,17.833333333333332,12218.10928
737-524,02/12/1998,BOEING,251,0,21.75,16000.05828
737-524,02/16/1994,BOEING,1652,0,12.0,8674.3426
737-524,02/21/1995,BOEING,629,0,2.45,1284.25332
737-524,02/22/2008,BOEING,1654,0,25.75,19831.896819999998
737-524,03/02/1994,BOEING,621,0,17.7,12398.35536
737-524,03/22/1994,BOEING,765,0,9.05,6789.80546
737-524,04/06/1994,BOEING,1455,0,19.633333333333333,13420.28626
737-524,04/07/1994,BOEING,621,0,16.5,11064.2125
737-524,04/14/1995,BOEING,1847,0,34.9,23697.5315
737-524,04/14/1996,BOEING,1847,0,19.366666666666667,12644.58438
737-524,04/19/1995,BOEING,1907,0,21.466666666666665,13915.96298
737-524,05/05/1994,BOEING,259,0,24.966666666666665,17857.23664
737-524,05/15/2008,BOEING,1654,0,28.666666666666668,21629.5296
737-524,05/30/1995,BOEING,1685,0,10.366666666666667,6245.84854
737-524,05/31/1995,BOEING,1847,0,31.016666666666666,23285.54046
737-524,06/01/1994,BOEING,1798,0,21.05,14033.4448
737-524,06/15/1994,BOEING,1605,0,10.533333333333333,7219.49924
737-524,06/26/1998,BOEING,1873,0,24.183333333333334,18737.54562
737-524,07/12/1995,BOEING,765,0,16.75,10843.73292
737-524,07/20/1994,BOEING,621,0,9.0,5354.27418
737-524,07/22/1998,BOEING,1654,0,27.383333333333333,20000.87752
737-524,07/26/1994,BOEING,1873,0,26.6,20057.20442
737-524,08/01/1997,BOEING,2441,0,26.416666666666664,16766.10412
737-524,08/07/1995,BOEING,621,0,30.883333333333333,20110.31264
737-524,08/09/1994,BOEING,1685,0,17.75,11474.5942
737-524,08/11/1994,BOEING,1654,0,23.666666666666668,15877.74844
737-524,08/11/1998,BOEING,1654,0,17.583333333333332,12438.58886
737-524,08/27/1997,BOEING,643,0,16.116666666666667,11244.45858
737-524,08/29/1997,BOEING,621,0,14.033333333333333,9932.84648
737-524,09/18/1997,BOEING,251,0,30.15,21143.50892
737-524,09/27/1994,BOEING,1685,0,25.966666666666665,17387.30936
737-524,09/30/1997,BOEING,1656,0,27.533333333333335,16944.74086
737-524,10/01/1997,BOEING,621,0,7.783333333333333,4663.86732
737-524,10/01/1998,BOEING,1654,0,9.683333333333334,7576.77272
737-524,10/20/1998,BOEING,1211,0,15.15,9828.239379999999
737-524,10/28/1994,BOEING,5,0,17.5,12115.11152
737-524,11/25/1997,BOEING,621,0,7.416666666666667,5236.79236
737-524,12/02/1997,BOEING,1847,0,28.8,20551.2718
737-524,12/05/1997,BOEING,621,0,14.616666666666667,8872.29142
737-524,12/06/1994,BOEING,621,0,15.483333333333333,11836.6957
737-524,12/09/1994,BOEING,1421,0,5.216666666666667,2969.2323
737-524,12/22/1997,BOEING,251,0,27.316666666666666,18529.94076
737-524,12/24/1997,BOEING,1897,0,15.15,10130.7953
737-524,12/31/1997,BOEING,1211,0,6.35,4757.20904
737-724,01/26/1999,BOEING,1110,0,127.26666666666668,87449.92626000001
737-724,02/04/1999,BOEING,1847,0,55.0,39789.32216
737-724,03/01/1999,BOEING,1041,0,54.45,38239.52774
737-724,03/10/1999,BOEING,1847,0,56.85,38907.40384
737-724,03/30/1998,BOEING,1863,0,54.88333333333333,38662.78416
737-724,04/01/1998,BOEING,771,0,58.983333333333334,40333.27908
737-724,04/08/1998,BOEING,1847,0,52.9,38128.48328
737-724,04/16/1999,BOEING,771,0,42.233333333333334,30331.23098
737-724,04/23/1999,BOEING,771,0,44.71666666666667,30282.95078
737-724,04/27/1998,BOEING,1847,0,55.1,37969.15862
737-724,05/13/1998,BOEING,1847,0,90.93333333333334,65822.006
737-724,05/26/1998,BOEING,771,0,46.983333333333334,32017.8193
737-724,05/28/1998,BOEING,449,0,83.9,58787.58086
737-724,06/02/1998,BOEING,771,0,58.56666666666667,41076.79416
737-724,06/02/1999,BOEING,771,0,48.93333333333333,34140.53876
737-724,06/07/1999,BOEING,1453,0,45.6,30862.31318
737-724,07/12/1999,BOEING,771,0,66.61666666666666,47047.44556
737-724,07/14/1999,BOEING,771,0,60.53333333333333,42111.59978
737-724,07/19/1999,BOEING,1041,0,55.55,38271.71454
737-724,07/29/1999,BOEING,1863,0,53.4,38252.40246
737-724,08/25/1999,BOEING,1041,0,75.3,51548.76954
737-724,09/01/1998,BOEING,2588,0,105.23333333333333,72582.84333999999
737-724,09/16/1999,BOEING,771,0,92.53333333333333,63396.73062
737-724,09/22/1998,BOEING,251,0,55.3,38394.02438
737-724,09/23/1999,BOEING,1542,0,139.13333333333333,94838.4062
737-724,09/25/1998,BOEING,1542,0,126.26666666666667,87000.9204
737-724,09/28/1999,BOEING,449,0,108.83333333333333,74470.59916
737-724,09/29/1998,BOEING,251,0,60.78333333333333,42357.8288
737-724,09/30/1999,BOEING,1220,0,153.66666666666669,103944.05192
737-724,10/22/1998,BOEING,1041,0,46.81666666666667,31712.0447
737-724,12/07/1998,BOEING,771,0,36.233333333333334,25038.11172
737-790,01/12/2000,BOEING,344,0,111.05,72671.35704
737-790,01/25/2000,BOEING,344,0,108.45,71198.81094
737-790,07/30/1999,BOEING,490,0,100.35,66467.35134
737-790,08/24/1999,BOEING,490,0,124.23333333333333,79971.32328
737-790,10/07/1999,BOEING,344,0,117.88333333333334,79383.91417999999
737-790,11/03/1999,BOEING,490,0,129.36666666666667,84144.3419
737-824,06/02/2000,BOEING,1422,0,55.083333333333336,40676.0685
737-824,06/07/1999,BOEING,1422,0,53.53333333333333,40682.50586
737-824,06/17/1999,BOEING,535,0,73.36666666666666,49308.56826
737-824,06/22/1999,BOEING,151,0,34.35,24058.02366
737-824,06/24/1998,BOEING,749,0,57.416666666666664,41551.54946
737-824,07/02/1998,BOEING,1422,0,63.483333333333334,45613.52362
737-824,07/16/1998,BOEING,749,0,71.25,48970.60686
737-824,07/27/1998,BOEING,1422,0,41.8,31546.28268
737-824,07/27/1999,BOEING,1422,0,48.63333333333333,35439.27614
737-824,07/31/1998,BOEING,749,0,47.78333333333333,33231.26166
737-824,08/03/1998,BOEING,1422,0,64.88333333333334,45286.8276
737-824,08/05/1998,BOEING,2171,0,125.5,87789.497
737-824,08/06/1999,BOEING,1422,0,49.31666666666667,36768.59098
737-824,08/17/1998,BOEING,159,0,37.2,25820.25096
737-824,08/28/1998,BOEING,159,0,33.68333333333333,23238.869599999998
737-824,09/22/1999,BOEING,749,0,57.88333333333333,40676.0685
737-824,10/12/1999,BOEING,159,0,35.95,25155.59354
737-824,10/18/1999,BOEING,749,0,66.75,48587.58394
737-824,10/20/1999,BOEING,749,0,42.15,30382.72986
737-824,10/26/1999,BOEING,159,0,27.533333333333335,19981.56544
737-824,10/27/1999,BOEING,159,0,53.583333333333336,41047.82604
737-824,11/03/1999,BOEING,749,0,51.6,37998.12674
737-824,11/06/1998,BOEING,1422,0,71.75,52802.4454
737-824,11/08/1999,BOEING,1422,0,65.8,45227.28202
737-824,12/02/1998,BOEING,741,0,37.7,25855.65644
737-824,12/03/1999,BOEING,535,0,77.16666666666667,52829.80418
737-824,12/07/1999,BOEING,1422,0,36.766666666666666,25483.8989
737-824,12/09/1998,BOEING,535,0,77.4,54770.66822
737-824,12/18/1998,BOEING,749,0,32.61666666666667,22709.39674
737-824,12/21/1998,BOEING,741,0,46.78333333333333,36525.58064
737-824,12/22/1998,BOEING,159,0,57.25,42880.8643
737-824,12/23/1998,BOEING,1422,0,74.26666666666667,52313.20604
737-832,01/18/2000,BOEING,1931,1,0.0,0.0
737-832,01/19/1999,BOEING,1931,0,70.25,49382.5979
737-832,05/11/1999,BOEING,1931,2,0.0,0.0
737-832,08/16/1999,BOEING,1931,1,0.0,0.0
737-832,08/23/1999,BOEING,1931,1,0.0,0.0
737-832,09/23/1999,BOEING,1931,1,0.0,0.0
737-832,10/14/1999,BOEING,1931,0,93.51666666666667,63282.46748
737-832,10/20/1999,BOEING,1931,3,0.0,0.0
737-832,10/23/1998,BOEING,1931,2,0.0,0.0
737-832,10/27/1998,BOEING,1931,1,0.0,0.0
737-832,10/28/1998,BOEING,1931,1,0.0,0.0
737-832,11/05/1998,BOEING,1639,0,80.0,54199.35252
737-832,11/24/1999,BOEING,1931,4,0.0,0.0
737-832,12/01/1998,BOEING,1931,1,0.0,0.0
737-832,12/21/1999,BOEING,1931,1,0.0,0.0
747-451,10/15/2007,BOEING,145,0,11.966666666666667,7497.91506
757-222,01/02/1998,BOEING,46,0,31.966666666666665,23396.58492
757-222,01/11/2005,BOEING,898,0,45.61666666666667,35004.75434
757-222,01/12/1999,BOEING,1578,0,65.31666666666666,50301.53104
757-222,01/13/2005,BOEING,559,0,77.33333333333333,53851.73508
757-222,01/23/1991,BOEING,559,0,70.75,49332.70836
757-222,01/28/1999,BOEING,46,0,32.6,23803.74794
757-222,02/06/1998,BOEING,898,0,43.85,33414.72642
757-222,02/16/1990,BOEING,1662,0,61.7,43382.97838
757-222,02/18/1993,BOEING,1748,0,64.1,47679.91618
757-222,02/20/1991,BOEING,559,0,58.233333333333334,40571.4614
757-222,02/22/2006,BOEING,46,0,20.783333333333335,15150.32676
757-222,02/23/2006,BOEING,4057,0,174.28333333333333,122539.97561999998
757-222,02/24/2006,BOEING,2647,0,141.81666666666666,103691.38554
757-222,02/27/2006,BOEING,2455,0,123.94999999999999,88788.89714
757-222,02/28/1990,BOEING,1578,0,57.55,39993.70834
757-222,02/28/2006,BOEING,1436,0,144.86666666666667,103221.45826
757-222,03/18/1998,BOEING,46,0,51.45,37325.42262
757-222,03/22/1991,BOEING,1662,0,68.76666666666667,48536.08506
757-222,03/23/1990,BOEING,137,0,58.7,40859.53326
757-222,03/29/1991,BOEING,559,0,55.38333333333333,39839.2117
757-222,03/31/1992,BOEING,5320,0,187.26666666666665,134820.84915999998
757-222,04/12/1993,BOEING,877,0,40.15,29280.33196
757-222,04/21/1993,BOEING,877,0,66.85,49838.04112
757-222,04/25/1990,BOEING,1950,0,51.15,35378.12122
757-222,05/04/1993,BOEING,1999,0,56.6,42956.50328
757-222,05/19/2004,BOEING,6037,1,192.2,132859.0637
757-222,05/20/1993,BOEING,1748,0,46.016666666666666,33186.20014
757-222,05/20/2004,BOEING,149,0,44.38333333333333,30353.761739999998
757-222,05/25/2004,BOEING,559,0,53.81666666666667,38598.41056
757-222,05/26/2004,BOEING,5531,0,355.9,246314.31501999998
757-222,05/27/2004,BOEING,1950,0,51.95,36480.51912
757-222,05/28/2004,BOEING,559,0,51.13333333333333,35677.45846
757-222,06/01/2005,BOEING,271,0,46.61666666666667,32389.57684
757-222,06/13/1991,BOEING,1662,0,36.1,25763.92406
757-222,06/14/1990,BOEING,1753,0,69.31666666666666,47879.47434
757-222,06/21/1991,BOEING,3353,0,107.58333333333334,74689.4694
757-222,06/25/1993,BOEING,1748,0,69.9,50330.49916
757-222,07/11/1996,BOEING,559,0,52.416666666666664,37127.4738
757-222,07/14/1993,BOEING,877,0,55.71666666666667,38759.34456
757-222,07/18/1991,BOEING,559,0,70.71666666666667,49500.07972
757-222,07/18/2003,BOEING,1950,0,54.15,36536.84602
757-222,07/20/1990,BOEING,559,0,71.31666666666666,49174.99304
757-222,07/20/2004,BOEING,559,0,55.71666666666667,39071.55652
757-222,07/26/2006,BOEING,3624,0,139.85,97762.57698
757-222,07/27/2006,BOEING,716,0,111.08333333333334,78289.56298
757-222,07/28/2006,BOEING,1600,0,57.61666666666667,38186.41952
757-222,07/30/1993,BOEING,1748,0,78.16666666666667,58489.85296
757-222,07/31/1991,BOEING,559,0,61.416666666666664,40553.75866
757-222,08/12/1993,BOEING,877,0,59.916666666666664,42449.56118
757-222,08/13/1996,BOEING,1600,0,48.233333333333334,33413.117079999996
757-222,08/16/1993,BOEING,1999,0,44.06666666666667,31465.81568
757-222,08/20/1990,BOEING,1753,0,56.916666666666664,37658.556
757-222,08/24/1990,BOEING,1950,0,66.61666666666666,46332.8986
757-222,08/25/1995,BOEING,559,0,71.05,49986.1004
757-222,09/01/1994,BOEING,1999,0,53.21666666666667,38934.76262
757-222,09/13/1996,BOEING,1753,0,81.48333333333333,57326.30014
757-222,09/15/2006,BOEING,451,0,55.38333333333333,38915.45054
757-222,09/17/1990,BOEING,1950,0,28.916666666666668,20881.1865
757-222,09/23/1993,BOEING,1118,0,126.15,89104.32777999999
757-222,09/24/1990,BOEING,155,0,32.43333333333333,22773.77034
757-222,09/28/1989,BOEING,1753,0,44.483333333333334,29924.06796
757-222,09/28/1995,BOEING,1950,0,52.55,36166.69782
757-222,09/30/1994,BOEING,1578,0,68.01666666666667,48333.30822
757-222,10/19/1990,BOEING,1950,0,44.56666666666667,30047.98714
757-222,10/30/1989,BOEING,559,0,48.45,34501.03092
757-222,10/31/1990,BOEING,559,0,62.11666666666667,43048.23566
757-222,11/04/1997,BOEING,1578,0,62.28333333333333,46659.594619999996
757-222,11/13/1991,BOEING,1950,0,19.25,14221.737579999999
757-222,11/16/1990,BOEING,3528,0,119.66666666666666,82956.64898
757-222,11/30/2007,BOEING,1600,0,59.016666666666666,40565.02404
757-222,12/11/1990,BOEING,1950,0,59.416666666666664,40054.86326
757-222,12/13/1991,BOEING,898,0,56.88333333333333,42098.72506
757-222,12/23/1991,BOEING,46,0,47.833333333333336,35730.566679999996
757-223,05/20/1999,BOEING,1151,0,15.133333333333333,12702.52062
757-223,06/02/1999,BOEING,1565,0,74.28333333333333,59637.31238
757-223,10/03/1989,BOEING,2009,0,57.1,45703.64666
757-223,10/04/1989,BOEING,3069,0,47.11666666666667,33276.32318
757-223,12/14/1999,BOEING,3071,0,52.766666666666666,35725.73866
757-224,01/16/1998,BOEING,1637,0,25.866666666666667,18027.82668
757-224,02/02/1995,BOEING,1637,0,28.016666666666666,19524.51288
757-224,02/02/1998,BOEING,1637,0,36.8,26019.809119999998
757-224,02/20/1998,BOEING,1669,0,26.333333333333332,18027.82668
757-224,02/22/1999,BOEING,1507,0,24.266666666666666,16276.86476
757-224,02/25/1998,BOEING,1637,0,27.083333333333332,19397.37502
757-224,03/20/1998,BOEING,157,0,11.95,8255.9142
757-224,03/22/1999,BOEING,1637,0,18.75,12638.14702
757-224,03/27/1998,BOEING,157,0,11.933333333333334,8255.9142
757-224,03/28/1997,BOEING,1507,0,26.116666666666667,18027.82668
757-224,03/29/1996,BOEING,157,0,5.966666666666667,4127.9571
757-224,04/12/1995,BOEING,1669,0,21.65,15396.55578
757-224,04/25/1996,BOEING,157,0,18.666666666666668,12383.8713
757-224,05/08/1998,BOEING,1507,0,17.9,12638.14702
757-224,05/13/1994,BOEING,157,0,23.416666666666668,16511.8284
757-224,05/14/1997,BOEING,1669,0,32.63333333333333,21891.85202
757-224,06/02/2000,BOEING,1637,0,25.833333333333332,17636.75706
757-224,06/03/1994,BOEING,157,0,11.0,8255.9142
757-224,06/10/1998,BOEING,157,0,11.65,8255.9142
757-224,06/27/1994,BOEING,157,0,17.766666666666666,12383.8713
757-224,07/01/1998,BOEING,157,0,11.5,8255.9142
757-224,08/01/1994,BOEING,1669,0,18.483333333333334,12638.14702
757-224,08/01/1997,BOEING,1507,0,22.866666666666667,15885.79514
757-224,08/05/1997,BOEING,1637,0,28.2,19651.65074
757-224,08/14/1997,BOEING,1507,0,19.55,13381.6621
757-224,08/15/1995,BOEING,157,0,23.466666666666665,16511.8284
757-224,08/19/1994,BOEING,1507,0,20.483333333333334,14389.10894
757-224,09/23/1994,BOEING,1669,0,29.666666666666668,20659.09758
757-224,10/17/1994,BOEING,1859,0,6.916666666666667,4871.47218
757-224,11/08/1994,BOEING,1637,0,45.0,31028.0752
757-224,11/30/1999,BOEING,1637,0,32.8,22517.88528
757-224,12/07/1994,BOEING,1637,0,43.0,29531.389
757-224,12/08/1994,BOEING,1637,0,34.38333333333333,24395.98506
757-224,12/15/1994,BOEING,157,0,6.05,4127.9571
757-224,12/19/1997,BOEING,1637,0,27.45,18644.2039
757-224,12/23/1998,BOEING,157,0,10.933333333333334,8255.9142
757-232,02/08/1985,BOEING,303,0,45.81666666666667,32169.09726
757-232,02/21/1986,BOEING,1429,1,0.0,0.0
757-232,02/25/1986,BOEING,1512,1,0.0,0.0
757-232,03/26/1986,BOEING,1617,0,54.3,37679.47742
757-232,03/27/1985,BOEING,1073,1,0.0,0.0
757-232,06/15/2007,BOEING,3129,3,0.0,0.0
757-232,06/20/2007,BOEING,3594,3,89.18333333333334,61272.40182
757-232,06/21/2007,BOEING,1512,0,57.21666666666667,39393.42452
757-232,06/22/2007,BOEING,3360,6,85.95,60276.22036
757-232,07/03/1985,BOEING,1073,2,0.0,0.0
757-232,08/01/1986,BOEING,465,0,66.9,46830.18466
757-232,08/04/1986,BOEING,1429,1,0.0,0.0
757-232,09/18/1986,BOEING,303,1,0.0,0.0
757-232,10/03/1986,BOEING,1440,1,0.0,0.0
757-251,01/02/2004,BOEING,361,1,0.0,0.0
757-251,01/16/2004,BOEING,1644,1,167.64999999999998,118067.61976000002
757-251,02/13/2004,BOEING,647,0,61.7,42192.06678
757-251,03/01/1996,BOEING,353,0,32.666666666666664,21961.05364
757-251,03/01/2006,BOEING,1297,0,206.03333333333333,141914.81988000002
757-251,04/02/2007,BOEING,1531,0,60.38333333333333,41680.29666
757-251,04/04/1985,BOEING,575,0,60.9,42388.40626
757-251,04/09/1985,BOEING,355,0,54.916666666666664,36823.30854
757-251,04/12/2005,BOEING,575,0,31.933333333333334,22511.44792
757-251,04/14/2006,BOEING,355,1,0.0,0.0
757-251,04/19/2006,BOEING,351,0,58.75,41976.41522
757-251,05/21/1996,BOEING,361,0,60.61666666666667,40228.67198
757-251,05/22/2008,BOEING,575,1,0.0,0.0
757-251,06/14/2004,BOEING,1531,0,62.18333333333333,43891.52982
757-251,06/15/2006,BOEING,361,0,38.1,26758.49618
757-251,06/21/1996,BOEING,351,0,62.93333333333333,44860.3525
757-251,06/21/2006,BOEING,1150,1,82.56666666666666,57091.3365
757-251,06/22/2006,BOEING,575,0,55.766666666666666,38109.1712
757-251,07/02/2004,BOEING,930,1,42.516666666666666,30833.34506
757-251,07/22/1996,BOEING,575,0,61.38333333333333,41858.9334
757-251,08/12/2004,BOEING,1531,0,65.5,47029.74282
757-251,08/26/1996,BOEING,351,0,52.016666666666666,35737.00404
757-251,08/30/1996,BOEING,1531,0,51.21666666666667,35281.56082
757-251,09/23/1996,BOEING,1531,0,61.266666666666666,42616.93254
757-251,10/20/2004,BOEING,361,0,64.41666666666667,44179.60168
757-251,10/27/2005,BOEING,575,1,0.0,0.0
757-251,11/16/2005,BOEING,3130,0,232.10000000000002,162562.65208
757-251,11/22/1995,BOEING,575,1,0.0,0.0
757-251,12/14/1988,BOEING,2461,2,93.65,65295.751820000005
757-251,12/26/1995,BOEING,355,0,39.75,27389.35746
767-223,01/19/1988,BOEING,677,0,51.666666666666664,36054.04402
767-223,01/28/1988,BOEING,677,0,91.43333333333334,68770.31688
767-223,04/02/1987,BOEING,677,0,59.016666666666666,41595.00164
767-223,04/09/2004,BOEING,2114,0,268.26666666666665,188611.42932
767-223,05/05/1986,BOEING,677,0,50.5,37209.55014
767-223,05/19/1986,BOEING,677,0,65.86666666666666,45922.5169
767-223,09/17/1986,BOEING,677,0,54.833333333333336,38403.68042
767-223,11/19/1986,BOEING,677,0,39.1,28058.8429
767-223,12/10/1999,BOEING,83,0,20.15,14712.58628
767-223,12/11/1987,BOEING,677,0,62.53333333333333,44392.03456
767-223,12/21/1987,BOEING,677,0,66.41666666666667,47939.01992
767-223,12/24/1986,BOEING,677,0,62.46666666666667,43165.71748
767-2B7,09/28/2005,BOEING,2784,0,8.133333333333333,5079.07704
767-323,01/17/1995,BOEING,47,0,12.766666666666667,8297.75704
767-323,01/18/1995,BOEING,1539,0,5.6,4160.1439
767-323,02/02/1995,BOEING,47,0,17.816666666666666,12457.90094
767-323,02/17/1995,BOEING,47,0,17.633333333333333,12066.83132
767-323,03/08/1993,BOEING,367,0,19.633333333333333,13447.64504
767-323,04/08/1992,BOEING,1539,0,5.566666666666666,4160.1439
767-323,04/25/2002,BOEING,1539,0,5.65,4160.1439
767-323,05/13/1994,BOEING,47,0,9.05,5941.68328
767-323,05/22/1992,BOEING,27,0,12.266666666666667,8767.68432
767-323,06/08/1992,BOEING,1539,0,21.416666666666668,15283.90198
767-323,06/16/1988,BOEING,47,0,4.566666666666666,2970.84164
767-323,06/17/1992,BOEING,47,0,6.95,5326.9154
767-323,06/19/1996,BOEING,83,0,4.2,2970.84164
767-323,06/20/1996,BOEING,47,0,10.25,7132.59488
767-323,06/24/1996,BOEING,1539,0,9.483333333333333,6516.21766
767-323,06/26/1996,BOEING,47,0,11.7,8297.75704
767-323,06/27/1996,BOEING,495,0,26.55,19067.46032
767-323,07/01/1996,BOEING,1539,0,24.216666666666665,16993.02106
767-323,07/02/1996,BOEING,367,0,9.933333333333334,6739.91592
767-323,07/07/2008,BOEING,1539,0,15.366666666666667,10900.05982
767-323,07/09/1996,BOEING,47,0,4.466666666666667,2970.84164
767-323,07/10/1996,BOEING,47,0,16.2,11514.8277
767-323,08/27/1993,BOEING,59,0,12.566666666666666,8873.90076
767-323,09/16/1988,BOEING,47,0,10.35,7130.98554
767-323,11/08/2002,BOEING,47,0,23.766666666666666,16841.7431
767-323,12/13/1999,BOEING,1539,0,24.35,17089.58146
767-323,12/28/1999,BOEING,1539,0,11.9,8543.98606
767-324,04/02/1998,BOEING,1982,0,31.133333333333333,21531.35986
767-332,01/08/1991,BOEING,1982,0,36.13333333333333,24886.83376
767-332,01/21/1992,BOEING,2159,0,61.25,42578.30838
767-332,01/23/1991,BOEING,1982,3,0.0,0.0
767-332,01/25/1999,BOEING,1989,0,12.116666666666667,8323.50648
767-332,02/03/1998,BOEING,1989,1,0.0,0.0
767-332,02/04/2008,BOEING,2159,0,65.55,46223.46348
767-332,02/06/2008,BOEING,2159,0,64.4,44449.9708
767-332,02/07/2007,BOEING,1989,0,11.816666666666666,8323.50648
767-332,02/08/1999,BOEING,1982,1,0.0,0.0
767-332,02/14/1991,BOEING,229,0,45.833333333333336,32447.51308
767-332,02/15/1991,BOEING,2159,0,61.416666666666664,43045.01698
767-332,02/26/1991,BOEING,229,1,0.0,0.0
767-332,02/26/2007,BOEING,1989,0,11.05,8323.50648
767-332,03/05/1998,BOEING,1994,0,38.9,25981.18496
767-332,03/05/1999,BOEING,229,0,73.88333333333334,53671.489
767-332,03/06/2007,BOEING,229,0,52.95,35954.26494
767-332,03/24/2008,BOEING,2159,0,52.06666666666667,36966.5398
767-332,03/27/1997,BOEING,1989,0,17.25,12369.38724
767-332,04/10/1997,BOEING,1982,0,22.75,16315.48892
767-332,04/13/1998,BOEING,1982,1,0.0,0.0
767-332,04/22/1998,BOEING,127,1,0.0,0.0
767-332,04/22/1999,BOEING,229,0,82.85,59136.80764
767-332,04/29/1999,BOEING,1982,0,7.95,5457.27194
767-332,05/03/1993,BOEING,127,0,22.8,16647.01296
767-332,05/03/1995,BOEING,1989,0,18.366666666666667,12708.95798
767-332,05/07/1999,BOEING,2159,0,68.55,48920.71732
767-332,05/11/1992,BOEING,229,1,0.0,0.0
767-332,05/14/1999,BOEING,2159,0,56.8,41232.90014
767-332,05/22/2007,BOEING,1982,0,17.833333333333332,12480.4317
767-332,06/06/1991,BOEING,229,0,62.75,43989.69956
767-332,06/09/1987,BOEING,2159,0,60.63333333333333,41710.87412
767-332,06/12/1990,BOEING,1982,0,36.7,26106.71348
767-332,06/14/1999,BOEING,1982,0,16.833333333333332,12688.03656
767-332,06/18/1991,BOEING,2159,2,0.0,0.0
767-332,06/19/1998,BOEING,127,0,13.4,8754.8096
767-332,06/20/1996,BOEING,1989,1,0.0,0.0
767-332,06/25/1990,BOEING,1982,0,29.633333333333333,20538.39708
767-332,06/27/1997,BOEING,1989,0,5.85,4161.75324
767-332,07/03/1990,BOEING,1982,0,23.383333333333333,16716.21458
767-332,07/07/1995,BOEING,1991,0,24.716666666666665,16457.11084
767-332,07/11/1988,BOEING,3222,0,130.13333333333333,91223.82856
767-332,07/13/1988,BOEING,2159,0,81.2,57418.03252
767-332,07/25/1990,BOEING,1994,0,19.4,12990.59248
767-332,07/27/1990,BOEING,1982,1,0.0,0.0
767-332,08/16/1999,BOEING,1982,0,36.233333333333334,25810.59492
767-332,08/22/1997,BOEING,127,0,23.55,17210.28196
767-332,09/14/1998,BOEING,2159,1,0.0,0.0
767-332,09/25/1998,BOEING,229,0,56.666666666666664,40722.73936
767-332,09/29/1993,BOEING,2159,0,63.53333333333333,46546.940819999996
767-332,10/02/1997,BOEING,2048,1,6.833333333333333,4443.38774
767-332,10/10/2007,BOEING,1982,0,42.46666666666667,29180.55288
767-332,10/16/1998,BOEING,229,0,64.03333333333333,45005.1931
767-332,10/18/1996,BOEING,1991,0,23.233333333333334,15893.84184
767-332,11/01/1991,BOEING,2178,0,45.31666666666667,31311.31904
767-332,11/03/1997,BOEING,1982,0,42.38333333333333,29880.61578
767-332,11/03/1998,BOEING,2159,0,60.53333333333333,44177.99234
767-332,11/06/1998,BOEING,2159,1,0.0,0.0
767-332,11/10/1992,BOEING,127,0,6.483333333333333,4161.75324
767-332,11/19/2007,BOEING,2159,1,0.0,0.0
767-332,11/25/1987,BOEING,324,0,62.666666666666664,44955.30356
767-332,12/20/2004,BOEING,1982,1,0.0,0.0
767-332,12/24/1997,BOEING,1982,0,24.316666666666666,16642.18494
767-3P6,02/14/1997,BOEING,1982,0,21.5,15203.43498
767-3P6,04/22/1997,BOEING,1982,0,30.766666666666666,21143.50892
767-3P6,05/01/1997,BOEING,1982,0,24.8,16923.81944
767-3P6,06/13/1997,BOEING,1994,0,6.016666666666667,4103.817
767-3P6,07/22/1997,BOEING,1982,0,19.866666666666667,13552.25214
777-222,02/04/1999,BOEING,1849,0,15.883333333333333,11168.8196
777-222,05/19/1999,BOEING,1529,0,19.5,13091.9809
777-222,12/17/1999,BOEING,1529,0,11.533333333333333,8148.08842
A-1B,06/05/2008,AVIAT AIRCRAFT INC,1539,0,29.783333333333335,21248.11602
A-1B,None,AVIAT AIRCRAFT INC,1539,0,5.7,4160.1439
A109E,10/21/2003,AGUSTA SPA,47,0,10.25,7354.6838
A319-114,12/22/1999,AIRBUS INDUSTRIE,3030,2,0.0,0.0
A320-211,01/14/1992,AIRBUS INDUSTRIE,673,0,28.983333333333334,19519.68486
A320-211,01/15/1992,AIRBUS INDUSTRIE,677,0,51.1,33891.09106
A320-211,02/03/1992,AIRBUS INDUSTRIE,671,0,23.2,16048.33848
A320-211,02/11/1992,AIRBUS INDUSTRIE,671,1,0.0,0.0
A320-211,03/02/1992,AIRBUS INDUSTRIE,677,1,0.0,0.0
A320-211,03/04/1992,AIRBUS INDUSTRIE,673,0,41.25,27112.55098
A320-211,04/01/1992,AIRBUS INDUSTRIE,677,0,56.983333333333334,38731.98578
A320-211,04/08/1992,AIRBUS INDUSTRIE,347,0,21.55,15234.01244
A320-211,05/05/1992,AIRBUS INDUSTRIE,677,0,31.75,21579.64006
A320-211,05/07/1992,AIRBUS INDUSTRIE,677,0,27.166666666666668,17985.98384
A320-211,05/23/2006,AIRBUS INDUSTRIE,2393,1,20.15,14385.89026
A320-211,06/08/1992,AIRBUS INDUSTRIE,671,0,54.2,37220.81552
A320-211,06/11/1992,AIRBUS INDUSTRIE,677,0,54.43333333333333,35931.73418
A320-211,07/10/1992,AIRBUS INDUSTRIE,677,0,26.466666666666665,17844.36192
A320-211,08/01/1989,AIRBUS INDUSTRIE,1346,1,24.566666666666666,17511.22854
A320-211,09/05/1989,AIRBUS INDUSTRIE,1508,0,30.883333333333333,22154.17444
A320-211,09/07/1989,AIRBUS INDUSTRIE,1716,0,32.6,23676.61008
A320-211,09/21/2004,AIRBUS INDUSTRIE,677,0,42.78333333333333,29318.95612
A320-211,09/22/2004,AIRBUS INDUSTRIE,2862,2,89.95,64515.22192
A320-211,10/12/2004,AIRBUS INDUSTRIE,1214,0,36.7,24172.2868
A320-211,10/20/2004,AIRBUS INDUSTRIE,677,0,33.78333333333333,23375.6635
A320-211,10/21/2004,AIRBUS INDUSTRIE,3070,2,33.68333333333333,24288.15928
A320-211,11/13/1990,AIRBUS INDUSTRIE,1508,0,14.45,10724.64176
A320-212,06/26/1998,AIRBUS INDUSTRIE,1609,0,91.81666666666666,62622.63808
A320-212,07/11/2007,AIRBUS INDUSTRIE,866,0,82.21666666666667,56658.42404
A320-212,07/12/2007,AIRBUS INDUSTRIE,671,0,48.11666666666667,31662.15516
A320-212,07/13/2007,AIRBUS INDUSTRIE,185,0,60.483333333333334,42475.31062
A320-212,07/17/2007,AIRBUS INDUSTRIE,2704,0,186.53333333333336,127757.4559
A320-212,07/19/2007,AIRBUS INDUSTRIE,2206,0,104.73333333333332,72771.13612
A320-212,07/20/2007,AIRBUS INDUSTRIE,343,0,40.68333333333333,28155.403299999998
A320-212,09/01/1992,AIRBUS INDUSTRIE,671,0,49.916666666666664,34649.0902
A320-212,09/13/2004,AIRBUS INDUSTRIE,349,0,51.05,34853.47638
A320-212,09/14/2004,AIRBUS INDUSTRIE,677,0,50.25,34058.46242
A320-212,09/16/1999,AIRBUS INDUSTRIE,932,0,87.31666666666666,59976.88312
A320-212,10/21/1998,AIRBUS INDUSTRIE,677,1,0.0,0.0
A320-212,12/16/1998,AIRBUS INDUSTRIE,1387,3,0.0,0.0
A320-212,12/17/1998,AIRBUS INDUSTRIE,189,0,36.93333333333333,25720.47188
A320-212,12/18/1998,AIRBUS INDUSTRIE,2713,1,172.85,118582.60856
A320-212,12/22/1999,AIRBUS INDUSTRIE,53,0,31.75,23166.4493
A320-212,12/23/1999,AIRBUS INDUSTRIE,2017,1,92.85,63329.138340000005
A320-214,01/18/2000,AIRBUS INDUSTRIE,136,0,24.683333333333334,18634.54786
A320-214,01/24/2000,AIRBUS INDUSTRIE,4,0,7.466666666666667,5851.56024
A320-214,05/26/1999,AIRBUS INDUSTRIE,105,0,53.18333333333333,40828.9558
A320-214,09/03/1999,AIRBUS INDUSTRIE,136,0,44.2,34035.93166
A320-214,09/10/1999,AIRBUS INDUSTRIE,136,0,47.11666666666667,34793.9308
A320-232,01/26/2005,AIRBUS INDUSTRIE,375,0,83.08333333333333,56281.83848
A320-232,02/18/2005,AIRBUS INDUSTRIE,231,0,57.36666666666667,39111.79002
A320-232,02/20/1997,AIRBUS INDUSTRIE,235,0,75.68333333333334,52031.57154
A320-232,02/26/1998,AIRBUS INDUSTRIE,35,0,81.05,56175.62204
A320-232,03/04/1999,AIRBUS INDUSTRIE,31,0,80.56666666666666,54744.91878
A320-232,04/14/1999,AIRBUS INDUSTRIE,35,0,60.1,40835.39316
A320-232,05/19/2004,AIRBUS INDUSTRIE,1200,0,206.25,144742.43026
A320-232,05/20/2004,AIRBUS INDUSTRIE,2302,0,286.45,204529.41126
A320-232,05/21/2004,AIRBUS INDUSTRIE,410,0,120.13333333333333,82813.41772
A320-232,05/26/2004,AIRBUS INDUSTRIE,2757,0,175.1,119586.83671999999
A320-232,05/27/2004,AIRBUS INDUSTRIE,927,1,173.15,124828.4571
A320-232,05/28/2004,AIRBUS INDUSTRIE,35,0,29.333333333333332,20356.54166
A320-232,05/29/1997,AIRBUS INDUSTRIE,1203,0,57.05,39526.99974
A320-232,06/10/2004,AIRBUS INDUSTRIE,2414,0,102.18333333333334,71428.94656
A320-232,06/11/1997,AIRBUS INDUSTRIE,33,0,76.76666666666667,53035.7997
A320-232,06/19/1998,AIRBUS INDUSTRIE,1221,0,209.46666666666667,144275.72165999998
A320-232,06/22/1998,AIRBUS INDUSTRIE,235,0,55.166666666666664,38503.4595
A320-232,07/01/1998,AIRBUS INDUSTRIE,661,0,57.916666666666664,40130.50224
A320-232,07/06/1998,AIRBUS INDUSTRIE,361,0,59.916666666666664,41638.45382
A320-232,07/07/1997,AIRBUS INDUSTRIE,231,0,76.18333333333334,51172.18398
A320-232,07/21/1998,AIRBUS INDUSTRIE,235,0,52.21666666666667,37455.77916
A320-232,09/01/1998,AIRBUS INDUSTRIE,35,0,65.66666666666667,44828.1657
A320-232,09/02/2003,AIRBUS INDUSTRIE,253,1,0.0,0.0
A320-232,09/03/1996,AIRBUS INDUSTRIE,361,0,72.15,50573.5095
A320-232,09/06/1996,AIRBUS INDUSTRIE,892,0,140.98333333333335,98655.76068
A320-232,10/27/2004,AIRBUS INDUSTRIE,691,0,77.81666666666666,54843.08852
A320-232,11/05/1999,AIRBUS INDUSTRIE,235,0,72.16666666666667,48148.23412
A320-232,11/09/1999,AIRBUS INDUSTRIE,361,0,82.73333333333333,54709.5133
A320-232,11/24/1993,AIRBUS INDUSTRIE,31,0,41.75,27643.63318
A320-232,11/29/2005,AIRBUS INDUSTRIE,2720,0,220.48333333333332,152890.51867999998
A320-232,11/30/1993,AIRBUS INDUSTRIE,375,0,65.96666666666667,45761.5829
A320-232,12/08/1997,AIRBUS INDUSTRIE,35,0,69.95,47758.77384
A320-232,12/08/1999,AIRBUS INDUSTRIE,33,0,62.03333333333333,43709.674399999996
A320-232,12/09/1993,AIRBUS INDUSTRIE,31,0,37.583333333333336,24846.60026
A320-232,12/10/1996,AIRBUS INDUSTRIE,235,0,62.71666666666667,42977.4247
A320-232,12/20/1993,AIRBUS INDUSTRIE,33,0,62.483333333333334,42948.45658
A320-232,12/22/1993,AIRBUS INDUSTRIE,1999,0,54.233333333333334,40107.97148
A320-232,12/30/2003,AIRBUS INDUSTRIE,271,0,66.98333333333333,44976.22498
AS 355F1,08/16/2007,AEROSPATIALE,47,0,4.033333333333333,2970.84164
C90,12/16/2005,BEECH,761,0,28.333333333333332,18937.10378
DC-7BF,12/21/1998,DOUGLAS,47,0,9.983333333333333,7354.6838
DC-9-31,06/17/2004,DOUGLAS,708,0,3.433333333333333,3728.84078
DC-9-31,12/22/1986,DOUGLAS,1750,0,10.899999999999999,7015.113060000001
DC-9-31,12/22/1986,MCDONNELL DOUGLAS,1802,0,2.783333333333333,1936.03602
DC-9-32,01/26/1996,MCDONNELL DOUGLAS,1473,2,0.0,0.0
DC-9-32,02/23/1996,MCDONNELL DOUGLAS,874,0,4.283333333333333,2927.38946
DC-9-32,04/01/1996,MCDONNELL DOUGLAS,1540,0,4.216666666666667,2811.51698
DC-9-32,06/03/2008,MCDONNELL DOUGLAS,1802,0,5.666666666666667,4037.83406
DC-9-32,10/20/1995,MCDONNELL DOUGLAS,876,0,7.033333333333333,4829.62934
DC-9-32,12/02/1994,DOUGLAS,876,0,8.916666666666666,6178.25626
DC-9-51,03/01/1995,MCDONNELL DOUGLAS,1163,0,11.166666666666666,7048.9092
DC-9-51,08/31/2000,MCDONNELL DOUGLAS,1163,2,0.0,0.0
DC-9-82(MD-82),01/04/2002,MCDONNELL DOUGLAS,1929,0,30.716666666666665,23180.93336
DC-9-82(MD-82),01/04/2005,MCDONNELL DOUGLAS,339,0,24.416666666666668,17818.61248
DC-9-82(MD-82),01/09/1984,MCDONNELL DOUGLAS,1593,0,24.883333333333333,16539.18718
DC-9-82(MD-82),01/12/1988,MCDONNELL DOUGLAS,701,0,36.45,24202.86426
DC-9-82(MD-82),01/13/1988,MCDONNELL DOUGLAS,701,0,45.166666666666664,30015.80034
DC-9-82(MD-82),01/13/2005,MCDONNELL DOUGLAS,527,0,30.583333333333332,21669.7631
DC-9-82(MD-82),01/17/1989,MCDONNELL DOUGLAS,893,0,13.5,8696.87336
DC-9-82(MD-82),01/25/1989,MCDONNELL DOUGLAS,3247,0,45.3,32083.802239999997
DC-9-82(MD-82),01/29/2008,MCDONNELL DOUGLAS,3895,0,84.9,59280.0389
DC-9-82(MD-82),01/30/2008,MCDONNELL DOUGLAS,2486,0,64.71666666666667,46300.711800000005
DC-9-82(MD-82),01/31/2008,MCDONNELL DOUGLAS,893,0,24.65,17176.48582
DC-9-82(MD-82),02/04/1985,MCDONNELL DOUGLAS,851,0,37.13333333333333,23872.94956
DC-9-82(MD-82),02/04/1987,MCDONNELL DOUGLAS,3490,0,85.0,57047.884320000005
DC-9-82(MD-82),02/06/1989,MCDONNELL DOUGLAS,1419,0,32.2,21595.73346
DC-9-82(MD-82),02/06/2008,MCDONNELL DOUGLAS,761,0,20.216666666666665,14002.86734
DC-9-82(MD-82),02/07/2008,MCDONNELL DOUGLAS,527,0,25.333333333333332,16547.23388
DC-9-82(MD-82),02/09/2005,MCDONNELL DOUGLAS,527,0,17.283333333333335,12385.48064
DC-9-82(MD-82),02/13/1987,MCDONNELL DOUGLAS,2477,0,86.33333333333334,58390.073879999996
DC-9-82(MD-82),02/24/1989,MCDONNELL DOUGLAS,1744,0,38.7,27740.19358
DC-9-82(MD-82),03/10/1986,MCDONNELL DOUGLAS,3998,0,122.35,84548.28623999999
DC-9-82(MD-82),03/10/2005,MCDONNELL DOUGLAS,851,0,30.366666666666667,19733.72708
DC-9-82(MD-82),03/12/2004,MCDONNELL DOUGLAS,4441,0,196.93333333333334,132416.49519999998
DC-9-82(MD-82),03/26/1985,MCDONNELL DOUGLAS,1717,0,31.15,21555.49996
DC-9-82(MD-82),03/28/1989,MCDONNELL DOUGLAS,2033,0,65.85,46389.2255
DC-9-82(MD-82),03/28/1991,MCDONNELL DOUGLAS,2244,0,35.68333333333334,24083.7731
DC-9-82(MD-82),03/29/1989,MCDONNELL DOUGLAS,2476,0,40.46666666666667,27109.3323
DC-9-82(MD-82),03/29/1991,MCDONNELL DOUGLAS,1851,0,13.5,9054.14684
DC-9-82(MD-82),03/30/1989,MCDONNELL DOUGLAS,2235,0,13.166666666666666,8957.58644
DC-9-82(MD-82),04/17/1989,MCDONNELL DOUGLAS,1489,0,23.65,15850.38966
DC-9-82(MD-82),04/23/1986,MCDONNELL DOUGLAS,2235,0,61.86666666666667,41340.72592
DC-9-82(MD-82),04/23/2001,MCDONNELL DOUGLAS,893,0,31.133333333333333,20475.63282
DC-9-82(MD-82),04/24/1986,MCDONNELL DOUGLAS,1521,0,33.63333333333333,23057.01418
DC-9-82(MD-82),04/25/1985,MCDONNELL DOUGLAS,639,0,29.55,20482.07018
DC-9-82(MD-82),04/25/1986,MCDONNELL DOUGLAS,432,0,49.1,33076.76502
DC-9-82(MD-82),04/26/1989,MCDONNELL DOUGLAS,4079,0,71.28333333333333,48130.53137999999
DC-9-82(MD-82),05/09/1985,MCDONNELL DOUGLAS,761,0,30.233333333333334,20037.89234
DC-9-82(MD-82),05/25/1988,MCDONNELL DOUGLAS,709,0,36.233333333333334,24590.7152
DC-9-82(MD-82),05/27/1986,MCDONNELL DOUGLAS,1033,0,32.21666666666667,21821.04106
DC-9-82(MD-82),06/14/1988,MCDONNELL DOUGLAS,709,0,42.2,28786.26458
DC-9-82(MD-82),06/16/1988,MCDONNELL DOUGLAS,527,0,34.983333333333334,23419.11568
DC-9-82(MD-82),06/25/1998,MCDONNELL DOUGLAS,864,0,91.1,60311.62583999999
DC-9-82(MD-82),06/27/1986,MCDONNELL DOUGLAS,1521,0,45.96666666666667,30107.53272
DC-9-82(MD-82),07/01/1991,MCDONNELL DOUGLAS,893,0,18.566666666666666,12948.74964
DC-9-82(MD-82),07/02/1991,MCDONNELL DOUGLAS,7669,0,107.55,76792.87678
DC-9-82(MD-82),07/03/1991,MCDONNELL DOUGLAS,1841,0,4.133333333333334,2829.21972
DC-9-82(MD-82),07/06/1988,MCDONNELL DOUGLAS,3114,0,78.88333333333333,52762.211899999995
DC-9-82(MD-82),07/09/1998,MCDONNELL DOUGLAS,1283,0,76.8,53138.79746
DC-9-82(MD-82),07/12/1988,MCDONNELL DOUGLAS,432,0,42.25,27880.20616
DC-9-82(MD-82),07/15/1998,MCDONNELL DOUGLAS,2045,0,39.63333333333333,27550.29146
DC-9-82(MD-82),07/26/1991,MCDONNELL DOUGLAS,1633,0,28.3,19429.56182
DC-9-82(MD-82),07/29/1985,MCDONNELL DOUGLAS,339,0,7.416666666666667,4832.84802
DC-9-82(MD-82),07/30/1991,MCDONNELL DOUGLAS,893,0,28.666666666666668,18851.80876
DC-9-82(MD-82),07/31/1991,MCDONNELL DOUGLAS,3906,0,103.35,73057.59864
DC-9-82(MD-82),08/07/1985,MCDONNELL DOUGLAS,527,0,18.05,12242.24938
DC-9-82(MD-82),08/07/1991,MCDONNELL DOUGLAS,1065,0,26.966666666666665,19215.5196
DC-9-82(MD-82),08/08/1985,MCDONNELL DOUGLAS,851,0,22.616666666666667,18145.3085
DC-9-82(MD-82),08/08/2007,MCDONNELL DOUGLAS,2270,0,48.25,33989.260800000004
DC-9-82(MD-82),08/10/1988,MCDONNELL DOUGLAS,439,0,14.383333333333333,9675.35208
DC-9-82(MD-82),08/11/1988,MCDONNELL DOUGLAS,761,0,42.13333333333333,28107.1231
DC-9-82(MD-82),08/12/2004,MCDONNELL DOUGLAS,1419,0,22.65,15462.53872
DC-9-82(MD-82),08/16/1985,MCDONNELL DOUGLAS,1593,0,35.25,24761.30524
DC-9-82(MD-82),08/17/1985,MCDONNELL DOUGLAS,1951,0,15.916666666666666,10938.68398
DC-9-82(MD-82),08/23/1991,MCDONNELL DOUGLAS,1633,0,28.116666666666667,19188.16082
DC-9-82(MD-82),08/28/1991,MCDONNELL DOUGLAS,1593,0,37.5,25722.08122
DC-9-82(MD-82),09/02/1987,MCDONNELL DOUGLAS,1445,0,26.716666666666665,17804.12842
DC-9-82(MD-82),09/04/1987,MCDONNELL DOUGLAS,851,0,58.416666666666664,39766.7914
DC-9-82(MD-82),09/09/1985,MCDONNELL DOUGLAS,1929,0,31.55,21523.31316
DC-9-82(MD-82),09/09/1986,MCDONNELL DOUGLAS,1593,0,48.4,35778.84688
DC-9-82(MD-82),09/12/1986,MCDONNELL DOUGLAS,432,0,48.083333333333336,33036.53152
DC-9-82(MD-82),09/13/1985,MCDONNELL DOUGLAS,1033,0,39.28333333333333,26571.81274
DC-9-82(MD-82),09/17/1985,MCDONNELL DOUGLAS,701,0,33.96666666666667,23275.88442
DC-9-82(MD-82),09/21/1988,MCDONNELL DOUGLAS,5501,0,120.33333333333334,80961.06738
DC-9-82(MD-82),09/23/1985,MCDONNELL DOUGLAS,701,0,24.716666666666665,16968.88096
DC-9-82(MD-82),09/25/1986,MCDONNELL DOUGLAS,851,0,18.333333333333332,11889.80392
DC-9-82(MD-82),09/30/1991,MCDONNELL DOUGLAS,2120,0,34.766666666666666,23449.693140000003
DC-9-82(MD-82),10/01/1986,MCDONNELL DOUGLAS,2045,0,49.483333333333334,33207.12156
DC-9-82(MD-82),10/03/1989,MCDONNELL DOUGLAS,543,0,21.55,17351.90388
DC-9-82(MD-82),10/04/1989,MCDONNELL DOUGLAS,3636,0,35.66666666666667,24114.35056
DC-9-82(MD-82),10/07/1985,MCDONNELL DOUGLAS,1521,0,45.266666666666666,31533.40796
DC-9-82(MD-82),10/07/1988,MCDONNELL DOUGLAS,761,0,25.966666666666665,17435.58956
DC-9-82(MD-82),10/15/1986,MCDONNELL DOUGLAS,1521,0,60.28333333333333,40642.27236
DC-9-82(MD-82),10/19/1989,MCDONNELL DOUGLAS,527,0,17.516666666666666,12506.18114
DC-9-82(MD-82),10/20/1988,MCDONNELL DOUGLAS,3086,0,49.78333333333333,34092.25856
DC-9-82(MD-82),10/22/1986,MCDONNELL DOUGLAS,2045,0,16.083333333333332,10375.41498
DC-9-82(MD-82),10/31/1989,MCDONNELL DOUGLAS,3878,0,38.21666666666667,28222.995580000003
DC-9-82(MD-82),11/02/1988,MCDONNELL DOUGLAS,1250,0,9.716666666666667,7489.86836
DC-9-82(MD-82),11/08/2002,MCDONNELL DOUGLAS,1113,0,28.516666666666666,21199.83582
DC-9-82(MD-82),11/09/1988,MCDONNELL DOUGLAS,527,0,14.366666666666667,10169.41946
DC-9-82(MD-82),11/17/1988,MCDONNELL DOUGLAS,1489,0,27.916666666666668,19547.04364
DC-9-82(MD-82),11/21/2003,MCDONNELL DOUGLAS,761,0,35.31666666666667,23349.91406
DC-9-82(MD-82),11/29/1989,MCDONNELL DOUGLAS,527,0,12.816666666666666,8862.63538
DC-9-82(MD-82),12/02/1988,MCDONNELL DOUGLAS,851,0,21.416666666666668,13491.09722
DC-9-82(MD-82),12/03/1986,MCDONNELL DOUGLAS,2045,0,34.78333333333333,24238.26974
DC-9-82(MD-82),12/08/1986,MCDONNELL DOUGLAS,2045,0,44.483333333333334,29518.51428
DC-9-82(MD-82),12/08/1988,MCDONNELL DOUGLAS,339,0,26.366666666666667,17876.54872
DC-9-82(MD-82),12/14/1994,MCDONNELL DOUGLAS,2045,0,36.666666666666664,25662.53564
DC-9-82(MD-82),12/19/1988,MCDONNELL DOUGLAS,761,0,10.7,7291.91954
DC-9-82(MD-82),12/19/1994,MCDONNELL DOUGLAS,1929,0,44.93333333333333,30768.97146
DC-9-82(MD-82),12/20/1988,MCDONNELL DOUGLAS,761,0,13.616666666666667,9710.75756
DC-9-82(MD-82),12/22/1986,MCDONNELL DOUGLAS,3081,0,114.71666666666667,76704.36308
DC-9-82(MD-82),12/30/1999,MCDONNELL DOUGLAS,2160,0,50.71666666666667,37877.42624
DC-9-83(MD-83),02/19/1992,MCDONNELL DOUGLAS,2235,0,62.05,41506.48794
DC-9-83(MD-83),03/12/2004,MCDONNELL DOUGLAS,2066,0,114.31666666666666,76516.07029999999
DC-9-83(MD-83),04/14/1992,MCDONNELL DOUGLAS,2235,0,80.65,54643.53036
DC-9-83(MD-83),06/11/1992,MCDONNELL DOUGLAS,2235,0,81.36666666666666,53632.86484
DC-9-83(MD-83),06/30/1992,MCDONNELL DOUGLAS,2235,0,60.516666666666666,40940.00026
DC-9-83(MD-83),07/09/1998,MCDONNELL DOUGLAS,2235,0,49.9,34748.86928
DC-9-83(MD-83),07/23/1992,MCDONNELL DOUGLAS,2235,0,51.18333333333333,36284.17964
DC-9-83(MD-83),07/28/1992,MCDONNELL DOUGLAS,1033,0,47.916666666666664,33126.65456
DC-9-83(MD-83),08/11/1987,MCDONNELL DOUGLAS,2235,0,34.85,23871.34022
DC-9-83(MD-83),08/12/1987,MCDONNELL DOUGLAS,432,0,77.71666666666667,52012.25946
DC-9-83(MD-83),08/17/1987,MCDONNELL DOUGLAS,2235,0,70.66666666666667,47747.50846
DC-9-83(MD-83),08/18/1987,MCDONNELL DOUGLAS,2235,0,56.28333333333333,36895.72884
DC-9-83(MD-83),08/20/1987,MCDONNELL DOUGLAS,2235,0,52.416666666666664,35740.22272
DC-9-83(MD-83),08/22/1987,MCDONNELL DOUGLAS,1929,0,52.18333333333333,35807.815
DC-9-83(MD-83),09/15/1987,MCDONNELL DOUGLAS,1033,0,41.016666666666666,30194.43708
DC-9-83(MD-83),09/30/1991,MCDONNELL DOUGLAS,3795,0,176.2,120827.63786
DC-9-83(MD-83),10/09/1991,MCDONNELL DOUGLAS,2235,0,31.916666666666668,24286.54994
DC-9-83(MD-83),10/11/1995,MCDONNELL DOUGLAS,2235,0,66.13333333333334,44073.38524
DC-9-83(MD-83),10/12/1995,MCDONNELL DOUGLAS,761,0,52.7,37592.57306
DC-9-83(MD-83),10/22/1987,MCDONNELL DOUGLAS,7179,0,174.3,116389.07814
DC-9-83(MD-83),11/13/1991,MCDONNELL DOUGLAS,2235,0,74.66666666666667,50687.77264
DC-9-83(MD-83),11/15/1991,MCDONNELL DOUGLAS,1593,0,50.03333333333333,33302.07262
DC-9-83(MD-83),12/16/1994,MCDONNELL DOUGLAS,2235,0,68.86666666666666,47031.35216
E-90,07/12/2005,BEECH,1539,0,12.416666666666666,8872.29142
F85P-1,05/05/1998,MORSE GEORGE JR,65,0,31.833333333333332,22244.29748
FALCON XP,03/20/1987,STINNETT RON,1593,0,32.983333333333334,22665.94456
FALCON XP,05/29/1986,PAIR MIKE E,311,0,3.783333333333333,2356.0737599999998
FALCON XP,09/05/1985,LEBLANC GLENN T,893,0,22.966666666666665,15964.6528
FALCON-XP,05/18/2007,WOBIG WAYNE R,851,0,24.716666666666665,15414.25852
FALCON-XP,07/03/1991,FREDERICK CHRIS K,1349,0,16.883333333333333,11733.69794
HST-550,05/17/2001,HELIO,1593,0,17.183333333333334,11709.55784
KITFOX IV,02/25/1993,MARZ BARRY,2025,0,32.733333333333334,22347.29524
OTTER DHC-3,01/09/1976,DEHAVILLAND,1593,0,49.3,32943.1898
PA-28-180,02/10/2005,PIPER,1929,0,48.43333333333333,32099.89564
PA-31-350,02/07/1997,PIPER,615,0,13.416666666666666,9213.4715
PA-32R-300,06/12/1995,PIPER,385,0,24.616666666666667,16899.67934
PA-32RT-300,11/16/2000,PIPER,1539,0,12.733333333333333,8872.29142
S-50A,09/19/1977,RAVEN,2066,0,42.68333333333333,28091.0297
S55A,05/26/1976,RAVEN,2045,0,33.4,22022.20856
S55A,11/08/2006,RAVEN,639,0,65.66666666666667,44029.93306
T210N,11/26/1997,CESSNA,1831,0,5.533333333333333,3828.61986
VANS AIRCRAFT RV6,01/26/2007,FRIEDEMANN JON,2025,0,19.616666666666667,13161.18252
